{"stats":{"minecraft:crafted":{"minecraft:grindstone":1,"minecraft:oak_planks":2796,"fantasyfurniture:furniture_station":1,"minecraft:stone":3,"minecraft:diamond_shovel":4,"sophisticatedbackpacks:crafting_upgrade":1,"minecraft:hopper":2,"minecraft:diamond_helmet":2,"minecraft:bow":2,"minecraft:diamond_leggings":2,"minecraft:chest":8,"minecraft:oak_slab":6,"minecraft:emerald":688,"minecraft:arrow":64,"minecraft:diamond_axe":4,"minecraft:crafting_table":4,"minecraft:spruce_planks":7120,"minecraft:wooden_pickaxe":1,"minecraft:chainmail_chestplate":5,"minecraft:fletching_table":4,"minecraft:birch_planks":384,"sophisticatedbackpacks:upgrade_base":2,"minecraft:tropical_fish_bucket":1,"minecraft:lectern":1,"minecraft:iron_chestplate":1,"minecraft:diamond_pickaxe":2,"minecraft:shield":10,"minecraft:stick":19615,"minecraft:stone_slab":6,"minecraft:iron_pickaxe":2,"minecraft:gold_ingot":1,"minecraft:spruce_fence_gate":5,"minecraft:shears":1,"minecraft:spruce_button":64,"minecraft:furnace":2,"minecraft:bone_meal":234,"minecraft:spruce_fence":69,"minecraft:andesite_wall":24,"minecraft:flint_and_steel":1,"minecraft:scaffolding":18,"minecraft:leather":1,"minecraft:iron_axe":14,"simplyswords:diamond_warglaive":1,"minecraft:iron_hoe":1,"minecraft:stone_pickaxe":1,"minecraft:diamond_boots":2,"minecraft:chainmail_leggings":6,"minecraft:wheat":297,"sophisticatedbackpacks:iron_backpack":1,"minecraft:diamond_sword":2,"minecraft:spruce_sign":6,"simplyswords:iron_chakram":1,"minecraft:iron_sword":1,"sophisticatedbackpacks:gold_backpack":1,"minecraft:bucket":1,"minecraft:stone_axe":12,"minecraft:enchanted_book":8,"minecraft:bread":64,"minecraft:air":0,"minecraft:oak_fence_gate":1,"minecraft:chainmail_boots":6,"minecraft:iron_shovel":2,"minecraft:torch":44,"minecraft:diamond_chestplate":2},"minecraft:dropped":{"sophisticatedbackpacks:upgrade_base":2,"minecraft:diamond_axe":1,"minecraft:baked_potato":1,"minecraft:diamond":1,"minecraft:crossbow":1,"minecraft:sheaf_pottery_sherd":5,"minecraft:cobblestone_stairs":9,"minecraft:emerald":3,"minecraft:dirt":4,"tombstone:bag_of_seeds":1,"minecraft:sand":64,"minecraft:tropical_fish_bucket":1,"minecraft:oak_door":2,"minecraft:stone_axe":19,"minecraft:sugar_cane":1,"minecraft:wheat":300,"born_in_chaos_v1:ethereal_spirit":1,"minecraft:beetroot":1,"minecraft:rotten_flesh":14,"minecraft:oak_planks":1,"minecraft:diamond_shovel":1,"minecraft:salmon":2,"minecraft:carrot":293,"minecraft:chainmail_chestplate":3,"minecraft:poppy":20,"born_in_chaos_v1:chipped_black_argillite_brick":1,"minecraft:beetroot_seeds":3,"born_in_chaos_v1:corpse_maggot":1,"minecraft:leather_boots":3,"minecraft:chainmail_boots":1,"minecraft:snort_pottery_sherd":1,"minecraft:iron_bars":1,"minecraft:arrow":32,"immersiveengineering:seed":158,"minecraft:lectern":1,"minecraft:bread":34,"minecraft:shelter_pottery_sherd":1,"minecraft:wheat_seeds":249,"minecraft:golden_helmet":2,"simplyswords:iron_chakram":1,"minecraft:mossy_cobblestone":3,"minecraft:diamond_leggings":1,"minecraft:poisonous_potato":1,"minecraft:cobblestone":603,"minecraft:lead":1,"simplyswords:diamond_warglaive":1,"minecraft:oxeye_daisy":2,"born_in_chaos_v1:river_mint":3,"minecraft:diamond_helmet":1,"tombstone:grave_dust":1,"minecraft:oak_stairs":2,"minecraft:white_banner":2,"minecraft:iron_axe":4,"minecraft:angler_pottery_sherd":1,"minecraft:iron_shovel":1,"minecraft:chainmail_leggings":1,"minecraft:paper":3,"minecraft:string":9,"minecraft:spruce_sapling":34,"minecraft:dandelion":5,"born_in_chaos_v1:rotten_fish":2,"minecraft:iron_hoe":1,"minecraft:stone_slab":5,"minecraft:diamond_sword":1,"minecraft:potato":56,"minecraft:diamond_chestplate":1,"minecraft:oak_sapling":65,"minecraft:diamond_boots":1,"minecraft:bow":1,"minecraft:stone_pickaxe":3},"minecraft:mined":{"minecraft:spruce_planks":31,"minecraft:white_bed":29,"minecraft:oak_sapling":17,"minecraft:farmland":1,"minecraft:cobblestone_stairs":6,"minecraft:brewing_stand":3,"minecraft:spruce_trapdoor":8,"minecraft:grass_block":5468,"minecraft:composter":4,"minecraft:hopper":2,"minecraft:spawner":1,"minecraft:iron_ore":12,"minecraft:fire":11,"minecraft:fletching_table":26,"minecraft:azure_bluet":1,"minecraft:brown_bed":4,"minecraft:dirt_path":84,"minecraft:water_cauldron":1,"minecraft:iron_bars":1,"minecraft:oak_stairs":1,"minecraft:black_candle":2,"minecraft:red_bed":41,"minecraft:clay":8,"minecraft:torch":11,"minecraft:blast_furnace":4,"minecraft:poppy":2,"minecraft:chest":6,"minecraft:spruce_wall_sign":5,"minecraft:cobblestone":203,"minecraft:damaged_anvil":1,"minecraft:oak_planks":158,"minecraft:sugar_cane":5,"minecraft:grindstone":4,"minecraft:spruce_sign":1,"minecraft:wall_torch":4,"minecraft:birch_sapling":5,"minecraft:skeleton_skull":1,"minecraft:yellow_wool":9,"minecraft:birch_log":10,"born_in_chaos_v1:river_mint":3,"minecraft:grass":611,"minecraft:oak_log":65,"minecraft:beetroots":1,"minecraft:oak_fence_gate":3,"minecraft:sand":78,"minecraft:dirt":2245,"minecraft:stonecutter":2,"minecraft:oak_leaves":5,"minecraft:mossy_cobblestone":3,"minecraft:oak_door":2,"fantasyfurniture:furniture_station":1,"minecraft:spruce_fence":15,"minecraft:decorated_pot":5,"minecraft:spruce_leaves":7,"born_in_chaos_v1:gnawed_bones":1,"minecraft:hay_block":33,"minecraft:oak_trapdoor":8,"minecraft:spruce_sapling":8,"minecraft:furnace":2,"minecraft:carrots":2,"minecraft:andesite":114,"minecraft:bell":3,"minecraft:vine":12,"minecraft:lantern":1,"minecraft:bamboo":4,"minecraft:stone":4385,"minecraft:white_wool":9,"immersiveengineering:ore_aluminum":16,"minecraft:smithing_table":4,"minecraft:oak_slab":6,"minecraft:scaffolding":22,"minecraft:glass_pane":3,"minecraft:dandelion":4,"minecraft:oak_fence":1,"minecraft:cornflower":1,"minecraft:crafting_table":9,"minecraft:lectern":570,"minecraft:andesite_wall":21,"minecraft:copper_ore":19,"minecraft:tall_grass":299,"born_in_chaos_v1:chipped_black_argillite_brick":1,"minecraft:coarse_dirt":11,"minecraft:sweet_berry_bush":1,"minecraft:spruce_log":92,"minecraft:white_wall_banner":1,"minecraft:yellow_bed":9,"minecraft:coal_ore":132,"minecraft:gravel":143,"minecraft:cobweb":6,"minecraft:spruce_fence_gate":3,"minecraft:fern":1},"minecraft:used":{"minecraft:iron_shovel":168,"minecraft:poppy":8,"minecraft:decorated_pot":4,"minecraft:chest":11,"minecraft:shield":6,"minecraft:iron_sword":146,"minecraft:bell":3,"minecraft:carrot":120,"minecraft:azure_bluet":2,"minecraft:milk_bucket":1,"born_in_chaos_v1:corpse_maggot":2,"born_in_chaos_v1:smoked_flesh":3,"minecraft:lava_bucket":15,"minecraft:item_frame":3,"minecraft:bow":158,"minecraft:sweet_berries":1,"minecraft:scaffolding":68,"minecraft:oak_sapling":24,"minecraft:furnace":2,"minecraft:potato":1,"minecraft:damaged_anvil":1,"minecraft:stone_pickaxe":67,"minecraft:oak_planks":147,"minecraft:wooden_pickaxe":22,"minecraft:composter":2,"minecraft:diamond_axe":1060,"minecraft:golden_apple":2,"minecraft:sand":2,"simplyswords:iron_chakram":4,"simplyswords:diamond_warglaive":49,"minecraft:blast_furnace":2,"minecraft:crossbow":2,"minecraft:shears":30,"croptopia:orange":11,"waystones:waystone":2,"minecraft:bread":37,"minecraft:lectern":570,"minecraft:gravel":80,"minecraft:diamond_sword":144,"minecraft:grindstone":5,"minecraft:smithing_table":4,"minecraft:andesite":65,"minecraft:birch_log":6,"minecraft:air":1,"minecraft:bone_meal":257,"minecraft:flint_and_steel":12,"minecraft:spruce_planks":161,"minecraft:cooked_chicken":1,"minecraft:torch":36,"minecraft:brewing_stand":2,"minecraft:dirt":2028,"minecraft:hopper":3,"minecraft:spruce_fence":74,"minecraft:oak_fence_gate":4,"minecraft:andesite_wall":55,"minecraft:iron_hoe":13,"minecraft:iron_axe":331,"minecraft:oak_stairs":2,"minecraft:totem_of_undying":1,"tombstone:gift":3,"minecraft:cooked_beef":12,"minecraft:brown_bed":4,"minecraft:cooked_mutton":7,"minecraft:water_bucket":12,"fantasyfurniture:venthyr/desk_left":1,"minecraft:baked_potato":34,"croptopia:apricot":4,"minecraft:spruce_sign":12,"minecraft:fletching_table":30,"minecraft:stonecutter":1,"minecraft:spruce_fence_gate":7,"minecraft:glow_item_frame":1,"croptopia:cherry":2,"minecraft:vine":4,"minecraft:oak_slab":8,"minecraft:red_bed":40,"minecraft:crafting_table":11,"minecraft:white_bed":29,"minecraft:spruce_log":185,"minecraft:oak_log":22,"minecraft:diamond_pickaxe":4425,"minecraft:apple":37,"minecraft:diamond_shovel":8288,"minecraft:iron_pickaxe":462,"minecraft:map":1,"minecraft:spruce_trapdoor":17,"minecraft:spruce_sapling":35,"minecraft:stone_axe":39,"fantasyfurniture:furniture_station":2,"minecraft:cobblestone":178,"minecraft:white_banner":1,"minecraft:cooked_porkchop":4,"minecraft:bucket":27,"minecraft:pumpkin_pie":3,"minecraft:yellow_bed":9},"minecraft:picked_up":{"minecraft:wheat":170,"minecraft:chainmail_boots":2,"minecraft:prismarine_shard":4,"minecraft:yellow_wool":7,"minecraft:smithing_table":4,"minecraft:lead":3,"minecraft:oak_stairs":4,"minecraft:brown_bed":4,"minecraft:potion":5,"minecraft:brewing_stand":2,"minecraft:string":23,"minecraft:raw_copper":53,"minecraft:beetroot":1,"minecraft:spruce_planks":47,"minecraft:iron_pickaxe":1,"born_in_chaos_v1:stimulating_decoction":1,"minecraft:furnace":2,"minecraft:tipped_arrow":8,"minecraft:golden_helmet":2,"minecraft:stick":304,"minecraft:sheaf_pottery_sherd":5,"minecraft:composter":4,"minecraft:oak_fence":1,"minecraft:torch":20,"tombstone:grave_dust":13,"minecraft:vine":12,"minecraft:cauldron":1,"fantasyfurniture:furniture_station":1,"minecraft:andesite_wall":16,"simplyswords:diamond_warglaive":1,"minecraft:rotten_flesh":42,"minecraft:iron_bars":1,"minecraft:cod":1,"alexsmobs:flying_fish":1,"minecraft:cobblestone":1559,"minecraft:nautilus_shell":1,"minecraft:birch_log":102,"minecraft:cooked_beef":2,"born_in_chaos_v1:spiritual_dust":3,"minecraft:andesite":111,"minecraft:potato":56,"minecraft:flint":14,"minecraft:lapis_lazuli":1,"minecraft:dirt":2223,"minecraft:leather_boots":2,"minecraft:bone":40,"minecraft:stonecutter":2,"minecraft:wheat_seeds":485,"minecraft:raw_gold":2,"minecraft:bell":3,"minecraft:grindstone":4,"minecraft:fletching_table":26,"minecraft:bamboo":36,"croptopia:roe":2,"minecraft:oak_planks":158,"minecraft:cooked_porkchop":4,"minecraft:poisonous_potato":3,"immersiveengineering:raw_aluminum":16,"minecraft:sand":75,"minecraft:ink_sac":1,"minecraft:grass_block":2,"minecraft:dark_oak_log":2,"minecraft:mossy_cobblestone":6,"minecraft:bundle":2,"croptopia:cherry":2,"minecraft:spruce_fence_gate":2,"born_in_chaos_v1:fire_dust":1,"minecraft:diamond":3,"minecraft:angler_pottery_sherd":2,"waystones:waystone":2,"minecraft:crossbow":2,"minecraft:bone_meal":16,"minecraft:golden_apple":2,"minecraft:emerald":58,"minecraft:spruce_sign":4,"minecraft:bread":8,"minecraft:oak_sapling":264,"born_in_chaos_v1:rotten_fish":19,"born_in_chaos_v1:sea_terror_stomach":1,"minecraft:crimson_roots":1,"minecraft:coarse_dirt":5,"minecraft:shelter_pottery_sherd":2,"minecraft:crafting_table":9,"minecraft:azure_bluet":2,"croptopia:peach":10,"born_in_chaos_v1:river_mint":4,"minecraft:clay_ball":43,"born_in_chaos_v1:seedof_chaos":3,"minecraft:brown_mushroom":4,"minecraft:cornflower":1,"minecraft:oak_trapdoor":8,"minecraft:red_bed":41,"minecraft:iron_axe":5,"minecraft:item_frame":3,"born_in_chaos_v1:intoxicating_decoction":1,"born_in_chaos_v1:gnawed_bones":1,"minecraft:poppy":39,"minecraft:lectern":571,"minecraft:sugar_cane":11,"minecraft:chest":6,"minecraft:birch_sapling":16,"minecraft:spruce_trapdoor":8,"minecraft:egg":1,"minecraft:raw_iron":12,"minecraft:oak_door":3,"minecraft:glow_item_frame":1,"minecraft:spruce_fence":15,"sophisticatedbackpacks:backpack":1,"born_in_chaos_v1:pieceofdarkmetal":6,"minecraft:carrot":353,"minecraft:prismarine_crystals":2,"minecraft:arrow":27,"minecraft:decorated_pot":4,"minecraft:beetroot_seeds":3,"minecraft:hay_block":33,"born_in_chaos_v1:spiny_shell":1,"minecraft:totem_of_undying":2,"sophisticatedbackpacks:copper_backpack":1,"minecraft:mutton":3,"minecraft:skeleton_skull":1,"minecraft:white_wool":10,"minecraft:oxeye_daisy":2,"born_in_chaos_v1:corpse_maggot":6,"minecraft:salmon":2,"minecraft:leather":2,"minecraft:oak_log":739,"minecraft:chainmail_chestplate":3,"minecraft:yellow_bed":9,"minecraft:gunpowder":4,"minecraft:cobblestone_stairs":9,"minecraft:paper":3,"minecraft:white_banner":5,"tombstone:gift":1,"minecraft:cooked_mutton":11,"sophisticatedbackpacks:upgrade_base":1,"minecraft:apple":31,"minecraft:cooked_chicken":1,"minecraft:iron_ingot":85,"minecraft:oak_fence_gate":3,"minecraft:stone_pickaxe":2,"born_in_chaos_v1:chipped_black_argillite_brick":2,"tombstone:bag_of_seeds":2,"minecraft:book":2,"minecraft:scaffolding":50,"minecraft:oak_slab":6,"minecraft:black_candle":5,"croptopia:apricot":11,"minecraft:sweet_berries":2,"born_in_chaos_v1:orbofthe_summoner":1,"born_in_chaos_v1:ethereal_spirit":1,"minecraft:dandelion":13,"minecraft:gravel":83,"minecraft:spruce_sapling":161,"minecraft:blast_furnace":6,"minecraft:white_bed":29,"minecraft:spruce_log":1965,"minecraft:spider_eye":3,"minecraft:pumpkin_seeds":4,"minecraft:slime_ball":1,"minecraft:snort_pottery_sherd":1,"immersiveengineering:seed":204,"minecraft:stone_axe":11,"minecraft:chainmail_leggings":1,"croptopia:orange":19,"minecraft:scute":1,"minecraft:baked_potato":35,"tombstone:magic_scroll":2,"minecraft:damaged_anvil":1,"minecraft:coal":149,"minecraft:hopper":2,"minecraft:ender_pearl":3},"minecraft:broken":{"minecraft:diamond_shovel":2,"minecraft:diamond_pickaxe":1,"minecraft:stone_axe":1,"minecraft:crossbow":1,"minecraft:diamond_axe":1,"minecraft:iron_axe":6,"minecraft:iron_pickaxe":1},"minecraft:killed":{"minecraft:cave_spider":4,"minecraft:witch":1,"born_in_chaos_v1:zombie_lumberjack":1,"born_in_chaos_v1:door_knight_not_despawn":1,"minecraft:spider":15,"born_in_chaos_v1:baby_skeleton_minion":7,"minecraft:skeleton":11,"born_in_chaos_v1:supreme_bonescaller_stage_2":1,"born_in_chaos_v1:firelight_not_despawn":1,"minecraft:zombie_villager":1,"minecraft:iron_golem":16,"minecraft:creeper":7,"minecraft:sheep":2,"minecraft:trader_llama":2,"born_in_chaos_v1:zombie_fisherman":1,"minecraft:pillager":19,"minecraft:zombie":18,"minecraft:stray":6,"minecraft:vex":1,"minecraft:evoker":1,"minecraft:vindicator":9,"born_in_chaos_v1:zombie_bruiser":1,"born_in_chaos_v1:maggot":8,"minecraft:drowned":1,"born_in_chaos_v1:barrel_zombie":2,"born_in_chaos_v1:bone_imp_minion":1,"born_in_chaos_v1:baby_skeleton":4,"minecraft:wandering_trader":1,"minecraft:ravager":4,"born_in_chaos_v1:decrepit_skeleton":5,"born_in_chaos_v1:bloody_gadfly":1,"born_in_chaos_v1:dark_vortex":1,"born_in_chaos_v1:bonescaller_not_despawn":2,"born_in_chaos_v1:decaying_zombie_not_despawn":1,"minecraft:enderman":3},"minecraft:custom":{"minecraft:interact_with_crafting_table":53,"minecraft:open_barrel":36,"minecraft:bell_ring":21,"minecraft:leave_game":5,"minecraft:time_since_death":460233,"minecraft:sprint_one_cm":2293577,"minecraft:damage_blocked_by_shield":315,"minecraft:drop":179,"minecraft:talked_to_villager":792,"minecraft:play_time":739479,"minecraft:deaths":4,"minecraft:jump":12037,"minecraft:interact_with_brewingstand":2,"minecraft:walk_on_water_one_cm":80955,"minecraft:interact_with_furnace":10,"minecraft:traded_with_villager":773,"minecraft:sleep_in_bed":20,"minecraft:waystone_activated":2,"minecraft:damage_dealt":35377,"minecraft:crouch_one_cm":354868,"tombstone:undead_killed":64,"tombstone:villager_killed":1,"minecraft:interact_with_anvil":18,"minecraft:mob_kills":164,"minecraft:inspect_hopper":18,"minecraft:damage_dealt_resisted":1057,"minecraft:climb_one_cm":78371,"minecraft:walk_one_cm":1725708,"minecraft:damage_dealt_absorbed":79,"minecraft:raid_win":1,"minecraft:sneak_time":80304,"minecraft:walk_under_water_one_cm":27599,"minecraft:total_world_time":739642,"tombstone:raider_killed":34,"minecraft:raid_trigger":1,"minecraft:interact_with_stonecutter":1,"minecraft:interact_with_grindstone":5,"minecraft:time_since_rest":60035,"minecraft:damage_absorbed":80,"minecraft:damage_taken":6243,"minecraft:swim_one_cm":75564,"minecraft:fly_one_cm":3173286,"minecraft:open_chest":309,"minecraft:fall_one_cm":287592}},"DataVersion":3465}