{"stats":{"minecraft:killed_by":{"born_in_chaos_v1:nightmare_stalker":1,"minecraft:vex":1,"born_in_chaos_v1:lifestealer_true_form":1,"born_in_chaos_v1:firelight":1,"cataclysm:netherite_monstrosity":1,"minecraft:wither_skeleton":2,"minecraft:creeper":1,"alexsmobs:dropbear":2,"minecraft:player":2,"minecraft:enderman":1,"mowziesmobs:ferrous_wroughtnaut":1,"minecraft:skeleton":1},"minecraft:used":{"minecraft:moss_block":2,"sophisticatedbackpacks:copper_backpack":4,"minecraft:spruce_slab":412,"minecraft:ladder":4,"minecraft:poppy":9,"minecraft:chest":59,"minecraft:stone":1,"mcwfences:wooden_cheval_de_frise":4,"born_in_chaos_v1:soul_cutlass":15,"minecraft:snowball":7,"minecraft:azure_bluet":2,"minecraft:stripped_spruce_log":18,"cataclysm:infernal_forge":3,"minecraft:spruce_boat":6,"born_in_chaos_v1:smoked_flesh":3,"minecraft:lava_bucket":15,"minecraft:dark_oak_slab":585,"minecraft:snow":61,"minecraft:bow":485,"storagedrawers:spruce_trim":110,"minecraft:furnace":3,"minecraft:sweet_berries":1,"minecraft:oak_sapling":24,"minecraft:potato":9,"mcwwindows:spruce_log_parapet":14,"minecraft:damaged_anvil":4,"minecraft:blackstone":68,"minecraft:wooden_pickaxe":22,"storagedrawers:spruce_full_drawers_2":1,"minecraft:composter":2,"storagedrawers:spruce_full_drawers_1":10,"elevatorid:elevator_white":4,"minecraft:golden_apple":2,"minecraft:sand":13,"simplyswords:diamond_warglaive":1453,"minecraft:blast_furnace":3,"croptopia:orange":17,"minecraft:lectern":1764,"minecraft:diamond_sword":144,"minecraft:smithing_table":6,"minecraft:birch_log":6,"minecraft:oak_boat":10,"chipped:carpenters_table":2,"born_in_chaos_v1:dark_ritual_dagger":2,"minecraft:oak_trapdoor":1,"camera:image_frame":3,"born_in_chaos_v1:fried_maggot":23,"minecraft:torch":737,"minecraft:netherrack":869,"minecraft:brewing_stand":6,"minecraft:warped_wart_block":3,"minecraft:twisting_vines":8,"minecraft:nether_brick_stairs":1,"minecraft:oak_fence_gate":4,"minecraft:iron_axe":584,"storagedrawers:controller":11,"mcwfences:spruce_picket_fence":23,"minecraft:totem_of_undying":2,"minecraft:barrel":7,"minecraft:bamboo":5,"minecraft:diamond_chestplate":3,"minecraft:glowstone":2,"tombstone:gift":6,"minecraft:cobbled_deepslate":2,"sophisticatedbackpacks:gold_backpack":7,"minecraft:water_bucket":114,"fantasyfurniture:venthyr/desk_left":1,"storagedrawers:spruce_full_drawers_4":50,"minecraft:fletching_table":49,"minecraft:spruce_fence_gate":43,"minecraft:polished_blackstone_bricks":13,"minecraft:vine":4,"minecraft:rail":16,"minecraft:red_bed":53,"minecraft:tnt":2,"minecraft:crafting_table":12,"minecraft:oak_slab":8,"minecraft:white_bed":35,"mcwwindows:spruce_curtain_rod":2,"minecraft:campfire":74,"minecraft:dark_oak_fence_gate":3,"cataclysm:stone_tile_stairs":38,"minecraft:spruce_log":3444,"minecraft:oak_log":24,"minecraft:diamond_pickaxe":25719,"minecraft:diamond_shovel":14067,"minecraft:iron_pickaxe":462,"born_in_chaos_v1:staffofthe_summoner":1,"tombstone:magic_scroll":11,"minecraft:spruce_trapdoor":459,"minecraft:spruce_sapling":155,"minecraft:cobblestone":939,"fantasyfurniture:furniture_station":2,"minecraft:potion":3,"minecraft:cooked_porkchop":4,"minecraft:repeating_command_block":1,"minecraft:brush":4,"mcwfences:spruce_stockade_fence":83,"minecraft:cherry_sapling":4,"minecraft:iron_shovel":354,"born_in_chaos_v1:intoxicating_decoction":1,"minecraft:decorated_pot":4,"minecraft:shield":6,"minecraft:iron_sword":146,"minecraft:nether_wart":1,"tombstone:lollipop":7,"minecraft:bell":3,"minecraft:spruce_leaves":2761,"minecraft:nether_bricks":13,"minecraft:carrot":275,"cataclysm:stone_tiles":496,"minecraft:big_dripleaf":2,"minecraft:obsidian":6,"minecraft:milk_bucket":2,"born_in_chaos_v1:corpse_maggot":2,"minecraft:glass":340,"minecraft:coal_ore":13,"minecraft:lantern":33,"minecraft:hopper_minecart":5,"born_in_chaos_v1:gnawed_bones":2,"minecraft:item_frame":5,"minecraft:magma_block":2934,"minecraft:warped_fungus":1,"minecraft:written_book":5,"minecraft:scaffolding":1365,"cataclysm:stone_tile_slab":11,"minecraft:dark_oak_sapling":12,"minecraft:dark_oak_stairs":80,"chipped:lumpy_stripped_spruce_log":2,"elevatorid:elevator_yellow":3,"minecraft:diamond_boots":1,"minecraft:stone_pickaxe":67,"minecraft:oak_planks":147,"minecraft:ender_pearl":10,"minecraft:blue_bed":1,"minecraft:sugar_cane":100,"minecraft:redstone_block":7,"minecraft:diamond_axe":6323,"simplyswords:iron_chakram":4,"minecraft:crossbow":4,"minecraft:shears":3218,"minecraft:redstone_torch":2,"waystones:waystone":2,"minecraft:dark_oak_log":50,"minecraft:bread":72,"minecraft:string":2,"tombstone:grave_key":19,"minecraft:gravel":94,"minecraft:grindstone":7,"minecraft:andesite":113,"minecraft:air":2,"minecraft:coarse_dirt":5,"minecraft:bone_meal":364,"minecraft:cobweb":43,"minecraft:oak_fence":2,"sophisticatedbackpacks:iron_backpack":11,"minecraft:flint_and_steel":17,"minecraft:stone_shovel":473,"minecraft:spruce_planks":5386,"minecraft:cooked_chicken":1,"minecraft:dirt":3053,"minecraft:white_carpet":6,"minecraft:hopper":24,"minecraft:spruce_stairs":688,"minecraft:cobblestone_wall":32,"minecraft:diamond_helmet":1,"minecraft:spruce_fence":660,"minecraft:andesite_wall":55,"minecraft:iron_hoe":13,"minecraft:dark_oak_planks":115,"elevatorid:elevator_purple":1,"chipped:patient_stripped_spruce_log":1,"minecraft:bookshelf":96,"minecraft:yellow_stained_glass":48,"minecraft:oak_stairs":2,"minecraft:minecart":242,"minecraft:cooked_beef":14,"minecraft:brown_bed":4,"minecraft:cooked_mutton":11,"minecraft:snow_block":1,"minecraft:glass_bottle":3,"minecraft:baked_potato":740,"croptopia:apricot":4,"minecraft:spruce_sign":12,"minecraft:stonecutter":3,"cataclysm:stone_tile_wall":59,"minecraft:warped_roots":3,"minecraft:glow_item_frame":1,"croptopia:cherry":2,"minecraft:painting":12,"tombstone:bag_of_seeds":1,"minecraft:piston":10,"minecraft:apple":60,"minecraft:command_block":2,"minecraft:map":1,"storagedrawers:controller_slave":5,"minecraft:stone_axe":48,"chipped:etched_stone_bricks":4,"minecraft:white_banner":1,"minecraft:bucket":134,"minecraft:chain_command_block":1,"minecraft:pumpkin_pie":3,"minecraft:yellow_bed":10,"alexsmobs:animal_dictionary":4,"minecraft:splash_potion":2},"minecraft:mined":{"minecraft:dark_oak_planks":3,"minecraft:white_bed":36,"cataclysm:stone_tiles":299,"minecraft:obsidian":10,"minecraft:red_sand":1,"minecraft:hopper":18,"minecraft:nether_wart":21,"minecraft:spawner":1,"minecraft:weeping_vines_plant":1,"minecraft:polished_blackstone_bricks":14,"minecraft:magma_block":4725,"minecraft:barrel":2,"minecraft:sticky_piston":2,"minecraft:fire":53,"immersiveengineering:deepslate_ore_silver":25,"minecraft:deepslate_lapis_ore":2,"minecraft:fletching_table":47,"minecraft:nether_brick_stairs":1,"immersiveengineering:deepslate_ore_nickel":7,"minecraft:twisting_vines":8,"mcwfences:wooden_cheval_de_frise":4,"croptopia:apple_crop":7,"minecraft:water_cauldron":1,"minecraft:dirt_path":347,"minecraft:oak_stairs":1,"minecraft:smooth_sandstone_stairs":2,"minecraft:tripwire":2,"minecraft:red_bed":53,"minecraft:crimson_nylium":43,"storagedrawers:controller":7,"minecraft:soul_fire":28,"minecraft:torch":47,"minecraft:blast_furnace":11,"minecraft:spruce_wall_sign":5,"minecraft:glass":3,"minecraft:sugar_cane":64,"minecraft:damaged_anvil":4,"minecraft:spruce_sign":1,"minecraft:birch_sapling":5,"minecraft:skeleton_skull":1,"minecraft:repeater":5,"minecraft:grass":1178,"minecraft:oak_fence_gate":3,"chipped:lumpy_stripped_spruce_log":1,"minecraft:stonecutter":4,"minecraft:yellow_stained_glass":4,"minecraft:piston":10,"mcwfences:spruce_picket_fence":21,"minecraft:deepslate":5,"croptopia:orange_crop":1,"minecraft:mossy_cobblestone":3,"minecraft:dark_oak_log":11,"minecraft:nether_bricks":784,"cataclysm:stone_tile_stairs":11,"minecraft:spruce_fence":163,"connectedglass:clear_glass":1,"minecraft:redstone_wire":11,"minecraft:moss_block":2,"storagedrawers:spruce_full_drawers_1":4,"born_in_chaos_v1:gnawed_bones":3,"minecraft:snow":19,"minecraft:andesite":166,"mcwfences:spruce_stockade_fence":21,"minecraft:vine":12,"minecraft:rail":10,"minecraft:warped_stem":2,"minecraft:bamboo":34,"minecraft:white_wool":9,"immersiveengineering:ore_aluminum":37,"minecraft:smithing_table":6,"minecraft:oak_slab":6,"minecraft:redstone_block":8,"minecraft:glass_pane":3,"minecraft:soul_sand":40,"minecraft:observer":1,"minecraft:dandelion":4,"minecraft:cornflower":2,"minecraft:deepslate_gold_ore":12,"minecraft:warped_roots":1,"minecraft:campfire":2,"chipped:carpenters_table":1,"minecraft:copper_ore":67,"minecraft:tall_grass":502,"minecraft:warped_wart_block":3,"minecraft:coarse_dirt":11,"minecraft:cobblestone_wall":2,"minecraft:white_carpet":2,"minecraft:spruce_log":1196,"storagedrawers:spruce_trim":35,"minecraft:gravel":254,"minecraft:cobweb":49,"minecraft:spruce_fence_gate":3,"minecraft:fern":1,"minecraft:spruce_planks":1019,"minecraft:oak_sapling":18,"minecraft:farmland":1,"minecraft:cobblestone_stairs":6,"sophisticatedbackpacks:gold_backpack":5,"minecraft:orange_stained_glass":2,"minecraft:brewing_stand":5,"minecraft:spruce_trapdoor":169,"minecraft:grass_block":8330,"sophisticatedbackpacks:iron_backpack":8,"minecraft:composter":4,"minecraft:gilded_blackstone":2,"immersiveengineering:deepslate_ore_uranium":13,"minecraft:glowstone":1,"minecraft:iron_ore":44,"connectedglass:clear_glass_red":1,"minecraft:azure_bluet":2,"minecraft:brown_bed":4,"minecraft:dark_oak_stairs":16,"minecraft:iron_bars":1,"minecraft:black_candle":2,"immersiveengineering:ore_lead":27,"sophisticatedbackpacks:copper_backpack":3,"minecraft:spruce_slab":132,"chipped:patient_stripped_spruce_log":1,"minecraft:blackstone":120,"minecraft:twisting_vines_plant":4,"minecraft:clay":8,"minecraft:poppy":4,"minecraft:chest":44,"minecraft:cobblestone":416,"minecraft:nether_quartz_ore":31,"minecraft:oak_planks":158,"minecraft:grindstone":6,"cataclysm:stone_tile_slab":3,"minecraft:wall_torch":8,"croptopia:nectarine_crop":2,"minecraft:warped_nylium":9,"minecraft:dark_oak_slab":88,"minecraft:yellow_wool":9,"minecraft:birch_log":10,"immersiveengineering:deepslate_ore_lead":26,"born_in_chaos_v1:river_mint":3,"minecraft:tnt":2,"minecraft:oak_log":69,"minecraft:beetroots":1,"minecraft:sand":408,"minecraft:dirt":4524,"minecraft:ancient_debris":6,"minecraft:netherrack":5525,"minecraft:oak_leaves":51,"minecraft:nether_gold_ore":61,"minecraft:deepslate_diamond_ore":21,"minecraft:oak_door":2,"minecraft:red_stained_glass":3,"fantasyfurniture:furniture_station":1,"born_in_chaos_v1:infected_diamond_ore":4,"minecraft:ladder":1,"cataclysm:stone_tile_wall":3,"minecraft:decorated_pot":5,"minecraft:spruce_leaves":3266,"elevatorid:elevator_yellow":1,"storagedrawers:spruce_full_drawers_2":1,"minecraft:hay_block":33,"minecraft:oak_trapdoor":9,"minecraft:spruce_sapling":13,"minecraft:furnace":3,"minecraft:carrots":2,"minecraft:nether_sprouts":2,"minecraft:dark_oak_fence_gate":3,"minecraft:stripped_spruce_log":69,"minecraft:gold_block":1,"minecraft:bell":3,"minecraft:bookshelf":96,"minecraft:lantern":3,"minecraft:stone":13179,"minecraft:podzol":1,"minecraft:scaffolding":397,"born_in_chaos_v1:marigolds":5,"minecraft:snow_block":52,"minecraft:stripped_dark_oak_log":2,"minecraft:oak_fence":1,"minecraft:crafting_table":10,"storagedrawers:controller_slave":5,"minecraft:lectern":1756,"minecraft:andesite_wall":21,"born_in_chaos_v1:chipped_black_argillite_brick":1,"minecraft:blue_bed":1,"mcwwindows:spruce_log_parapet":14,"minecraft:spruce_stairs":108,"minecraft:polished_blackstone_slab":1,"chipped:etched_stone_bricks":4,"minecraft:redstone_torch":2,"minecraft:sweet_berry_bush":1,"mcwwindows:spruce_curtain_rod":2,"minecraft:white_wall_banner":1,"minecraft:yellow_bed":10,"elevatorid:elevator_white":2,"minecraft:coal_ore":321,"storagedrawers:spruce_full_drawers_4":43},"minecraft:crafted":{"fantasyfurniture:furniture_station":1,"alexsmobs:animal_dictionary":1,"minecraft:blaze_powder":4,"sophisticatedbackpacks:crafting_upgrade":1,"minecraft:diamond_shovel":6,"minecraft:bookshelf":104,"mcwwindows:spruce_log_parapet":5,"minecraft:glass":250,"minecraft:diamond_helmet":4,"mcwfences:wooden_cheval_de_frise":4,"minecraft:diamond_leggings":3,"sophisticatedbackpacks:tank_upgrade":1,"camera:image":1,"minecraft:tipped_arrow":20,"minecraft:name_tag":16,"minecraft:emerald":3015,"minecraft:diamond_axe":11,"sophisticatedbackpacks:advanced_feeding_upgrade":1,"minecraft:clock":7,"minecraft:copper_ingot":60,"minecraft:sticky_piston":1,"minecraft:fletching_table":4,"minecraft:campfire":12,"minecraft:tropical_fish_bucket":1,"minecraft:lectern":5,"camera:camera":1,"minecraft:stone_slab":6,"sophisticatedbackpacks:auto_smelting_upgrade":1,"minecraft:compass":7,"minecraft:iron_pickaxe":2,"minecraft:gold_ingot":10,"minecraft:netherite_ingot":1,"minecraft:spruce_fence_gate":19,"storagedrawers:upgrade_template":12,"minecraft:golden_carrot":1,"minecraft:stone_shovel":5,"minecraft:experience_bottle":2,"storagedrawers:spruce_full_drawers_4":4,"minecraft:bone_meal":261,"minecraft:spruce_fence":81,"minecraft:andesite_wall":24,"sophisticatedbackpacks:advanced_pump_upgrade":1,"minecraft:lantern":36,"minecraft:spruce_stairs":8,"born_in_chaos_v1:stimulating_bomb":1,"simplyswords:diamond_warglaive":1,"minecraft:spruce_slab":36,"minecraft:ender_pearl":9,"minecraft:stone_pickaxe":11,"minecraft:diamond_boots":3,"minecraft:spruce_boat":3,"minecraft:dark_oak_planks":1864,"mcwwindows:spruce_curtain_rod":5,"minecraft:chainmail_leggings":6,"minecraft:wheat":297,"simplyswords:iron_chakram":1,"minecraft:blue_bed":2,"sophisticatedbackpacks:gold_backpack":3,"minecraft:glowstone":25,"minecraft:enchanted_book":58,"minecraft:oak_fence_gate":1,"minecraft:golden_apple":2,"minecraft:flint":64,"minecraft:chainmail_boots":6,"minecraft:fermented_spider_eye":2,"minecraft:iron_shovel":2,"camera:image_frame":1,"minecraft:grindstone":1,"minecraft:oak_planks":2940,"minecraft:stone":6,"minecraft:snow":108,"storagedrawers:spruce_trim":52,"sophisticatedbackpacks:void_upgrade":1,"born_in_chaos_v1:dark_metal_ingot":6,"minecraft:warped_planks":8,"minecraft:hopper":2,"minecraft:bow":7,"tombstone:grave_key":3,"minecraft:comparator":2,"minecraft:chest":8,"storagedrawers:controller_slave":1,"minecraft:oak_slab":6,"minecraft:arrow":384,"minecraft:crafting_table":4,"minecraft:spruce_planks":25464,"minecraft:baked_potato":163,"minecraft:wooden_pickaxe":1,"mcwfences:spruce_picket_fence":21,"minecraft:brush":1,"minecraft:chainmail_chestplate":5,"sophisticatedbackpacks:feeding_upgrade":1,"minecraft:brewing_stand":1,"minecraft:birch_planks":384,"sophisticatedbackpacks:upgrade_base":7,"minecraft:dispenser":1,"minecraft:spruce_trapdoor":2,"minecraft:dark_oak_slab":60,"sophisticatedbackpacks:xp_pump_upgrade":1,"minecraft:iron_chestplate":1,"minecraft:diamond_pickaxe":8,"minecraft:shield":10,"sophisticatedbackpacks:diamond_backpack":1,"minecraft:stick":51103,"minecraft:iron_ingot":39,"minecraft:snow_block":55,"minecraft:redstone_torch":7,"alexsmobs:mosquito_larva":1,"sophisticatedbackpacks:filter_upgrade":1,"minecraft:shears":15,"minecraft:nether_wart":74,"minecraft:redstone":49,"minecraft:coal":1,"minecraft:spruce_button":64,"minecraft:furnace":3,"minecraft:stone_button":1,"minecraft:piston":2,"minecraft:oak_trapdoor":2,"minecraft:glass_pane":16,"minecraft:flint_and_steel":1,"mcwfences:spruce_stockade_fence":54,"minecraft:scaffolding":18,"storagedrawers:controller":1,"minecraft:leather":3,"minecraft:iron_axe":21,"minecraft:iron_hoe":1,"minecraft:glowstone_dust":68,"minecraft:netherite_scrap":5,"storagedrawers:spruce_full_drawers_1":7,"minecraft:minecart":36,"sophisticatedbackpacks:iron_backpack":4,"minecraft:sugar":2,"minecraft:diamond_sword":2,"elevatorid:elevator_white":1,"minecraft:spruce_sign":6,"minecraft:dark_oak_stairs":40,"minecraft:iron_sword":1,"minecraft:bucket":2,"minecraft:stone_axe":12,"minecraft:air":0,"minecraft:bread":64,"minecraft:blue_dye":2,"sophisticatedbackpacks:pump_upgrade":1,"minecraft:gold_nugget":9,"minecraft:torch":408,"minecraft:lapis_lazuli":26,"minecraft:diamond_chestplate":2},"minecraft:dropped":{"sophisticatedbackpacks:upgrade_base":2,"minecraft:piston":1,"minecraft:glass_bottle":2,"minecraft:diamond":1,"minecraft:crafting_table":1,"elevatorid:elevator_white":1,"minecraft:crossbow":2,"minecraft:warped_roots":1,"minecraft:sheaf_pottery_sherd":5,"born_in_chaos_v1:pieceofdarkmetal":2,"minecraft:leather_helmet":2,"minecraft:emerald":195,"born_in_chaos_v1:monster_flesh":1,"minecraft:dirt":144,"minecraft:grass":6,"minecraft:yellow_dye":1,"minecraft:gold_nugget":19,"minecraft:phantom_membrane":2,"minecraft:sand":68,"minecraft:sugar":1,"minecraft:polished_blackstone_slab":1,"minecraft:bone":16,"minecraft:tropical_fish_bucket":1,"minecraft:oak_door":2,"minecraft:stone_axe":19,"minecraft:compass":7,"minecraft:sugar_cane":1,"minecraft:ancient_debris":1,"minecraft:wheat":304,"tombstone:gift":1,"camera:image":5,"minecraft:rotten_flesh":248,"minecraft:oak_planks":1,"minecraft:glowstone_dust":2,"minecraft:azure_bluet":1,"minecraft:salmon":8,"minecraft:leather_boots":5,"minecraft:snort_pottery_sherd":1,"minecraft:spruce_slab":5,"minecraft:glass":395,"minecraft:golden_boots":1,"minecraft:lectern":2,"minecraft:egg":1,"minecraft:enchanted_book":16,"born_in_chaos_v1:intoxicating_decoction":2,"minecraft:shelter_pottery_sherd":1,"minecraft:wheat_seeds":326,"simplyswords:iron_chakram":1,"minecraft:cobblestone":4093,"minecraft:book":5,"minecraft:apple":10,"born_in_chaos_v1:soul_cutlass":2,"minecraft:coal":8,"minecraft:oxeye_daisy":3,"minecraft:ink_sac":3,"minecraft:diamond_helmet":1,"minecraft:oak_stairs":2,"minecraft:white_banner":3,"minecraft:angler_pottery_sherd":1,"minecraft:chainmail_leggings":7,"minecraft:iron_shovel":1,"minecraft:paper":3,"minecraft:string":21,"minecraft:spruce_sapling":471,"minecraft:moss_carpet":3,"sophisticatedbackpacks:feeding_upgrade":1,"minecraft:stone_sword":1,"born_in_chaos_v1:rotten_fish":3,"minecraft:stone_shovel":1,"minecraft:stone_slab":5,"minecraft:name_tag":1,"minecraft:spruce_fence":2,"minecraft:nether_bricks":722,"minecraft:diamond_sword":1,"minecraft:big_dripleaf":1,"minecraft:potato":593,"minecraft:stone":8,"minecraft:spruce_trapdoor":1,"minecraft:spruce_planks":3,"minecraft:bundle":4,"minecraft:diamond_pickaxe":6,"minecraft:spider_eye":5,"minecraft:bamboo":2,"minecraft:red_sand":1,"sophisticatedbackpacks:copper_backpack":1,"minecraft:bow":2,"minecraft:magma_block":1,"minecraft:moss_block":6,"minecraft:brown_mushroom":3,"minecraft:diamond_axe":1,"minecraft:oak_log":3,"minecraft:baked_potato":57,"minecraft:dark_oak_sapling":12,"minecraft:leather":4,"minecraft:flint":1,"minecraft:cobblestone_stairs":9,"minecraft:spruce_leaves":18,"tombstone:bag_of_seeds":1,"minecraft:dark_oak_log":23,"born_in_chaos_v1:monster_skin":2,"minecraft:cornflower":1,"minecraft:crimson_roots":6,"minecraft:seagrass":4,"minecraft:snowball":2,"minecraft:polished_blackstone_bricks":2,"minecraft:gold_ingot":1,"minecraft:gravel":4,"minecraft:blackstone":45,"born_in_chaos_v1:fire_dust":20,"minecraft:smooth_sandstone_stairs":2,"born_in_chaos_v1:ethereal_spirit":1,"minecraft:cherry_sapling":7,"minecraft:beetroot":1,"minecraft:diamond_shovel":2,"minecraft:carrot":1069,"minecraft:chainmail_chestplate":8,"minecraft:poppy":456,"minecraft:leather_chestplate":1,"minecraft:gunpowder":7,"born_in_chaos_v1:chipped_black_argillite_brick":1,"minecraft:beetroot_seeds":3,"born_in_chaos_v1:corpse_maggot":24,"minecraft:azalea":1,"minecraft:chainmail_boots":3,"minecraft:iron_bars":1,"minecraft:arrow":121,"minecraft:scaffolding":22,"minecraft:oak_leaves":42,"immersiveengineering:seed":172,"minecraft:written_book":3,"minecraft:netherrack":3558,"minecraft:water_bucket":1,"minecraft:bread":34,"minecraft:golden_helmet":2,"minecraft:cherry_log":17,"minecraft:mossy_cobblestone":3,"minecraft:poisonous_potato":7,"minecraft:diamond_leggings":1,"minecraft:lead":1,"simplyswords:diamond_warglaive":1,"minecraft:stick":148,"minecraft:spruce_fence_gate":13,"born_in_chaos_v1:river_mint":3,"minecraft:torch":65,"born_in_chaos_v1:staffofthe_summoner":1,"alexsmobs:dropbear_claw":7,"croptopia:nectarine":2,"tombstone:grave_dust":21,"minecraft:iron_axe":14,"minecraft:bucket":1,"minecraft:dandelion":18,"mcwwindows:spruce_log_parapet":10,"minecraft:kelp":2,"alexsmobs:maggot":7,"minecraft:warped_nylium":1,"minecraft:nether_wart":76,"minecraft:raw_iron":4,"minecraft:iron_hoe":1,"immersiveengineering:shader":1,"minecraft:diamond_chestplate":1,"minecraft:oak_sapling":67,"minecraft:golden_sword":6,"minecraft:diamond_boots":1,"minecraft:spruce_log":129,"minecraft:stone_pickaxe":22,"sophisticatedbackpacks:tank_upgrade":1},"minecraft:custom":{"minecraft:interact_with_crafting_table":66,"minecraft:open_barrel":46,"goblintraders:trade_with_goblin":1208,"minecraft:bell_ring":21,"minecraft:leave_game":26,"minecraft:time_since_death":576791,"minecraft:damage_blocked_by_shield":315,"tombstone:eaten_lollipop":7,"minecraft:play_time":3673122,"minecraft:deaths":26,"minecraft:jump":53186,"minecraft:interact_with_furnace":182,"minecraft:traded_with_villager":2378,"minecraft:sleep_in_bed":61,"minecraft:waystone_activated":2,"minecraft:damage_dealt":138615,"tombstone:undead_killed":415,"minecraft:interact_with_smithing_table":1,"minecraft:interact_with_anvil":94,"minecraft:inspect_hopper":59,"minecraft:damage_dealt_absorbed":419,"minecraft:sneak_time":449660,"minecraft:interact_with_blast_furnace":7,"minecraft:total_world_time":3673285,"tombstone:raider_killed":112,"minecraft:interact_with_stonecutter":8,"minecraft:time_since_rest":57359,"minecraft:swim_one_cm":142017,"minecraft:fly_one_cm":12731251,"minecraft:open_chest":1407,"minecraft:fall_one_cm":1255572,"minecraft:animals_bred":7,"minecraft:damage_resisted":149,"minecraft:sprint_one_cm":9923299,"minecraft:drop":870,"minecraft:talked_to_villager":2669,"minecraft:interact_with_brewingstand":17,"minecraft:walk_on_water_one_cm":110055,"minecraft:player_kills":2,"minecraft:crouch_one_cm":2176012,"tombstone:villager_killed":3,"minecraft:mob_kills":1574,"minecraft:damage_dealt_resisted":7696,"minecraft:climb_one_cm":671353,"minecraft:walk_one_cm":7804520,"minecraft:raid_win":2,"minecraft:walk_under_water_one_cm":48356,"minecraft:boat_one_cm":20,"minecraft:raid_trigger":2,"minecraft:interact_with_grindstone":11,"minecraft:damage_taken":37010,"minecraft:damage_absorbed":80},"minecraft:picked_up":{"minecraft:seagrass":8,"minecraft:chainmail_boots":2,"minecraft:prismarine_shard":4,"minecraft:smithing_table":6,"minecraft:lead":7,"minecraft:oak_stairs":4,"minecraft:brown_bed":4,"minecraft:enchanted_book":3,"minecraft:brewing_stand":4,"minecraft:golden_sword":9,"minecraft:string":101,"minecraft:pufferfish":1,"minecraft:beetroot":1,"minecraft:diamond_leggings":1,"minecraft:gold_nugget":336,"minecraft:cobbled_deepslate":5,"minecraft:spruce_planks":1093,"minecraft:written_book":2,"minecraft:hopper_minecart":5,"minecraft:golden_helmet":2,"immersiveengineering:shader_bag_epic":1,"minecraft:sheaf_pottery_sherd":5,"born_in_chaos_v1:shattered_skull":3,"minecraft:composter":4,"minecraft:big_dripleaf":3,"born_in_chaos_v1:pileof_dark_metal":1,"minecraft:cherry_log":17,"minecraft:cauldron":1,"minecraft:stone_sword":2,"minecraft:tropical_fish":11,"minecraft:blackstone_wall":1,"elevatorid:elevator_yellow":3,"minecraft:blaze_rod":25,"minecraft:iron_bars":1,"minecraft:snowball":229,"alexsmobs:flying_fish":2,"minecraft:birch_log":102,"minecraft:magma_block":4484,"minecraft:feather":2,"minecraft:cooked_beef":2,"born_in_chaos_v1:spiritual_dust":3,"chipped:etched_stone_bricks":4,"minecraft:flint":24,"cataclysm:stone_tile_slab":3,"minecraft:lantern":17,"minecraft:twisting_vines":8,"born_in_chaos_v1:marigolds":4,"minecraft:stonecutter":4,"minecraft:glowstone_dust":9,"minecraft:moss_block":18,"croptopia:roe":23,"cataclysm:stone_tile_wall":10,"immersiveengineering:raw_uranium":28,"minecraft:warped_wart_block":3,"minecraft:stripped_spruce_log":83,"sophisticatedbackpacks:iron_backpack":10,"minecraft:ink_sac":4,"minecraft:dark_oak_log":837,"minecraft:barrel":2,"cataclysm:stone_tiles":482,"minecraft:bundle":14,"croptopia:cherry":2,"minecraft:angler_pottery_sherd":2,"immersiveengineering:raw_nickel":15,"minecraft:spruce_button":64,"minecraft:bread":72,"alexsmobs:maggot":10,"born_in_chaos_v1:rotten_fish":31,"minecraft:crimson_roots":7,"minecraft:diamond_pickaxe":2,"sophisticatedbackpacks:gold_backpack":7,"minecraft:spruce_leaves":3536,"minecraft:crafting_table":11,"minecraft:shelter_pottery_sherd":2,"minecraft:coarse_dirt":11,"minecraft:nether_wart":25,"minecraft:clay_ball":75,"cataclysm:stone_tile_stairs":63,"born_in_chaos_v1:seedof_chaos":6,"chipped:lumpy_stripped_spruce_log":1,"minecraft:cornflower":2,"minecraft:red_bed":53,"camera:image_frame":2,"born_in_chaos_v1:intoxicating_decoction":4,"minecraft:white_carpet":32,"minecraft:beef":4,"born_in_chaos_v1:gnawed_bones":5,"minecraft:poppy":45,"minecraft:spruce_slab":139,"minecraft:minecart":77,"minecraft:chest":67,"minecraft:birch_sapling":16,"minecraft:piston":12,"minecraft:egg":2,"minecraft:stone":1203,"minecraft:oak_door":3,"minecraft:glow_item_frame":1,"sophisticatedbackpacks:backpack":1,"minecraft:spruce_fence":178,"born_in_chaos_v1:pieceofdarkmetal":16,"minecraft:carrot":2317,"minecraft:redstone":10,"minecraft:prismarine_crystals":2,"minecraft:tnt":2,"minecraft:diamond_chestplate":1,"minecraft:decorated_pot":4,"minecraft:beetroot_seeds":3,"minecraft:shears":6,"minecraft:hay_block":33,"born_in_chaos_v1:dark_ritual_dagger":1,"storagedrawers:controller":7,"born_in_chaos_v1:spiny_shell":3,"tombstone:essence_of_undeath":1,"minecraft:gold_ingot":5,"minecraft:totem_of_undying":4,"sophisticatedbackpacks:copper_backpack":9,"minecraft:glow_berries":6,"minecraft:mutton":3,"minecraft:white_wool":10,"minecraft:rail":29,"minecraft:oxeye_daisy":3,"born_in_chaos_v1:monster_flesh":2,"minecraft:yellow_dye":1,"minecraft:blackstone_slab":2,"minecraft:oak_log":770,"minecraft:golden_boots":1,"minecraft:ancient_debris":6,"minecraft:blue_bed":1,"alexsmobs:mosquito_proboscis":1,"minecraft:paper":15,"tombstone:gift":1,"minecraft:white_banner":13,"sophisticatedbackpacks:upgrade_base":1,"born_in_chaos_v1:soul_cutlass":3,"minecraft:apple":59,"minecraft:kelp":5,"minecraft:warped_stem":2,"born_in_chaos_v1:smoked_flesh":8,"minecraft:oak_fence_gate":3,"minecraft:stone_pickaxe":11,"minecraft:cobweb":2,"tombstone:bag_of_seeds":3,"minecraft:glass_bottle":1,"minecraft:flowering_azalea":1,"minecraft:dark_oak_stairs":16,"elevatorid:elevator_white":4,"minecraft:milk_bucket":1,"minecraft:dark_oak_slab":94,"minecraft:sweet_berries":2,"storagedrawers:controller_slave":5,"born_in_chaos_v1:orbofthe_summoner":1,"born_in_chaos_v1:ethereal_spirit":2,"storagedrawers:spruce_full_drawers_2":1,"minecraft:gravel":167,"minecraft:spruce_sapling":777,"minecraft:spruce_log":12752,"minecraft:leather_helmet":3,"minecraft:slime_ball":10,"minecraft:snort_pottery_sherd":1,"immersiveengineering:seed":307,"minecraft:stone_axe":13,"croptopia:orange":25,"minecraft:painting":11,"minecraft:scute":1,"minecraft:warped_roots":4,"minecraft:baked_potato":616,"minecraft:warped_nylium":1,"immersiveengineering:raw_silver":57,"minecraft:hopper":38,"minecraft:ender_pearl":10,"minecraft:wheat":199,"cataclysm:monstrous_horn":1,"minecraft:redstone_block":9,"minecraft:nether_brick_fence":1,"minecraft:yellow_wool":7,"minecraft:potion":5,"minecraft:gilded_blackstone":6,"born_in_chaos_v1:bloody_gadfly_eye":1,"minecraft:raw_copper":234,"minecraft:sticky_piston":2,"alexsmobs:dropbear_claw":10,"immersiveengineering:raw_lead":117,"alexsmobs:blood_sac":2,"minecraft:red_sand":1,"minecraft:bucket":2,"storagedrawers:spruce_trim":39,"minecraft:redstone_torch":2,"minecraft:azalea":2,"minecraft:iron_pickaxe":1,"born_in_chaos_v1:stimulating_decoction":1,"minecraft:furnace":3,"minecraft:tipped_arrow":9,"minecraft:stick":1018,"minecraft:oak_fence":3,"minecraft:torch":62,"storagedrawers:spruce_full_drawers_4":43,"minecraft:spruce_stairs":107,"minecraft:porkchop":6,"tombstone:grave_dust":68,"minecraft:vine":12,"elevatorid:elevator_purple":1,"fantasyfurniture:furniture_station":1,"tombstone:lollipop":5,"mcwfences:spruce_picket_fence":20,"minecraft:andesite_wall":16,"simplyswords:diamond_warglaive":1,"minecraft:nether_gold_ore":2,"minecraft:rotten_flesh":355,"born_in_chaos_v1:sea_terror_eye":2,"minecraft:obsidian":10,"minecraft:cod":1,"minecraft:blaze_powder":3,"minecraft:cobblestone":7485,"minecraft:nautilus_shell":1,"minecraft:leather_chestplate":1,"minecraft:magma_cream":11,"minecraft:repeater":5,"croptopia:nectarine":2,"minecraft:andesite":162,"minecraft:potato":800,"minecraft:smooth_sandstone_stairs":2,"minecraft:wither_skeleton_skull":1,"minecraft:horn_coral":1,"minecraft:lapis_lazuli":56,"minecraft:dirt":6932,"born_in_chaos_v1:staffofthe_summoner":1,"born_in_chaos_v1:monster_skin":3,"minecraft:leather_boots":5,"minecraft:glass":395,"minecraft:bone":212,"minecraft:bow":2,"minecraft:wheat_seeds":641,"minecraft:raw_gold":32,"minecraft:bell":3,"minecraft:grindstone":6,"minecraft:fletching_table":47,"minecraft:bamboo":306,"camera:image":7,"minecraft:oak_planks":158,"chipped:patient_stripped_spruce_log":1,"minecraft:cooked_porkchop":4,"minecraft:poisonous_potato":9,"minecraft:polished_blackstone_slab":8,"minecraft:sand":401,"immersiveengineering:raw_aluminum":42,"minecraft:nether_brick_stairs":1,"minecraft:grass_block":3,"minecraft:mossy_cobblestone":6,"minecraft:spruce_fence_gate":26,"chipped:carpenters_table":2,"minecraft:sugar":17,"born_in_chaos_v1:fire_dust":42,"minecraft:diamond":46,"minecraft:spruce_boat":5,"waystones:waystone":2,"minecraft:crossbow":6,"minecraft:grass":6,"minecraft:bone_meal":18,"minecraft:golden_apple":4,"minecraft:spruce_sign":4,"minecraft:emerald":74,"minecraft:oak_sapling":275,"minecraft:netherrack":4523,"born_in_chaos_v1:sea_terror_stomach":1,"minecraft:oak_leaves":42,"minecraft:charcoal":4,"born_in_chaos_v1:diamond_termite_shard":5,"minecraft:chicken":1,"minecraft:azure_bluet":3,"minecraft:splash_potion":3,"born_in_chaos_v1:river_mint":5,"minecraft:ladder":1,"croptopia:peach":10,"minecraft:brown_mushroom":7,"minecraft:gold_block":1,"minecraft:brick":1,"minecraft:oak_trapdoor":8,"minecraft:moss_carpet":5,"minecraft:iron_axe":11,"minecraft:item_frame":6,"minecraft:blackstone":118,"mcwfences:spruce_stockade_fence":22,"minecraft:oak_boat":10,"minecraft:observer":1,"minecraft:lectern":1758,"minecraft:sugar_cane":131,"minecraft:spruce_trapdoor":201,"minecraft:phantom_membrane":3,"minecraft:dark_oak_sapling":16,"minecraft:raw_iron":45,"minecraft:copper_ingot":1,"mcwwindows:spruce_curtain_rod":2,"minecraft:polished_blackstone_bricks":15,"mcwwindows:spruce_log_parapet":19,"minecraft:dark_oak_planks":3,"minecraft:arrow":192,"minecraft:nether_bricks":737,"mcwfences:wooden_cheval_de_frise":4,"minecraft:saddle":3,"minecraft:skeleton_skull":1,"born_in_chaos_v1:corpse_maggot":61,"minecraft:crimson_stem":5,"minecraft:salmon":8,"minecraft:leather":9,"minecraft:chainmail_chestplate":3,"minecraft:yellow_bed":10,"minecraft:cobblestone_wall":2,"minecraft:gunpowder":25,"minecraft:cobblestone_stairs":9,"minecraft:cooked_mutton":11,"cataclysm:infernal_forge":1,"minecraft:iron_ingot":115,"minecraft:cooked_chicken":1,"born_in_chaos_v1:chipped_black_argillite_brick":3,"minecraft:soul_sand":40,"minecraft:book":312,"minecraft:scaffolding":1280,"minecraft:oak_slab":6,"minecraft:warped_fungus":1,"minecraft:black_candle":5,"croptopia:apricot":11,"born_in_chaos_v1:lifestealer_bone":3,"minecraft:quartz":31,"minecraft:dandelion":23,"minecraft:blast_furnace":13,"minecraft:white_bed":37,"minecraft:nether_brick_slab":4,"minecraft:dark_oak_fence_gate":3,"minecraft:spider_eye":24,"minecraft:pumpkin_seeds":4,"storagedrawers:spruce_full_drawers_1":3,"minecraft:chainmail_leggings":1,"minecraft:cherry_sapling":11,"tombstone:magic_scroll":8,"minecraft:damaged_anvil":4,"minecraft:coal":486},"minecraft:broken":{"minecraft:diamond_helmet":1,"minecraft:shears":14,"minecraft:diamond_shovel":2,"minecraft:diamond_pickaxe":1,"minecraft:crossbow":2,"minecraft:diamond_leggings":2,"minecraft:iron_axe":14,"minecraft:iron_pickaxe":1,"minecraft:diamond_boots":1,"minecraft:stone_axe":3,"minecraft:stone_shovel":1,"minecraft:diamond_chestplate":1,"minecraft:diamond_axe":7},"minecraft:killed":{"alexsmobs:lobster":1,"minecraft:cave_spider":6,"born_in_chaos_v1:mr_pumpkin":1,"born_in_chaos_v1:restless_spirit":2,"born_in_chaos_v1:zombie_lumberjack":3,"born_in_chaos_v1:skeleton_demoman":1,"born_in_chaos_v1:door_knight_not_despawn":1,"born_in_chaos_v1:siamese_skeletonsright":1,"born_in_chaos_v1:baby_skeleton_minion":7,"minecraft:skeleton":70,"minecraft:chicken":1,"born_in_chaos_v1:skeleton_thrasher":2,"born_in_chaos_v1:supreme_bonescaller_stage_2":1,"minecraft:magma_cube":49,"born_in_chaos_v1:bone_imp":29,"minecraft:iron_golem":17,"minecraft:pillager":56,"minecraft:zombie":136,"born_in_chaos_v1:corpse_fly":1,"born_in_chaos_v1:door_knight":3,"minecraft:cow":2,"minecraft:evoker":3,"minecraft:vindicator":20,"born_in_chaos_v1:firelight":16,"born_in_chaos_v1:barrel_zombie":9,"born_in_chaos_v1:bone_imp_minion":11,"minecraft:wandering_trader":3,"minecraft:ravager":7,"born_in_chaos_v1:decrepit_skeleton":14,"born_in_chaos_v1:bloody_gadfly":3,"born_in_chaos_v1:dark_vortex":1,"goblintraders:vein_goblin_trader":2,"minecraft:enderman":7,"born_in_chaos_v1:lifestealer_true_form":1,"born_in_chaos_v1:zombie_clown":2,"minecraft:witch":5,"minecraft:zombified_piglin":45,"minecraft:spider":45,"cataclysm:netherite_monstrosity":1,"born_in_chaos_v1:firelight_not_despawn":1,"minecraft:piglin":6,"minecraft:zombie_villager":4,"born_in_chaos_v1:diamond_termite":4,"born_in_chaos_v1:glutton_fish":1,"minecraft:creeper":21,"alexsmobs:crimson_mosquito":4,"minecraft:sheep":2,"minecraft:trader_llama":5,"born_in_chaos_v1:zombie_fisherman":1,"born_in_chaos_v1:dread_hound":5,"minecraft:stray":6,"minecraft:ghast":2,"alexsmobs:fly":3,"born_in_chaos_v1:siamese_skeletonsleft":1,"minecraft:blaze":25,"alexsmobs:dropbear":11,"minecraft:vex":3,"minecraft:slime":5,"minecraft:phantom":6,"born_in_chaos_v1:zombie_bruiser":2,"born_in_chaos_v1:maggot":89,"minecraft:drowned":1,"born_in_chaos_v1:corpse_fish":1,"born_in_chaos_v1:mr_pumpkin_controlled":1,"born_in_chaos_v1:baby_skeleton":6,"minecraft:bat":3,"minecraft:hoglin":1,"born_in_chaos_v1:bonescaller_not_despawn":2,"tombstone:spectral_wolf":2,"minecraft:wither_skeleton":47,"born_in_chaos_v1:decaying_zombie_not_despawn":1}},"DataVersion":3465}