{"stats":{"minecraft:crafted":{"fantasyfurniture:furniture_station":1,"minecraft:blaze_powder":2,"minecraft:diamond_shovel":6,"sophisticatedbackpacks:crafting_upgrade":1,"minecraft:bookshelf":9,"mcwwindows:spruce_log_parapet":5,"minecraft:glass":2,"minecraft:diamond_helmet":3,"mcwfences:wooden_cheval_de_frise":4,"minecraft:diamond_leggings":2,"camera:image":1,"minecraft:tipped_arrow":20,"minecraft:name_tag":1,"minecraft:emerald":1280,"minecraft:diamond_axe":7,"minecraft:copper_ingot":60,"minecraft:fletching_table":4,"minecraft:tropical_fish_bucket":1,"minecraft:lectern":3,"camera:camera":1,"minecraft:stone_slab":6,"minecraft:iron_pickaxe":2,"minecraft:gold_ingot":1,"minecraft:spruce_fence_gate":5,"minecraft:stone_shovel":3,"minecraft:bone_meal":252,"minecraft:spruce_fence":69,"minecraft:andesite_wall":24,"simplyswords:diamond_warglaive":1,"minecraft:spruce_slab":12,"minecraft:stone_pickaxe":1,"minecraft:diamond_boots":3,"minecraft:dark_oak_planks":1776,"mcwwindows:spruce_curtain_rod":5,"minecraft:chainmail_leggings":6,"minecraft:wheat":297,"simplyswords:iron_chakram":1,"sophisticatedbackpacks:gold_backpack":1,"minecraft:glowstone":17,"minecraft:enchanted_book":14,"minecraft:oak_fence_gate":1,"minecraft:flint":64,"minecraft:fermented_spider_eye":2,"minecraft:chainmail_boots":6,"minecraft:iron_shovel":2,"camera:image_frame":1,"minecraft:grindstone":1,"minecraft:oak_planks":2912,"minecraft:stone":4,"minecraft:hopper":2,"minecraft:bow":6,"tombstone:grave_key":2,"minecraft:chest":8,"minecraft:oak_slab":6,"minecraft:arrow":384,"minecraft:crafting_table":4,"minecraft:spruce_planks":15520,"minecraft:wooden_pickaxe":1,"minecraft:baked_potato":40,"minecraft:chainmail_chestplate":5,"minecraft:birch_planks":384,"sophisticatedbackpacks:upgrade_base":2,"minecraft:dark_oak_slab":6,"minecraft:iron_chestplate":1,"minecraft:diamond_pickaxe":4,"minecraft:shield":10,"minecraft:stick":37384,"minecraft:iron_ingot":4,"minecraft:shears":1,"minecraft:coal":1,"minecraft:redstone":20,"minecraft:spruce_button":64,"minecraft:stone_button":1,"minecraft:furnace":2,"minecraft:glass_pane":16,"minecraft:flint_and_steel":1,"mcwfences:spruce_stockade_fence":27,"minecraft:scaffolding":18,"minecraft:leather":1,"minecraft:iron_axe":14,"minecraft:iron_hoe":1,"minecraft:glowstone_dust":68,"sophisticatedbackpacks:iron_backpack":1,"minecraft:sugar":2,"minecraft:diamond_sword":2,"minecraft:spruce_sign":6,"minecraft:iron_sword":1,"minecraft:bucket":1,"minecraft:stone_axe":12,"minecraft:bread":64,"minecraft:air":0,"minecraft:torch":408,"minecraft:lapis_lazuli":14,"minecraft:diamond_chestplate":2},"minecraft:dropped":{"sophisticatedbackpacks:upgrade_base":2,"minecraft:diamond":1,"minecraft:crossbow":2,"minecraft:sheaf_pottery_sherd":5,"born_in_chaos_v1:pieceofdarkmetal":2,"minecraft:leather_helmet":1,"minecraft:emerald":66,"minecraft:dirt":17,"minecraft:sand":66,"minecraft:sugar":1,"minecraft:tropical_fish_bucket":1,"minecraft:bone":1,"minecraft:oak_door":2,"minecraft:stone_axe":19,"minecraft:sugar_cane":1,"minecraft:wheat":300,"tombstone:gift":1,"camera:image":4,"minecraft:rotten_flesh":43,"minecraft:oak_planks":1,"minecraft:salmon":2,"minecraft:leather_boots":5,"minecraft:snort_pottery_sherd":1,"minecraft:spruce_slab":5,"minecraft:lectern":2,"minecraft:enchanted_book":1,"minecraft:wheat_seeds":253,"minecraft:shelter_pottery_sherd":1,"simplyswords:iron_chakram":1,"minecraft:book":5,"minecraft:cobblestone":3622,"minecraft:oxeye_daisy":2,"minecraft:ink_sac":3,"minecraft:diamond_helmet":1,"minecraft:oak_stairs":2,"minecraft:white_banner":2,"minecraft:angler_pottery_sherd":1,"minecraft:string":9,"minecraft:chainmail_leggings":7,"minecraft:iron_shovel":1,"minecraft:paper":3,"minecraft:spruce_sapling":163,"minecraft:stone_sword":1,"minecraft:stone_shovel":1,"born_in_chaos_v1:rotten_fish":2,"minecraft:stone_slab":5,"minecraft:diamond_sword":1,"minecraft:potato":120,"minecraft:spruce_planks":1,"minecraft:diamond_pickaxe":1,"minecraft:spider_eye":4,"minecraft:bow":2,"minecraft:diamond_axe":1,"minecraft:baked_potato":39,"minecraft:cobblestone_stairs":9,"tombstone:bag_of_seeds":1,"minecraft:dark_oak_log":23,"minecraft:crimson_roots":2,"minecraft:seagrass":2,"minecraft:gravel":1,"minecraft:blackstone":6,"born_in_chaos_v1:ethereal_spirit":1,"minecraft:beetroot":1,"minecraft:diamond_shovel":1,"minecraft:carrot":706,"minecraft:chainmail_chestplate":8,"minecraft:poppy":20,"minecraft:gunpowder":6,"born_in_chaos_v1:chipped_black_argillite_brick":1,"minecraft:beetroot_seeds":3,"born_in_chaos_v1:corpse_maggot":5,"minecraft:chainmail_boots":3,"minecraft:iron_bars":1,"minecraft:arrow":114,"immersiveengineering:seed":162,"minecraft:written_book":2,"minecraft:netherrack":276,"minecraft:bread":34,"minecraft:golden_helmet":2,"minecraft:mossy_cobblestone":3,"minecraft:poisonous_potato":3,"minecraft:diamond_leggings":1,"minecraft:lead":1,"simplyswords:diamond_warglaive":1,"minecraft:stick":26,"born_in_chaos_v1:river_mint":3,"minecraft:torch":64,"born_in_chaos_v1:staffofthe_summoner":1,"alexsmobs:dropbear_claw":2,"tombstone:grave_dust":6,"minecraft:iron_axe":4,"minecraft:dandelion":11,"mcwwindows:spruce_log_parapet":10,"minecraft:kelp":2,"alexsmobs:maggot":7,"minecraft:iron_hoe":1,"minecraft:diamond_chestplate":1,"minecraft:oak_sapling":67,"minecraft:diamond_boots":1,"minecraft:spruce_log":128,"minecraft:stone_pickaxe":3},"minecraft:mined":{"minecraft:dark_oak_planks":2,"minecraft:white_bed":29,"minecraft:hopper":2,"minecraft:nether_wart":20,"minecraft:spawner":1,"minecraft:weeping_vines_plant":1,"minecraft:fire":19,"minecraft:fletching_table":45,"mcwfences:wooden_cheval_de_frise":4,"minecraft:water_cauldron":1,"minecraft:dirt_path":223,"minecraft:oak_stairs":1,"minecraft:red_bed":42,"minecraft:crimson_nylium":20,"minecraft:torch":23,"minecraft:blast_furnace":5,"minecraft:spruce_wall_sign":5,"minecraft:sugar_cane":17,"minecraft:damaged_anvil":2,"minecraft:spruce_sign":1,"minecraft:birch_sapling":5,"minecraft:skeleton_skull":1,"minecraft:grass":1032,"minecraft:oak_fence_gate":3,"chipped:lumpy_stripped_spruce_log":1,"minecraft:stonecutter":2,"minecraft:deepslate":1,"croptopia:orange_crop":1,"minecraft:mossy_cobblestone":3,"minecraft:dark_oak_log":3,"minecraft:nether_bricks":2,"minecraft:spruce_fence":15,"born_in_chaos_v1:gnawed_bones":1,"mcwfences:spruce_stockade_fence":18,"minecraft:andesite":127,"minecraft:vine":12,"minecraft:bamboo":4,"minecraft:white_wool":9,"immersiveengineering:ore_aluminum":29,"minecraft:smithing_table":6,"minecraft:oak_slab":6,"minecraft:glass_pane":3,"minecraft:dandelion":4,"minecraft:cornflower":1,"chipped:carpenters_table":1,"minecraft:tall_grass":460,"minecraft:copper_ore":58,"minecraft:warped_wart_block":1,"minecraft:coarse_dirt":11,"minecraft:spruce_log":493,"minecraft:gravel":242,"minecraft:cobweb":6,"minecraft:spruce_fence_gate":3,"minecraft:fern":1,"minecraft:spruce_planks":363,"minecraft:oak_sapling":18,"minecraft:farmland":1,"minecraft:cobblestone_stairs":6,"minecraft:brewing_stand":5,"minecraft:spruce_trapdoor":83,"minecraft:grass_block":7683,"minecraft:composter":4,"minecraft:iron_ore":14,"minecraft:azure_bluet":1,"minecraft:dark_oak_stairs":1,"minecraft:brown_bed":4,"minecraft:iron_bars":1,"minecraft:black_candle":2,"immersiveengineering:ore_lead":9,"minecraft:spruce_slab":14,"minecraft:blackstone":3,"chipped:patient_stripped_spruce_log":1,"minecraft:clay":8,"minecraft:poppy":2,"minecraft:chest":6,"minecraft:nether_quartz_ore":16,"minecraft:cobblestone":301,"minecraft:grindstone":5,"minecraft:oak_planks":158,"minecraft:wall_torch":6,"minecraft:dark_oak_slab":4,"minecraft:birch_log":10,"minecraft:yellow_wool":9,"born_in_chaos_v1:river_mint":3,"minecraft:oak_log":65,"minecraft:beetroots":1,"minecraft:sand":86,"minecraft:dirt":4045,"minecraft:netherrack":1064,"minecraft:oak_leaves":7,"minecraft:deepslate_diamond_ore":4,"minecraft:oak_door":2,"fantasyfurniture:furniture_station":1,"born_in_chaos_v1:infected_diamond_ore":4,"minecraft:decorated_pot":5,"minecraft:spruce_leaves":32,"minecraft:hay_block":33,"minecraft:oak_trapdoor":8,"minecraft:spruce_sapling":10,"minecraft:furnace":2,"minecraft:carrots":2,"minecraft:stripped_spruce_log":63,"minecraft:bell":3,"minecraft:bookshelf":3,"minecraft:lantern":1,"minecraft:stone":10866,"minecraft:scaffolding":22,"born_in_chaos_v1:marigolds":5,"minecraft:stripped_dark_oak_log":2,"minecraft:oak_fence":1,"minecraft:crafting_table":9,"minecraft:lectern":1047,"minecraft:andesite_wall":21,"born_in_chaos_v1:chipped_black_argillite_brick":1,"minecraft:spruce_stairs":4,"mcwwindows:spruce_log_parapet":14,"minecraft:sweet_berry_bush":1,"mcwwindows:spruce_curtain_rod":2,"minecraft:white_wall_banner":1,"minecraft:yellow_bed":9,"minecraft:coal_ore":247},"minecraft:used":{"minecraft:spruce_slab":17,"sophisticatedbackpacks:copper_backpack":2,"minecraft:poppy":8,"minecraft:chest":11,"mcwfences:wooden_cheval_de_frise":4,"minecraft:azure_bluet":2,"minecraft:stripped_spruce_log":3,"born_in_chaos_v1:smoked_flesh":3,"minecraft:lava_bucket":15,"minecraft:dark_oak_slab":4,"minecraft:bow":455,"minecraft:sweet_berries":1,"minecraft:furnace":2,"minecraft:oak_sapling":24,"minecraft:potato":7,"mcwwindows:spruce_log_parapet":14,"minecraft:damaged_anvil":2,"minecraft:wooden_pickaxe":22,"minecraft:composter":2,"minecraft:golden_apple":2,"minecraft:sand":13,"simplyswords:diamond_warglaive":697,"minecraft:blast_furnace":3,"croptopia:orange":17,"minecraft:lectern":1054,"minecraft:diamond_sword":144,"minecraft:smithing_table":6,"minecraft:birch_log":6,"chipped:carpenters_table":2,"born_in_chaos_v1:dark_ritual_dagger":2,"camera:image_frame":3,"minecraft:netherrack":457,"minecraft:torch":414,"minecraft:brewing_stand":5,"minecraft:warped_wart_block":1,"minecraft:oak_fence_gate":4,"minecraft:iron_axe":468,"minecraft:totem_of_undying":2,"minecraft:diamond_chestplate":1,"tombstone:gift":6,"minecraft:water_bucket":12,"fantasyfurniture:venthyr/desk_left":1,"minecraft:fletching_table":49,"minecraft:spruce_fence_gate":7,"minecraft:vine":4,"minecraft:oak_slab":8,"minecraft:crafting_table":11,"minecraft:red_bed":41,"mcwwindows:spruce_curtain_rod":2,"minecraft:white_bed":29,"minecraft:spruce_log":2179,"minecraft:oak_log":22,"minecraft:diamond_pickaxe":12331,"minecraft:diamond_shovel":12569,"minecraft:iron_pickaxe":462,"born_in_chaos_v1:staffofthe_summoner":1,"tombstone:magic_scroll":10,"minecraft:spruce_trapdoor":136,"minecraft:spruce_sapling":69,"fantasyfurniture:furniture_station":2,"minecraft:cobblestone":711,"minecraft:potion":3,"minecraft:cooked_porkchop":4,"mcwfences:spruce_stockade_fence":42,"minecraft:iron_shovel":168,"minecraft:decorated_pot":4,"minecraft:shield":6,"minecraft:iron_sword":146,"minecraft:bell":3,"minecraft:carrot":140,"minecraft:milk_bucket":1,"born_in_chaos_v1:corpse_maggot":2,"minecraft:item_frame":5,"minecraft:written_book":5,"minecraft:scaffolding":68,"minecraft:dark_oak_stairs":41,"chipped:lumpy_stripped_spruce_log":2,"minecraft:stone_pickaxe":67,"minecraft:oak_planks":147,"minecraft:diamond_axe":3370,"simplyswords:iron_chakram":4,"minecraft:crossbow":4,"minecraft:shears":30,"waystones:waystone":2,"minecraft:dark_oak_log":43,"minecraft:bread":72,"tombstone:grave_key":7,"minecraft:gravel":94,"minecraft:grindstone":6,"minecraft:andesite":65,"minecraft:air":2,"minecraft:bone_meal":277,"minecraft:flint_and_steel":16,"minecraft:stone_shovel":401,"minecraft:spruce_planks":1755,"minecraft:cooked_chicken":1,"minecraft:dirt":2477,"minecraft:hopper":3,"minecraft:spruce_stairs":28,"minecraft:spruce_fence":74,"minecraft:andesite_wall":55,"minecraft:iron_hoe":13,"minecraft:dark_oak_planks":106,"chipped:patient_stripped_spruce_log":1,"minecraft:bookshelf":3,"minecraft:oak_stairs":2,"minecraft:cooked_beef":14,"minecraft:brown_bed":4,"minecraft:cooked_mutton":11,"minecraft:glass_bottle":3,"minecraft:baked_potato":276,"croptopia:apricot":4,"minecraft:spruce_sign":12,"minecraft:stonecutter":1,"minecraft:glow_item_frame":1,"croptopia:cherry":2,"minecraft:apple":58,"minecraft:map":1,"minecraft:stone_axe":41,"minecraft:white_banner":1,"minecraft:bucket":27,"minecraft:yellow_bed":9,"minecraft:pumpkin_pie":3},"minecraft:picked_up":{"minecraft:seagrass":6,"minecraft:chainmail_boots":2,"minecraft:prismarine_shard":4,"minecraft:lead":7,"minecraft:smithing_table":6,"minecraft:oak_stairs":4,"minecraft:brown_bed":4,"minecraft:enchanted_book":1,"minecraft:brewing_stand":4,"minecraft:string":43,"minecraft:pufferfish":1,"minecraft:beetroot":1,"minecraft:diamond_leggings":1,"minecraft:cobbled_deepslate":1,"minecraft:spruce_planks":434,"minecraft:written_book":2,"minecraft:golden_helmet":2,"minecraft:sheaf_pottery_sherd":5,"minecraft:composter":4,"born_in_chaos_v1:pileof_dark_metal":1,"minecraft:cauldron":1,"minecraft:stone_sword":2,"minecraft:blaze_rod":4,"minecraft:iron_bars":1,"alexsmobs:flying_fish":1,"minecraft:birch_log":102,"minecraft:cooked_beef":2,"born_in_chaos_v1:spiritual_dust":3,"minecraft:flint":23,"born_in_chaos_v1:marigolds":4,"minecraft:stonecutter":2,"minecraft:glowstone_dust":7,"croptopia:roe":2,"minecraft:warped_wart_block":1,"minecraft:stripped_spruce_log":63,"minecraft:ink_sac":4,"minecraft:dark_oak_log":612,"minecraft:bundle":4,"croptopia:cherry":2,"minecraft:angler_pottery_sherd":2,"minecraft:bread":72,"alexsmobs:maggot":7,"born_in_chaos_v1:rotten_fish":30,"minecraft:crimson_roots":3,"minecraft:crafting_table":9,"minecraft:shelter_pottery_sherd":2,"minecraft:coarse_dirt":6,"minecraft:nether_wart":20,"minecraft:clay_ball":43,"born_in_chaos_v1:seedof_chaos":6,"chipped:lumpy_stripped_spruce_log":1,"minecraft:cornflower":1,"minecraft:red_bed":42,"camera:image_frame":2,"born_in_chaos_v1:intoxicating_decoction":1,"minecraft:beef":2,"born_in_chaos_v1:gnawed_bones":1,"minecraft:poppy":42,"minecraft:spruce_slab":18,"minecraft:chest":6,"minecraft:birch_sapling":16,"minecraft:egg":1,"minecraft:oak_door":3,"minecraft:glow_item_frame":1,"minecraft:spruce_fence":15,"sophisticatedbackpacks:backpack":1,"born_in_chaos_v1:pieceofdarkmetal":16,"minecraft:carrot":776,"minecraft:prismarine_crystals":2,"minecraft:diamond_chestplate":1,"minecraft:decorated_pot":4,"minecraft:beetroot_seeds":3,"minecraft:hay_block":33,"born_in_chaos_v1:spiny_shell":2,"born_in_chaos_v1:dark_ritual_dagger":1,"tombstone:essence_of_undeath":1,"minecraft:totem_of_undying":4,"sophisticatedbackpacks:copper_backpack":3,"minecraft:mutton":3,"minecraft:white_wool":10,"minecraft:oxeye_daisy":2,"minecraft:oak_log":750,"alexsmobs:mosquito_proboscis":1,"minecraft:paper":15,"tombstone:gift":1,"minecraft:white_banner":11,"sophisticatedbackpacks:upgrade_base":1,"minecraft:apple":39,"minecraft:kelp":5,"minecraft:oak_fence_gate":3,"minecraft:stone_pickaxe":2,"tombstone:bag_of_seeds":2,"minecraft:dark_oak_stairs":1,"minecraft:dark_oak_slab":4,"minecraft:sweet_berries":2,"born_in_chaos_v1:orbofthe_summoner":1,"born_in_chaos_v1:ethereal_spirit":1,"minecraft:gravel":154,"minecraft:spruce_sapling":418,"minecraft:spruce_log":6263,"minecraft:leather_helmet":2,"immersiveengineering:seed":283,"minecraft:slime_ball":1,"minecraft:snort_pottery_sherd":1,"minecraft:stone_axe":11,"croptopia:orange":25,"minecraft:scute":1,"minecraft:baked_potato":200,"minecraft:hopper":2,"minecraft:ender_pearl":5,"minecraft:wheat":170,"minecraft:yellow_wool":7,"minecraft:potion":5,"born_in_chaos_v1:bloody_gadfly_eye":1,"minecraft:raw_copper":199,"alexsmobs:dropbear_claw":2,"immersiveengineering:raw_lead":9,"alexsmobs:blood_sac":2,"minecraft:bucket":1,"minecraft:iron_pickaxe":1,"born_in_chaos_v1:stimulating_decoction":1,"minecraft:furnace":2,"minecraft:tipped_arrow":8,"minecraft:stick":576,"minecraft:oak_fence":1,"minecraft:torch":37,"minecraft:spruce_stairs":4,"minecraft:porkchop":3,"tombstone:grave_dust":27,"minecraft:vine":12,"fantasyfurniture:furniture_station":1,"minecraft:andesite_wall":16,"simplyswords:diamond_warglaive":1,"minecraft:rotten_flesh":115,"born_in_chaos_v1:sea_terror_eye":2,"minecraft:cod":1,"minecraft:cobblestone":5429,"minecraft:nautilus_shell":1,"minecraft:andesite":111,"minecraft:potato":327,"minecraft:horn_coral":1,"minecraft:lapis_lazuli":1,"minecraft:dirt":5697,"born_in_chaos_v1:staffofthe_summoner":1,"minecraft:leather_boots":5,"minecraft:bone":85,"minecraft:wheat_seeds":567,"minecraft:raw_gold":2,"minecraft:bell":3,"minecraft:grindstone":5,"minecraft:fletching_table":45,"minecraft:bamboo":36,"camera:image":7,"minecraft:oak_planks":158,"chipped:patient_stripped_spruce_log":1,"minecraft:cooked_porkchop":4,"minecraft:poisonous_potato":6,"immersiveengineering:raw_aluminum":28,"minecraft:sand":83,"minecraft:grass_block":3,"minecraft:mossy_cobblestone":6,"minecraft:spruce_fence_gate":2,"chipped:carpenters_table":2,"minecraft:sugar":2,"born_in_chaos_v1:fire_dust":1,"minecraft:diamond":7,"waystones:waystone":2,"minecraft:crossbow":6,"minecraft:bone_meal":16,"minecraft:golden_apple":2,"minecraft:spruce_sign":4,"minecraft:emerald":74,"minecraft:oak_sapling":273,"minecraft:netherrack":797,"born_in_chaos_v1:sea_terror_stomach":1,"born_in_chaos_v1:diamond_termite_shard":5,"minecraft:azure_bluet":2,"born_in_chaos_v1:river_mint":5,"croptopia:peach":10,"minecraft:brown_mushroom":4,"minecraft:oak_trapdoor":8,"minecraft:iron_axe":5,"minecraft:item_frame":5,"minecraft:blackstone":6,"mcwfences:spruce_stockade_fence":18,"minecraft:lectern":1049,"minecraft:sugar_cane":31,"minecraft:spruce_trapdoor":83,"minecraft:raw_iron":15,"mcwwindows:spruce_curtain_rod":2,"mcwwindows:spruce_log_parapet":19,"minecraft:dark_oak_planks":2,"minecraft:arrow":106,"minecraft:nether_bricks":2,"mcwfences:wooden_cheval_de_frise":4,"minecraft:saddle":3,"minecraft:skeleton_skull":1,"born_in_chaos_v1:corpse_maggot":15,"minecraft:crimson_stem":5,"minecraft:salmon":2,"minecraft:leather":7,"minecraft:chainmail_chestplate":3,"minecraft:yellow_bed":9,"minecraft:gunpowder":14,"minecraft:cobblestone_stairs":9,"minecraft:cooked_mutton":11,"minecraft:iron_ingot":94,"born_in_chaos_v1:chipped_black_argillite_brick":2,"minecraft:cooked_chicken":1,"minecraft:book":11,"minecraft:oak_slab":6,"minecraft:scaffolding":50,"minecraft:black_candle":5,"croptopia:apricot":11,"born_in_chaos_v1:lifestealer_bone":3,"minecraft:quartz":16,"minecraft:dandelion":19,"minecraft:blast_furnace":7,"minecraft:white_bed":29,"minecraft:spider_eye":16,"minecraft:pumpkin_seeds":4,"minecraft:chainmail_leggings":1,"tombstone:magic_scroll":6,"minecraft:damaged_anvil":2,"minecraft:coal":267},"minecraft:broken":{"minecraft:diamond_helmet":1,"minecraft:diamond_shovel":2,"minecraft:diamond_pickaxe":1,"minecraft:crossbow":2,"minecraft:diamond_leggings":2,"minecraft:iron_axe":10,"minecraft:iron_pickaxe":1,"minecraft:diamond_boots":1,"minecraft:stone_axe":2,"minecraft:stone_shovel":1,"minecraft:diamond_chestplate":1,"minecraft:diamond_axe":4},"minecraft:killed":{"alexsmobs:lobster":1,"minecraft:cave_spider":6,"born_in_chaos_v1:restless_spirit":1,"born_in_chaos_v1:zombie_lumberjack":3,"born_in_chaos_v1:door_knight_not_despawn":1,"born_in_chaos_v1:siamese_skeletonsright":1,"born_in_chaos_v1:baby_skeleton_minion":7,"minecraft:skeleton":39,"born_in_chaos_v1:skeleton_thrasher":2,"born_in_chaos_v1:supreme_bonescaller_stage_2":1,"minecraft:magma_cube":12,"born_in_chaos_v1:bone_imp":1,"minecraft:iron_golem":16,"minecraft:pillager":51,"minecraft:zombie":84,"born_in_chaos_v1:door_knight":2,"minecraft:cow":1,"minecraft:evoker":3,"minecraft:vindicator":20,"born_in_chaos_v1:firelight":1,"born_in_chaos_v1:barrel_zombie":6,"born_in_chaos_v1:bone_imp_minion":11,"minecraft:wandering_trader":3,"minecraft:ravager":7,"born_in_chaos_v1:decrepit_skeleton":6,"born_in_chaos_v1:bloody_gadfly":2,"born_in_chaos_v1:dark_vortex":1,"minecraft:enderman":5,"born_in_chaos_v1:lifestealer_true_form":1,"minecraft:witch":5,"minecraft:spider":37,"born_in_chaos_v1:firelight_not_despawn":1,"minecraft:piglin":2,"minecraft:zombie_villager":2,"born_in_chaos_v1:diamond_termite":4,"born_in_chaos_v1:glutton_fish":1,"minecraft:creeper":14,"alexsmobs:crimson_mosquito":4,"minecraft:sheep":2,"minecraft:trader_llama":5,"born_in_chaos_v1:zombie_fisherman":1,"minecraft:stray":6,"minecraft:ghast":1,"alexsmobs:fly":1,"minecraft:blaze":13,"born_in_chaos_v1:siamese_skeletonsleft":1,"alexsmobs:dropbear":1,"minecraft:vex":3,"born_in_chaos_v1:zombie_bruiser":1,"born_in_chaos_v1:maggot":22,"minecraft:drowned":1,"born_in_chaos_v1:corpse_fish":1,"born_in_chaos_v1:baby_skeleton":6,"minecraft:bat":3,"born_in_chaos_v1:bonescaller_not_despawn":2,"minecraft:wither_skeleton":28,"born_in_chaos_v1:decaying_zombie_not_despawn":1},"minecraft:killed_by":{"minecraft:vex":1,"born_in_chaos_v1:lifestealer_true_form":1,"minecraft:wither_skeleton":2,"minecraft:player":2,"mowziesmobs:ferrous_wroughtnaut":1,"minecraft:skeleton":1},"minecraft:custom":{"minecraft:interact_with_crafting_table":55,"minecraft:open_barrel":36,"goblintraders:trade_with_goblin":84,"minecraft:bell_ring":21,"minecraft:leave_game":16,"minecraft:time_since_death":154069,"minecraft:damage_blocked_by_shield":315,"minecraft:play_time":1549676,"minecraft:deaths":12,"minecraft:jump":24835,"minecraft:interact_with_furnace":22,"minecraft:traded_with_villager":1457,"minecraft:sleep_in_bed":32,"minecraft:waystone_activated":2,"minecraft:damage_dealt":75321,"tombstone:undead_killed":214,"minecraft:interact_with_smithing_table":1,"minecraft:interact_with_anvil":30,"minecraft:inspect_hopper":18,"minecraft:damage_dealt_absorbed":239,"minecraft:sneak_time":177822,"minecraft:total_world_time":1549839,"tombstone:raider_killed":101,"minecraft:interact_with_stonecutter":1,"minecraft:time_since_rest":13973,"minecraft:swim_one_cm":88657,"minecraft:fly_one_cm":6205251,"minecraft:open_chest":484,"minecraft:fall_one_cm":565447,"minecraft:sprint_one_cm":4762203,"minecraft:drop":424,"minecraft:talked_to_villager":1564,"minecraft:interact_with_brewingstand":17,"minecraft:walk_on_water_one_cm":87197,"minecraft:player_kills":2,"minecraft:crouch_one_cm":968894,"tombstone:villager_killed":3,"minecraft:mob_kills":476,"minecraft:damage_dealt_resisted":6708,"minecraft:climb_one_cm":83651,"minecraft:walk_one_cm":3741355,"minecraft:raid_win":2,"minecraft:walk_under_water_one_cm":33151,"minecraft:raid_trigger":2,"minecraft:interact_with_grindstone":8,"minecraft:damage_taken":19644,"minecraft:damage_absorbed":80}},"DataVersion":3465}