{"stats":{"minecraft:used":{"minecraft:spruce_slab":41,"sophisticatedbackpacks:copper_backpack":3,"minecraft:poppy":8,"minecraft:chest":11,"mcwfences:wooden_cheval_de_frise":4,"born_in_chaos_v1:soul_cutlass":13,"minecraft:azure_bluet":2,"minecraft:stripped_spruce_log":18,"born_in_chaos_v1:smoked_flesh":3,"minecraft:lava_bucket":15,"minecraft:dark_oak_slab":28,"minecraft:bow":460,"minecraft:sweet_berries":1,"minecraft:oak_sapling":24,"minecraft:furnace":2,"minecraft:potato":7,"mcwwindows:spruce_log_parapet":14,"minecraft:damaged_anvil":2,"minecraft:blackstone":1,"minecraft:wooden_pickaxe":22,"minecraft:composter":2,"minecraft:golden_apple":2,"minecraft:sand":13,"simplyswords:diamond_warglaive":843,"minecraft:blast_furnace":3,"croptopia:orange":17,"minecraft:lectern":1072,"minecraft:diamond_sword":144,"minecraft:smithing_table":6,"minecraft:birch_log":6,"minecraft:oak_boat":10,"chipped:carpenters_table":2,"born_in_chaos_v1:dark_ritual_dagger":2,"camera:image_frame":3,"minecraft:netherrack":688,"minecraft:torch":415,"minecraft:brewing_stand":5,"minecraft:warped_wart_block":2,"minecraft:twisting_vines":8,"minecraft:oak_fence_gate":4,"minecraft:iron_axe":495,"minecraft:totem_of_undying":2,"minecraft:bamboo":5,"minecraft:diamond_chestplate":2,"tombstone:gift":6,"sophisticatedbackpacks:gold_backpack":1,"minecraft:water_bucket":12,"fantasyfurniture:venthyr/desk_left":1,"minecraft:fletching_table":49,"minecraft:spruce_fence_gate":40,"minecraft:crafting_table":11,"minecraft:vine":4,"minecraft:oak_slab":8,"minecraft:red_bed":47,"mcwwindows:spruce_curtain_rod":2,"minecraft:white_bed":32,"minecraft:spruce_log":3190,"minecraft:oak_log":22,"minecraft:diamond_pickaxe":20953,"minecraft:diamond_shovel":14050,"minecraft:iron_pickaxe":462,"born_in_chaos_v1:staffofthe_summoner":1,"tombstone:magic_scroll":11,"minecraft:spruce_trapdoor":250,"minecraft:spruce_sapling":84,"fantasyfurniture:furniture_station":2,"minecraft:cobblestone":929,"minecraft:potion":3,"minecraft:cooked_porkchop":4,"mcwfences:spruce_stockade_fence":78,"minecraft:iron_shovel":168,"minecraft:decorated_pot":4,"minecraft:shield":6,"minecraft:iron_sword":146,"minecraft:bell":3,"minecraft:carrot":165,"minecraft:milk_bucket":2,"minecraft:glass":340,"born_in_chaos_v1:corpse_maggot":2,"minecraft:item_frame":5,"minecraft:written_book":5,"minecraft:scaffolding":80,"minecraft:dark_oak_stairs":41,"chipped:lumpy_stripped_spruce_log":2,"minecraft:diamond_boots":1,"minecraft:stone_pickaxe":67,"minecraft:oak_planks":147,"minecraft:diamond_axe":4806,"simplyswords:iron_chakram":4,"minecraft:crossbow":4,"minecraft:shears":30,"waystones:waystone":2,"minecraft:dark_oak_log":43,"minecraft:bread":72,"minecraft:string":1,"tombstone:grave_key":9,"minecraft:gravel":94,"minecraft:grindstone":6,"minecraft:andesite":65,"minecraft:air":2,"minecraft:coarse_dirt":5,"minecraft:bone_meal":277,"minecraft:oak_fence":2,"sophisticatedbackpacks:iron_backpack":3,"minecraft:flint_and_steel":16,"minecraft:stone_shovel":401,"minecraft:spruce_planks":4904,"minecraft:cooked_chicken":1,"minecraft:dirt":2935,"minecraft:hopper":3,"minecraft:spruce_stairs":588,"minecraft:diamond_helmet":1,"minecraft:spruce_fence":529,"minecraft:andesite_wall":55,"minecraft:iron_hoe":13,"minecraft:dark_oak_planks":107,"chipped:patient_stripped_spruce_log":1,"minecraft:bookshelf":85,"minecraft:oak_stairs":2,"minecraft:cooked_beef":14,"minecraft:brown_bed":4,"minecraft:cooked_mutton":11,"minecraft:glass_bottle":3,"minecraft:baked_potato":435,"croptopia:apricot":4,"minecraft:spruce_sign":12,"minecraft:stonecutter":1,"minecraft:glow_item_frame":1,"croptopia:cherry":2,"minecraft:apple":58,"minecraft:map":1,"minecraft:stone_axe":46,"minecraft:white_banner":1,"minecraft:bucket":27,"minecraft:yellow_bed":9,"minecraft:pumpkin_pie":3,"minecraft:splash_potion":2},"minecraft:killed":{"alexsmobs:lobster":1,"minecraft:cave_spider":6,"born_in_chaos_v1:restless_spirit":1,"born_in_chaos_v1:zombie_lumberjack":3,"born_in_chaos_v1:door_knight_not_despawn":1,"born_in_chaos_v1:siamese_skeletonsright":1,"born_in_chaos_v1:baby_skeleton_minion":7,"minecraft:skeleton":48,"born_in_chaos_v1:skeleton_thrasher":2,"born_in_chaos_v1:supreme_bonescaller_stage_2":1,"minecraft:magma_cube":13,"born_in_chaos_v1:bone_imp":11,"minecraft:iron_golem":16,"minecraft:pillager":51,"minecraft:zombie":104,"born_in_chaos_v1:door_knight":3,"minecraft:cow":1,"minecraft:evoker":3,"minecraft:vindicator":20,"born_in_chaos_v1:firelight":4,"born_in_chaos_v1:barrel_zombie":7,"born_in_chaos_v1:bone_imp_minion":11,"minecraft:wandering_trader":3,"minecraft:ravager":7,"born_in_chaos_v1:decrepit_skeleton":7,"born_in_chaos_v1:bloody_gadfly":3,"born_in_chaos_v1:dark_vortex":1,"minecraft:enderman":6,"born_in_chaos_v1:lifestealer_true_form":1,"minecraft:zombified_piglin":2,"minecraft:witch":5,"minecraft:spider":41,"born_in_chaos_v1:firelight_not_despawn":1,"minecraft:piglin":4,"minecraft:zombie_villager":2,"born_in_chaos_v1:diamond_termite":4,"born_in_chaos_v1:glutton_fish":1,"minecraft:creeper":19,"alexsmobs:crimson_mosquito":4,"minecraft:sheep":2,"minecraft:trader_llama":5,"born_in_chaos_v1:zombie_fisherman":1,"born_in_chaos_v1:dread_hound":1,"minecraft:stray":6,"minecraft:ghast":1,"alexsmobs:fly":2,"minecraft:blaze":13,"born_in_chaos_v1:siamese_skeletonsleft":1,"alexsmobs:dropbear":1,"minecraft:vex":3,"born_in_chaos_v1:zombie_bruiser":1,"born_in_chaos_v1:maggot":31,"minecraft:drowned":1,"born_in_chaos_v1:corpse_fish":1,"born_in_chaos_v1:mr_pumpkin_controlled":1,"born_in_chaos_v1:baby_skeleton":6,"minecraft:bat":3,"minecraft:hoglin":1,"born_in_chaos_v1:bonescaller_not_despawn":2,"minecraft:wither_skeleton":28,"born_in_chaos_v1:decaying_zombie_not_despawn":1},"minecraft:crafted":{"fantasyfurniture:furniture_station":1,"minecraft:blaze_powder":4,"minecraft:diamond_shovel":6,"sophisticatedbackpacks:crafting_upgrade":1,"minecraft:bookshelf":92,"mcwwindows:spruce_log_parapet":5,"minecraft:glass":250,"minecraft:diamond_helmet":4,"mcwfences:wooden_cheval_de_frise":4,"minecraft:diamond_leggings":3,"camera:image":1,"minecraft:tipped_arrow":20,"minecraft:name_tag":2,"minecraft:emerald":2093,"minecraft:diamond_axe":9,"minecraft:clock":7,"minecraft:copper_ingot":60,"minecraft:sticky_piston":1,"minecraft:fletching_table":4,"minecraft:tropical_fish_bucket":1,"minecraft:lectern":4,"camera:camera":1,"minecraft:stone_slab":6,"minecraft:iron_pickaxe":2,"minecraft:gold_ingot":1,"minecraft:spruce_fence_gate":19,"minecraft:stone_shovel":3,"minecraft:experience_bottle":2,"minecraft:bone_meal":252,"minecraft:spruce_fence":69,"minecraft:andesite_wall":24,"sophisticatedbackpacks:advanced_pump_upgrade":1,"minecraft:lantern":24,"simplyswords:diamond_warglaive":1,"minecraft:spruce_slab":36,"minecraft:stone_pickaxe":1,"minecraft:diamond_boots":3,"minecraft:dark_oak_planks":1776,"mcwwindows:spruce_curtain_rod":5,"minecraft:chainmail_leggings":6,"minecraft:wheat":297,"simplyswords:iron_chakram":1,"sophisticatedbackpacks:gold_backpack":3,"minecraft:glowstone":17,"minecraft:enchanted_book":47,"minecraft:oak_fence_gate":1,"minecraft:golden_apple":1,"minecraft:flint":64,"minecraft:fermented_spider_eye":2,"minecraft:chainmail_boots":6,"minecraft:iron_shovel":2,"camera:image_frame":1,"minecraft:grindstone":1,"minecraft:oak_planks":2940,"minecraft:stone":4,"born_in_chaos_v1:dark_metal_ingot":6,"minecraft:hopper":2,"minecraft:bow":7,"tombstone:grave_key":2,"minecraft:chest":8,"minecraft:oak_slab":6,"minecraft:arrow":384,"minecraft:crafting_table":4,"minecraft:spruce_planks":25248,"minecraft:wooden_pickaxe":1,"minecraft:baked_potato":101,"minecraft:chainmail_chestplate":5,"minecraft:birch_planks":384,"sophisticatedbackpacks:upgrade_base":3,"minecraft:dispenser":1,"sophisticatedbackpacks:xp_pump_upgrade":1,"minecraft:dark_oak_slab":6,"minecraft:iron_chestplate":1,"minecraft:diamond_pickaxe":7,"minecraft:shield":10,"minecraft:stick":51051,"minecraft:iron_ingot":4,"minecraft:shears":1,"minecraft:nether_wart":2,"minecraft:coal":1,"minecraft:redstone":20,"minecraft:spruce_button":64,"minecraft:stone_button":1,"minecraft:furnace":2,"minecraft:piston":2,"minecraft:glass_pane":16,"minecraft:flint_and_steel":1,"mcwfences:spruce_stockade_fence":51,"minecraft:scaffolding":18,"minecraft:leather":1,"minecraft:iron_axe":15,"minecraft:iron_hoe":1,"minecraft:glowstone_dust":68,"sophisticatedbackpacks:iron_backpack":4,"minecraft:sugar":2,"minecraft:diamond_sword":2,"minecraft:spruce_sign":6,"minecraft:iron_sword":1,"minecraft:bucket":1,"minecraft:stone_axe":12,"minecraft:air":0,"minecraft:bread":64,"sophisticatedbackpacks:pump_upgrade":1,"minecraft:torch":408,"minecraft:lapis_lazuli":14,"minecraft:diamond_chestplate":2},"minecraft:broken":{"minecraft:diamond_helmet":1,"minecraft:diamond_shovel":2,"minecraft:diamond_pickaxe":1,"minecraft:crossbow":2,"minecraft:diamond_leggings":2,"minecraft:iron_axe":10,"minecraft:iron_pickaxe":1,"minecraft:diamond_boots":1,"minecraft:stone_axe":3,"minecraft:stone_shovel":1,"minecraft:diamond_chestplate":1,"minecraft:diamond_axe":5},"minecraft:dropped":{"sophisticatedbackpacks:upgrade_base":2,"minecraft:diamond":1,"minecraft:crossbow":2,"minecraft:warped_roots":1,"minecraft:sheaf_pottery_sherd":5,"born_in_chaos_v1:pieceofdarkmetal":2,"minecraft:leather_helmet":1,"minecraft:emerald":67,"born_in_chaos_v1:monster_flesh":1,"minecraft:dirt":132,"minecraft:gold_nugget":9,"minecraft:sand":68,"minecraft:sugar":1,"minecraft:tropical_fish_bucket":1,"minecraft:bone":7,"minecraft:oak_door":2,"minecraft:stone_axe":19,"minecraft:sugar_cane":1,"minecraft:wheat":300,"tombstone:gift":1,"camera:image":4,"minecraft:rotten_flesh":52,"minecraft:oak_planks":1,"minecraft:azure_bluet":1,"minecraft:salmon":8,"minecraft:leather_boots":5,"minecraft:snort_pottery_sherd":1,"minecraft:spruce_slab":5,"minecraft:lectern":2,"minecraft:enchanted_book":16,"minecraft:wheat_seeds":276,"minecraft:shelter_pottery_sherd":1,"simplyswords:iron_chakram":1,"minecraft:book":5,"minecraft:cobblestone":3622,"minecraft:apple":1,"born_in_chaos_v1:soul_cutlass":2,"minecraft:coal":4,"minecraft:oxeye_daisy":3,"minecraft:ink_sac":3,"minecraft:diamond_helmet":1,"minecraft:oak_stairs":2,"minecraft:white_banner":3,"minecraft:angler_pottery_sherd":1,"minecraft:chainmail_leggings":7,"minecraft:iron_shovel":1,"minecraft:paper":3,"minecraft:string":11,"minecraft:spruce_sapling":425,"sophisticatedbackpacks:feeding_upgrade":1,"minecraft:stone_sword":1,"born_in_chaos_v1:rotten_fish":3,"minecraft:stone_shovel":1,"minecraft:stone_slab":5,"minecraft:name_tag":1,"minecraft:diamond_sword":1,"minecraft:potato":120,"minecraft:spruce_planks":3,"minecraft:bundle":3,"minecraft:diamond_pickaxe":4,"minecraft:spider_eye":4,"sophisticatedbackpacks:copper_backpack":1,"minecraft:red_sand":1,"minecraft:bow":2,"minecraft:brown_mushroom":3,"minecraft:diamond_axe":1,"minecraft:oak_log":3,"minecraft:baked_potato":41,"minecraft:flint":1,"minecraft:cobblestone_stairs":9,"tombstone:bag_of_seeds":1,"minecraft:dark_oak_log":23,"born_in_chaos_v1:monster_skin":2,"minecraft:cornflower":1,"minecraft:crimson_roots":6,"minecraft:seagrass":4,"minecraft:gravel":4,"minecraft:blackstone":6,"born_in_chaos_v1:ethereal_spirit":1,"minecraft:beetroot":1,"minecraft:diamond_shovel":2,"minecraft:carrot":748,"minecraft:chainmail_chestplate":8,"minecraft:poppy":21,"minecraft:leather_chestplate":1,"minecraft:gunpowder":6,"born_in_chaos_v1:chipped_black_argillite_brick":1,"minecraft:beetroot_seeds":3,"born_in_chaos_v1:corpse_maggot":12,"minecraft:chainmail_boots":3,"minecraft:iron_bars":1,"minecraft:arrow":116,"immersiveengineering:seed":168,"minecraft:written_book":3,"minecraft:netherrack":2016,"minecraft:bread":34,"minecraft:golden_helmet":2,"minecraft:mossy_cobblestone":3,"minecraft:poisonous_potato":5,"minecraft:diamond_leggings":1,"minecraft:lead":1,"simplyswords:diamond_warglaive":1,"minecraft:stick":127,"born_in_chaos_v1:river_mint":3,"minecraft:torch":64,"born_in_chaos_v1:staffofthe_summoner":1,"alexsmobs:dropbear_claw":2,"croptopia:nectarine":2,"tombstone:grave_dust":11,"minecraft:iron_axe":4,"minecraft:bucket":1,"minecraft:dandelion":12,"mcwwindows:spruce_log_parapet":10,"minecraft:kelp":2,"alexsmobs:maggot":7,"minecraft:warped_nylium":1,"minecraft:nether_wart":3,"minecraft:raw_iron":4,"minecraft:iron_hoe":1,"minecraft:diamond_chestplate":1,"minecraft:oak_sapling":67,"minecraft:diamond_boots":1,"minecraft:spruce_log":129,"minecraft:stone_pickaxe":3},"minecraft:picked_up":{"minecraft:seagrass":8,"minecraft:chainmail_boots":2,"minecraft:prismarine_shard":4,"minecraft:smithing_table":6,"minecraft:lead":7,"minecraft:oak_stairs":4,"minecraft:brown_bed":4,"minecraft:enchanted_book":2,"minecraft:brewing_stand":4,"minecraft:string":47,"minecraft:pufferfish":1,"minecraft:beetroot":1,"minecraft:diamond_leggings":1,"minecraft:gold_nugget":195,"minecraft:cobbled_deepslate":1,"minecraft:spruce_planks":1045,"minecraft:written_book":2,"minecraft:golden_helmet":2,"minecraft:sheaf_pottery_sherd":5,"minecraft:composter":4,"born_in_chaos_v1:pileof_dark_metal":1,"minecraft:cauldron":1,"minecraft:stone_sword":2,"minecraft:blaze_rod":9,"minecraft:iron_bars":1,"alexsmobs:flying_fish":1,"minecraft:birch_log":102,"minecraft:magma_block":4442,"minecraft:feather":1,"minecraft:cooked_beef":2,"born_in_chaos_v1:spiritual_dust":3,"minecraft:flint":24,"minecraft:twisting_vines":8,"born_in_chaos_v1:marigolds":4,"minecraft:stonecutter":2,"minecraft:glowstone_dust":7,"croptopia:roe":2,"minecraft:warped_wart_block":2,"minecraft:stripped_spruce_log":82,"sophisticatedbackpacks:iron_backpack":1,"minecraft:ink_sac":4,"minecraft:dark_oak_log":612,"minecraft:bundle":10,"croptopia:cherry":2,"minecraft:angler_pottery_sherd":2,"minecraft:bread":72,"alexsmobs:maggot":8,"born_in_chaos_v1:rotten_fish":31,"minecraft:crimson_roots":7,"minecraft:diamond_pickaxe":1,"minecraft:crafting_table":9,"minecraft:shelter_pottery_sherd":2,"minecraft:coarse_dirt":11,"minecraft:nether_wart":21,"minecraft:clay_ball":43,"born_in_chaos_v1:seedof_chaos":6,"chipped:lumpy_stripped_spruce_log":1,"minecraft:cornflower":2,"minecraft:red_bed":47,"camera:image_frame":2,"born_in_chaos_v1:intoxicating_decoction":1,"minecraft:beef":2,"born_in_chaos_v1:gnawed_bones":1,"minecraft:poppy":43,"minecraft:spruce_slab":39,"minecraft:chest":6,"minecraft:birch_sapling":16,"minecraft:egg":1,"minecraft:oak_door":3,"minecraft:glow_item_frame":1,"sophisticatedbackpacks:backpack":1,"minecraft:spruce_fence":149,"born_in_chaos_v1:pieceofdarkmetal":16,"minecraft:carrot":1044,"minecraft:prismarine_crystals":2,"minecraft:diamond_chestplate":1,"minecraft:decorated_pot":4,"minecraft:beetroot_seeds":3,"minecraft:hay_block":33,"born_in_chaos_v1:spiny_shell":2,"born_in_chaos_v1:dark_ritual_dagger":1,"tombstone:essence_of_undeath":1,"minecraft:totem_of_undying":4,"sophisticatedbackpacks:copper_backpack":8,"minecraft:mutton":3,"minecraft:oxeye_daisy":3,"minecraft:white_wool":10,"born_in_chaos_v1:monster_flesh":1,"minecraft:oak_log":766,"minecraft:ancient_debris":1,"alexsmobs:mosquito_proboscis":1,"minecraft:paper":15,"tombstone:gift":1,"minecraft:white_banner":12,"sophisticatedbackpacks:upgrade_base":1,"born_in_chaos_v1:soul_cutlass":3,"minecraft:apple":47,"minecraft:kelp":5,"minecraft:oak_fence_gate":3,"minecraft:stone_pickaxe":2,"tombstone:bag_of_seeds":2,"minecraft:dark_oak_stairs":11,"minecraft:milk_bucket":1,"minecraft:dark_oak_slab":28,"minecraft:sweet_berries":2,"born_in_chaos_v1:orbofthe_summoner":1,"born_in_chaos_v1:ethereal_spirit":1,"minecraft:gravel":165,"minecraft:spruce_sapling":695,"minecraft:spruce_log":10391,"minecraft:leather_helmet":2,"minecraft:slime_ball":1,"minecraft:snort_pottery_sherd":1,"immersiveengineering:seed":301,"minecraft:stone_axe":11,"croptopia:orange":25,"minecraft:scute":1,"minecraft:warped_roots":1,"minecraft:baked_potato":476,"minecraft:warped_nylium":1,"minecraft:hopper":2,"minecraft:ender_pearl":7,"minecraft:wheat":170,"minecraft:yellow_wool":7,"minecraft:potion":5,"born_in_chaos_v1:bloody_gadfly_eye":1,"minecraft:raw_copper":212,"alexsmobs:dropbear_claw":2,"immersiveengineering:raw_lead":9,"alexsmobs:blood_sac":2,"minecraft:red_sand":1,"minecraft:bucket":2,"minecraft:iron_pickaxe":1,"born_in_chaos_v1:stimulating_decoction":1,"minecraft:furnace":2,"minecraft:tipped_arrow":8,"minecraft:stick":930,"minecraft:oak_fence":3,"minecraft:torch":39,"minecraft:spruce_stairs":87,"minecraft:porkchop":6,"tombstone:grave_dust":34,"minecraft:vine":12,"fantasyfurniture:furniture_station":1,"minecraft:andesite_wall":16,"simplyswords:diamond_warglaive":1,"minecraft:rotten_flesh":132,"born_in_chaos_v1:sea_terror_eye":2,"minecraft:cod":1,"minecraft:blaze_powder":3,"minecraft:cobblestone":7067,"minecraft:nautilus_shell":1,"minecraft:leather_chestplate":1,"croptopia:nectarine":2,"minecraft:andesite":111,"minecraft:potato":327,"minecraft:horn_coral":1,"minecraft:lapis_lazuli":1,"minecraft:dirt":6799,"born_in_chaos_v1:staffofthe_summoner":1,"born_in_chaos_v1:monster_skin":2,"minecraft:leather_boots":5,"minecraft:bone":109,"minecraft:wheat_seeds":590,"minecraft:raw_gold":2,"minecraft:bell":3,"minecraft:grindstone":5,"minecraft:fletching_table":45,"minecraft:bamboo":150,"camera:image":7,"minecraft:oak_planks":158,"chipped:patient_stripped_spruce_log":1,"minecraft:cooked_porkchop":4,"minecraft:poisonous_potato":7,"immersiveengineering:raw_aluminum":28,"minecraft:sand":385,"minecraft:grass_block":3,"minecraft:mossy_cobblestone":6,"minecraft:spruce_fence_gate":2,"chipped:carpenters_table":2,"minecraft:sugar":2,"born_in_chaos_v1:fire_dust":12,"minecraft:diamond":7,"waystones:waystone":2,"minecraft:crossbow":6,"minecraft:bone_meal":16,"minecraft:golden_apple":2,"minecraft:spruce_sign":4,"minecraft:emerald":74,"minecraft:oak_sapling":275,"minecraft:netherrack":2781,"born_in_chaos_v1:sea_terror_stomach":1,"born_in_chaos_v1:diamond_termite_shard":5,"minecraft:azure_bluet":3,"minecraft:splash_potion":3,"croptopia:peach":10,"born_in_chaos_v1:river_mint":5,"minecraft:brown_mushroom":7,"minecraft:oak_trapdoor":8,"minecraft:iron_axe":5,"minecraft:item_frame":5,"minecraft:blackstone":7,"mcwfences:spruce_stockade_fence":21,"minecraft:oak_boat":10,"minecraft:lectern":1066,"minecraft:sugar_cane":31,"minecraft:spruce_trapdoor":107,"minecraft:raw_iron":19,"mcwwindows:spruce_curtain_rod":2,"mcwwindows:spruce_log_parapet":19,"minecraft:dark_oak_planks":3,"minecraft:arrow":114,"minecraft:nether_bricks":2,"mcwfences:wooden_cheval_de_frise":4,"minecraft:saddle":3,"minecraft:skeleton_skull":1,"born_in_chaos_v1:corpse_maggot":22,"minecraft:crimson_stem":5,"minecraft:salmon":8,"minecraft:leather":7,"minecraft:chainmail_chestplate":3,"minecraft:yellow_bed":9,"minecraft:gunpowder":20,"minecraft:cobblestone_stairs":9,"minecraft:cooked_mutton":11,"minecraft:iron_ingot":94,"minecraft:cooked_chicken":1,"born_in_chaos_v1:chipped_black_argillite_brick":2,"minecraft:soul_sand":40,"minecraft:book":279,"minecraft:oak_slab":6,"minecraft:scaffolding":50,"minecraft:black_candle":5,"croptopia:apricot":11,"born_in_chaos_v1:lifestealer_bone":3,"minecraft:quartz":16,"minecraft:dandelion":20,"minecraft:blast_furnace":7,"minecraft:white_bed":32,"minecraft:spider_eye":17,"minecraft:pumpkin_seeds":4,"minecraft:chainmail_leggings":1,"tombstone:magic_scroll":7,"minecraft:damaged_anvil":2,"minecraft:coal":294},"minecraft:killed_by":{"minecraft:vex":1,"born_in_chaos_v1:lifestealer_true_form":1,"minecraft:wither_skeleton":2,"minecraft:creeper":1,"minecraft:player":2,"minecraft:enderman":1,"mowziesmobs:ferrous_wroughtnaut":1,"minecraft:skeleton":1},"minecraft:mined":{"minecraft:dark_oak_planks":3,"minecraft:white_bed":31,"minecraft:red_sand":1,"minecraft:hopper":2,"minecraft:nether_wart":20,"minecraft:spawner":1,"minecraft:weeping_vines_plant":1,"minecraft:magma_block":4653,"minecraft:fire":40,"minecraft:fletching_table":45,"minecraft:twisting_vines":8,"mcwfences:wooden_cheval_de_frise":4,"minecraft:water_cauldron":1,"minecraft:dirt_path":347,"minecraft:oak_stairs":1,"minecraft:tripwire":1,"minecraft:red_bed":47,"minecraft:crimson_nylium":41,"minecraft:torch":24,"minecraft:blast_furnace":5,"minecraft:spruce_wall_sign":5,"minecraft:glass":3,"minecraft:sugar_cane":17,"minecraft:damaged_anvil":2,"minecraft:spruce_sign":1,"minecraft:birch_sapling":5,"minecraft:skeleton_skull":1,"minecraft:grass":1129,"minecraft:oak_fence_gate":3,"chipped:lumpy_stripped_spruce_log":1,"minecraft:stonecutter":2,"minecraft:deepslate":1,"croptopia:orange_crop":1,"minecraft:mossy_cobblestone":3,"minecraft:dark_oak_log":3,"minecraft:nether_bricks":2,"minecraft:spruce_fence":149,"born_in_chaos_v1:gnawed_bones":1,"mcwfences:spruce_stockade_fence":20,"minecraft:andesite":127,"minecraft:vine":12,"minecraft:bamboo":19,"minecraft:white_wool":9,"immersiveengineering:ore_aluminum":29,"minecraft:smithing_table":6,"minecraft:oak_slab":6,"minecraft:glass_pane":3,"minecraft:soul_sand":40,"minecraft:dandelion":4,"minecraft:cornflower":2,"minecraft:warped_roots":1,"chipped:carpenters_table":1,"minecraft:tall_grass":490,"minecraft:copper_ore":61,"minecraft:warped_wart_block":2,"minecraft:coarse_dirt":11,"minecraft:spruce_log":811,"minecraft:gravel":254,"minecraft:cobweb":6,"minecraft:spruce_fence_gate":3,"minecraft:fern":1,"minecraft:spruce_planks":975,"minecraft:oak_sapling":18,"minecraft:farmland":1,"minecraft:cobblestone_stairs":6,"minecraft:brewing_stand":5,"minecraft:spruce_trapdoor":108,"minecraft:grass_block":8210,"sophisticatedbackpacks:iron_backpack":1,"minecraft:composter":4,"minecraft:iron_ore":18,"minecraft:azure_bluet":2,"minecraft:dark_oak_stairs":11,"minecraft:brown_bed":4,"minecraft:iron_bars":1,"minecraft:black_candle":2,"immersiveengineering:ore_lead":9,"sophisticatedbackpacks:copper_backpack":3,"minecraft:spruce_slab":35,"minecraft:blackstone":4,"chipped:patient_stripped_spruce_log":1,"minecraft:twisting_vines_plant":4,"minecraft:clay":8,"minecraft:poppy":3,"minecraft:chest":6,"minecraft:nether_quartz_ore":16,"minecraft:cobblestone":413,"minecraft:grindstone":5,"minecraft:oak_planks":158,"minecraft:wall_torch":6,"croptopia:nectarine_crop":2,"minecraft:warped_nylium":1,"minecraft:dark_oak_slab":28,"minecraft:yellow_wool":9,"minecraft:birch_log":10,"born_in_chaos_v1:river_mint":3,"minecraft:oak_log":65,"minecraft:beetroots":1,"minecraft:sand":391,"minecraft:dirt":4493,"minecraft:netherrack":3313,"minecraft:ancient_debris":1,"minecraft:oak_leaves":7,"minecraft:nether_gold_ore":52,"minecraft:deepslate_diamond_ore":4,"minecraft:oak_door":2,"fantasyfurniture:furniture_station":1,"born_in_chaos_v1:infected_diamond_ore":4,"minecraft:decorated_pot":5,"minecraft:spruce_leaves":50,"minecraft:hay_block":33,"minecraft:oak_trapdoor":8,"minecraft:spruce_sapling":11,"minecraft:furnace":2,"minecraft:carrots":2,"minecraft:nether_sprouts":1,"minecraft:stripped_spruce_log":68,"minecraft:bell":3,"minecraft:bookshelf":85,"minecraft:lantern":1,"minecraft:stone":12359,"minecraft:scaffolding":22,"born_in_chaos_v1:marigolds":5,"minecraft:stripped_dark_oak_log":2,"minecraft:oak_fence":1,"minecraft:crafting_table":9,"minecraft:lectern":1064,"minecraft:andesite_wall":21,"born_in_chaos_v1:chipped_black_argillite_brick":1,"minecraft:spruce_stairs":87,"mcwwindows:spruce_log_parapet":14,"minecraft:sweet_berry_bush":1,"mcwwindows:spruce_curtain_rod":2,"minecraft:white_wall_banner":1,"minecraft:yellow_bed":9,"minecraft:coal_ore":263},"minecraft:custom":{"minecraft:interact_with_crafting_table":55,"minecraft:open_barrel":36,"goblintraders:trade_with_goblin":277,"minecraft:bell_ring":21,"minecraft:leave_game":19,"minecraft:time_since_death":27136,"minecraft:damage_blocked_by_shield":315,"minecraft:play_time":2101322,"minecraft:deaths":14,"minecraft:jump":34103,"minecraft:interact_with_furnace":105,"minecraft:traded_with_villager":2235,"minecraft:sleep_in_bed":53,"minecraft:waystone_activated":2,"minecraft:damage_dealt":88590,"tombstone:undead_killed":258,"minecraft:interact_with_smithing_table":1,"minecraft:interact_with_anvil":57,"minecraft:inspect_hopper":18,"minecraft:damage_dealt_absorbed":319,"minecraft:sneak_time":251802,"minecraft:interact_with_blast_furnace":6,"minecraft:total_world_time":2101485,"tombstone:raider_killed":101,"minecraft:interact_with_stonecutter":1,"minecraft:time_since_rest":26851,"minecraft:swim_one_cm":129743,"minecraft:fly_one_cm":8396513,"minecraft:open_chest":670,"minecraft:fall_one_cm":765172,"minecraft:sprint_one_cm":6346858,"minecraft:drop":606,"minecraft:talked_to_villager":1765,"minecraft:interact_with_brewingstand":17,"minecraft:walk_on_water_one_cm":93247,"minecraft:player_kills":2,"minecraft:crouch_one_cm":1356166,"tombstone:villager_killed":3,"minecraft:mob_kills":550,"minecraft:damage_dealt_resisted":7696,"minecraft:climb_one_cm":88584,"minecraft:walk_one_cm":5101368,"minecraft:raid_win":2,"minecraft:walk_under_water_one_cm":35461,"minecraft:raid_trigger":2,"minecraft:interact_with_grindstone":9,"minecraft:damage_taken":24559,"minecraft:damage_absorbed":80}},"DataVersion":3465}