{"stats":{"minecraft:picked_up":{"minecraft:wheat":170,"minecraft:chainmail_boots":2,"minecraft:prismarine_shard":4,"minecraft:yellow_wool":7,"minecraft:smithing_table":4,"minecraft:lead":4,"minecraft:oak_stairs":4,"minecraft:brown_bed":4,"minecraft:potion":5,"born_in_chaos_v1:bloody_gadfly_eye":1,"minecraft:brewing_stand":3,"minecraft:string":32,"minecraft:raw_copper":199,"minecraft:beetroot":1,"immersiveengineering:raw_lead":9,"minecraft:bucket":1,"minecraft:cobbled_deepslate":1,"minecraft:spruce_planks":65,"minecraft:written_book":2,"minecraft:iron_pickaxe":1,"born_in_chaos_v1:stimulating_decoction":1,"minecraft:furnace":2,"minecraft:golden_helmet":2,"minecraft:tipped_arrow":8,"minecraft:stick":477,"minecraft:sheaf_pottery_sherd":5,"minecraft:composter":4,"minecraft:oak_fence":1,"minecraft:torch":36,"born_in_chaos_v1:pileof_dark_metal":1,"minecraft:porkchop":3,"tombstone:grave_dust":20,"minecraft:vine":12,"minecraft:cauldron":1,"fantasyfurniture:furniture_station":1,"minecraft:andesite_wall":16,"simplyswords:diamond_warglaive":1,"minecraft:rotten_flesh":63,"born_in_chaos_v1:sea_terror_eye":2,"minecraft:iron_bars":1,"minecraft:cod":1,"alexsmobs:flying_fish":1,"minecraft:cobblestone":5231,"minecraft:nautilus_shell":1,"minecraft:birch_log":102,"minecraft:cooked_beef":2,"born_in_chaos_v1:spiritual_dust":3,"minecraft:andesite":111,"minecraft:potato":56,"minecraft:flint":23,"minecraft:lapis_lazuli":1,"minecraft:dirt":5654,"born_in_chaos_v1:staffofthe_summoner":1,"born_in_chaos_v1:marigolds":4,"minecraft:leather_boots":2,"minecraft:bone":59,"minecraft:stonecutter":2,"minecraft:wheat_seeds":567,"minecraft:raw_gold":2,"minecraft:bell":3,"minecraft:grindstone":4,"minecraft:bamboo":36,"minecraft:fletching_table":39,"minecraft:glowstone_dust":7,"camera:image":3,"croptopia:roe":2,"minecraft:oak_planks":158,"chipped:patient_stripped_spruce_log":1,"minecraft:cooked_porkchop":4,"minecraft:poisonous_potato":3,"minecraft:sand":82,"immersiveengineering:raw_aluminum":28,"minecraft:stripped_spruce_log":63,"minecraft:ink_sac":4,"minecraft:grass_block":3,"minecraft:dark_oak_log":612,"minecraft:mossy_cobblestone":6,"minecraft:bundle":2,"croptopia:cherry":2,"minecraft:spruce_fence_gate":2,"chipped:carpenters_table":2,"born_in_chaos_v1:fire_dust":1,"minecraft:diamond":7,"minecraft:angler_pottery_sherd":2,"waystones:waystone":2,"minecraft:crossbow":6,"minecraft:bone_meal":16,"minecraft:golden_apple":2,"minecraft:spruce_sign":4,"minecraft:bread":72,"minecraft:emerald":74,"alexsmobs:maggot":6,"born_in_chaos_v1:rotten_fish":30,"minecraft:oak_sapling":273,"born_in_chaos_v1:sea_terror_stomach":1,"minecraft:crimson_roots":1,"minecraft:shelter_pottery_sherd":2,"minecraft:crafting_table":9,"born_in_chaos_v1:diamond_termite_shard":5,"minecraft:coarse_dirt":5,"minecraft:azure_bluet":2,"born_in_chaos_v1:river_mint":4,"croptopia:peach":10,"minecraft:clay_ball":43,"born_in_chaos_v1:seedof_chaos":3,"minecraft:brown_mushroom":4,"chipped:lumpy_stripped_spruce_log":1,"minecraft:cornflower":1,"minecraft:oak_trapdoor":8,"minecraft:red_bed":41,"minecraft:iron_axe":5,"camera:image_frame":1,"born_in_chaos_v1:intoxicating_decoction":1,"minecraft:item_frame":5,"minecraft:blackstone":6,"mcwfences:spruce_stockade_fence":16,"minecraft:beef":2,"born_in_chaos_v1:gnawed_bones":1,"minecraft:poppy":42,"minecraft:spruce_slab":4,"minecraft:lectern":571,"minecraft:sugar_cane":11,"minecraft:chest":6,"minecraft:birch_sapling":16,"minecraft:spruce_trapdoor":55,"minecraft:egg":1,"minecraft:raw_iron":14,"minecraft:oak_door":3,"minecraft:glow_item_frame":1,"mcwwindows:spruce_curtain_rod":2,"sophisticatedbackpacks:backpack":1,"minecraft:spruce_fence":15,"minecraft:carrot":596,"born_in_chaos_v1:pieceofdarkmetal":8,"mcwwindows:spruce_log_parapet":14,"minecraft:prismarine_crystals":2,"minecraft:arrow":93,"minecraft:beetroot_seeds":3,"minecraft:decorated_pot":4,"minecraft:hay_block":33,"mcwfences:wooden_cheval_de_frise":4,"born_in_chaos_v1:dark_ritual_dagger":1,"born_in_chaos_v1:spiny_shell":1,"minecraft:saddle":3,"tombstone:essence_of_undeath":1,"minecraft:totem_of_undying":4,"sophisticatedbackpacks:copper_backpack":2,"minecraft:mutton":3,"minecraft:skeleton_skull":1,"minecraft:white_wool":10,"minecraft:oxeye_daisy":2,"born_in_chaos_v1:corpse_maggot":10,"minecraft:salmon":2,"minecraft:leather":5,"minecraft:oak_log":750,"minecraft:chainmail_chestplate":3,"minecraft:yellow_bed":9,"minecraft:gunpowder":10,"minecraft:cobblestone_stairs":9,"minecraft:paper":15,"minecraft:white_banner":11,"tombstone:gift":1,"minecraft:cooked_mutton":11,"sophisticatedbackpacks:upgrade_base":1,"minecraft:apple":39,"minecraft:stone_pickaxe":2,"minecraft:iron_ingot":93,"minecraft:oak_fence_gate":3,"minecraft:cooked_chicken":1,"born_in_chaos_v1:chipped_black_argillite_brick":2,"tombstone:bag_of_seeds":2,"minecraft:book":2,"minecraft:scaffolding":50,"minecraft:oak_slab":6,"minecraft:black_candle":5,"croptopia:apricot":11,"minecraft:sweet_berries":2,"born_in_chaos_v1:orbofthe_summoner":1,"born_in_chaos_v1:ethereal_spirit":1,"minecraft:dandelion":15,"minecraft:gravel":149,"minecraft:spruce_sapling":347,"minecraft:blast_furnace":6,"minecraft:white_bed":29,"minecraft:spruce_log":5044,"minecraft:spider_eye":5,"minecraft:leather_helmet":2,"minecraft:pumpkin_seeds":4,"minecraft:slime_ball":1,"minecraft:snort_pottery_sherd":1,"immersiveengineering:seed":281,"minecraft:stone_axe":11,"minecraft:chainmail_leggings":1,"croptopia:orange":25,"minecraft:scute":1,"minecraft:baked_potato":135,"tombstone:magic_scroll":4,"minecraft:damaged_anvil":1,"minecraft:coal":254,"minecraft:hopper":2,"minecraft:ender_pearl":4},"minecraft:custom":{"minecraft:interact_with_crafting_table":53,"minecraft:open_barrel":36,"goblintraders:trade_with_goblin":66,"minecraft:bell_ring":21,"minecraft:leave_game":11,"minecraft:time_since_death":241968,"minecraft:sprint_one_cm":3891220,"minecraft:damage_blocked_by_shield":315,"minecraft:drop":327,"minecraft:talked_to_villager":858,"minecraft:play_time":1217395,"minecraft:deaths":8,"minecraft:jump":20200,"minecraft:interact_with_brewingstand":6,"minecraft:walk_on_water_one_cm":85330,"minecraft:interact_with_furnace":22,"minecraft:traded_with_villager":978,"minecraft:sleep_in_bed":25,"minecraft:waystone_activated":2,"minecraft:damage_dealt":54049,"minecraft:player_kills":1,"minecraft:crouch_one_cm":777624,"tombstone:undead_killed":123,"tombstone:villager_killed":2,"minecraft:interact_with_anvil":26,"minecraft:mob_kills":328,"minecraft:inspect_hopper":18,"minecraft:damage_dealt_resisted":6708,"minecraft:climb_one_cm":81873,"minecraft:walk_one_cm":3167331,"minecraft:damage_dealt_absorbed":159,"minecraft:raid_win":2,"minecraft:sneak_time":152654,"minecraft:walk_under_water_one_cm":32158,"minecraft:total_world_time":1217558,"tombstone:raider_killed":85,"minecraft:raid_trigger":2,"minecraft:interact_with_stonecutter":1,"minecraft:interact_with_grindstone":7,"minecraft:time_since_rest":3038,"minecraft:damage_absorbed":80,"minecraft:damage_taken":13403,"minecraft:swim_one_cm":85713,"minecraft:fly_one_cm":5051572,"minecraft:open_chest":425,"minecraft:fall_one_cm":476404},"minecraft:killed":{"alexsmobs:lobster":1,"minecraft:cave_spider":6,"minecraft:witch":4,"born_in_chaos_v1:zombie_lumberjack":3,"born_in_chaos_v1:restless_spirit":1,"born_in_chaos_v1:door_knight_not_despawn":1,"minecraft:spider":27,"born_in_chaos_v1:siamese_skeletonsright":1,"born_in_chaos_v1:baby_skeleton_minion":7,"minecraft:skeleton":27,"born_in_chaos_v1:skeleton_thrasher":2,"born_in_chaos_v1:supreme_bonescaller_stage_2":1,"born_in_chaos_v1:firelight_not_despawn":1,"born_in_chaos_v1:diamond_termite":4,"minecraft:zombie_villager":1,"born_in_chaos_v1:glutton_fish":1,"minecraft:iron_golem":16,"minecraft:creeper":14,"minecraft:sheep":2,"minecraft:trader_llama":3,"minecraft:pillager":51,"born_in_chaos_v1:zombie_fisherman":1,"minecraft:zombie":40,"minecraft:stray":6,"alexsmobs:fly":1,"born_in_chaos_v1:door_knight":2,"born_in_chaos_v1:siamese_skeletonsleft":1,"minecraft:cow":1,"minecraft:evoker":3,"minecraft:vex":3,"minecraft:vindicator":20,"born_in_chaos_v1:zombie_bruiser":1,"born_in_chaos_v1:maggot":15,"minecraft:drowned":1,"born_in_chaos_v1:corpse_fish":1,"born_in_chaos_v1:barrel_zombie":2,"born_in_chaos_v1:bone_imp_minion":11,"born_in_chaos_v1:baby_skeleton":6,"minecraft:bat":3,"minecraft:wandering_trader":2,"minecraft:ravager":7,"born_in_chaos_v1:decrepit_skeleton":6,"born_in_chaos_v1:bloody_gadfly":2,"born_in_chaos_v1:bonescaller_not_despawn":2,"born_in_chaos_v1:dark_vortex":1,"born_in_chaos_v1:decaying_zombie_not_despawn":1,"minecraft:enderman":4},"minecraft:killed_by":{"minecraft:vex":1,"minecraft:player":1,"mowziesmobs:ferrous_wroughtnaut":1,"minecraft:skeleton":1},"minecraft:mined":{"minecraft:spruce_planks":48,"minecraft:white_bed":29,"minecraft:oak_sapling":18,"minecraft:farmland":1,"minecraft:cobblestone_stairs":6,"minecraft:brewing_stand":4,"minecraft:spruce_trapdoor":55,"minecraft:grass_block":7681,"minecraft:composter":4,"minecraft:hopper":2,"minecraft:spawner":1,"minecraft:iron_ore":14,"minecraft:fire":12,"minecraft:fletching_table":39,"minecraft:azure_bluet":1,"minecraft:brown_bed":4,"mcwfences:wooden_cheval_de_frise":4,"minecraft:water_cauldron":1,"minecraft:dirt_path":223,"minecraft:iron_bars":1,"minecraft:oak_stairs":1,"minecraft:black_candle":2,"immersiveengineering:ore_lead":9,"minecraft:spruce_slab":1,"chipped:patient_stripped_spruce_log":1,"minecraft:red_bed":41,"minecraft:blackstone":3,"minecraft:clay":8,"minecraft:torch":23,"minecraft:blast_furnace":4,"minecraft:poppy":2,"minecraft:chest":6,"minecraft:spruce_wall_sign":5,"minecraft:cobblestone":280,"minecraft:damaged_anvil":1,"minecraft:oak_planks":158,"minecraft:sugar_cane":5,"minecraft:grindstone":4,"minecraft:spruce_sign":1,"minecraft:wall_torch":5,"minecraft:birch_sapling":5,"minecraft:skeleton_skull":1,"minecraft:yellow_wool":9,"minecraft:birch_log":10,"born_in_chaos_v1:river_mint":3,"minecraft:grass":1016,"minecraft:beetroots":1,"minecraft:oak_log":65,"minecraft:oak_fence_gate":3,"minecraft:sand":85,"minecraft:dirt":4004,"chipped:lumpy_stripped_spruce_log":1,"minecraft:stonecutter":2,"minecraft:deepslate":1,"minecraft:oak_leaves":6,"croptopia:orange_crop":1,"minecraft:mossy_cobblestone":3,"minecraft:deepslate_diamond_ore":4,"minecraft:oak_door":2,"fantasyfurniture:furniture_station":1,"minecraft:dark_oak_log":3,"born_in_chaos_v1:infected_diamond_ore":4,"minecraft:spruce_fence":15,"minecraft:decorated_pot":5,"minecraft:spruce_leaves":25,"born_in_chaos_v1:gnawed_bones":1,"minecraft:hay_block":33,"minecraft:oak_trapdoor":8,"minecraft:spruce_sapling":10,"minecraft:furnace":2,"minecraft:carrots":2,"minecraft:andesite":127,"minecraft:stripped_spruce_log":63,"mcwfences:spruce_stockade_fence":16,"minecraft:bell":3,"minecraft:vine":12,"minecraft:lantern":1,"minecraft:bamboo":4,"minecraft:stone":10689,"minecraft:white_wool":9,"immersiveengineering:ore_aluminum":29,"minecraft:smithing_table":4,"minecraft:oak_slab":6,"minecraft:scaffolding":22,"minecraft:glass_pane":3,"born_in_chaos_v1:marigolds":5,"minecraft:stripped_dark_oak_log":2,"minecraft:dandelion":4,"minecraft:oak_fence":1,"minecraft:crafting_table":9,"minecraft:cornflower":1,"minecraft:lectern":570,"chipped:carpenters_table":1,"minecraft:andesite_wall":21,"minecraft:copper_ore":58,"minecraft:tall_grass":456,"born_in_chaos_v1:chipped_black_argillite_brick":1,"mcwwindows:spruce_log_parapet":14,"minecraft:coarse_dirt":11,"minecraft:sweet_berry_bush":1,"minecraft:spruce_log":287,"mcwwindows:spruce_curtain_rod":2,"minecraft:white_wall_banner":1,"minecraft:yellow_bed":9,"minecraft:coal_ore":241,"minecraft:gravel":237,"minecraft:cobweb":6,"minecraft:spruce_fence_gate":3,"minecraft:fern":1},"minecraft:broken":{"minecraft:diamond_helmet":1,"minecraft:diamond_boots":1,"minecraft:diamond_shovel":2,"minecraft:diamond_pickaxe":1,"minecraft:stone_axe":2,"minecraft:crossbow":2,"minecraft:stone_shovel":1,"minecraft:diamond_axe":3,"minecraft:iron_axe":10,"minecraft:iron_pickaxe":1},"minecraft:used":{"minecraft:iron_shovel":168,"minecraft:spruce_slab":1,"sophisticatedbackpacks:copper_backpack":2,"minecraft:poppy":8,"minecraft:decorated_pot":4,"minecraft:chest":11,"minecraft:shield":6,"minecraft:iron_sword":146,"minecraft:bell":3,"mcwfences:wooden_cheval_de_frise":4,"minecraft:carrot":138,"minecraft:azure_bluet":2,"minecraft:stripped_spruce_log":3,"minecraft:milk_bucket":1,"born_in_chaos_v1:corpse_maggot":2,"born_in_chaos_v1:smoked_flesh":3,"minecraft:lava_bucket":15,"minecraft:item_frame":5,"minecraft:bow":367,"minecraft:scaffolding":68,"minecraft:written_book":5,"minecraft:sweet_berries":1,"minecraft:oak_sapling":24,"minecraft:furnace":2,"minecraft:potato":1,"mcwwindows:spruce_log_parapet":14,"chipped:lumpy_stripped_spruce_log":2,"minecraft:damaged_anvil":1,"minecraft:stone_pickaxe":67,"minecraft:oak_planks":147,"minecraft:diamond_axe":2277,"minecraft:wooden_pickaxe":22,"minecraft:composter":2,"minecraft:golden_apple":2,"minecraft:sand":13,"simplyswords:iron_chakram":4,"simplyswords:diamond_warglaive":398,"minecraft:blast_furnace":2,"minecraft:crossbow":4,"minecraft:shears":30,"croptopia:orange":17,"waystones:waystone":2,"minecraft:dark_oak_log":43,"minecraft:bread":72,"minecraft:lectern":570,"tombstone:grave_key":2,"minecraft:gravel":94,"minecraft:diamond_sword":144,"minecraft:grindstone":5,"minecraft:smithing_table":4,"minecraft:andesite":65,"minecraft:air":2,"minecraft:birch_log":6,"chipped:carpenters_table":2,"minecraft:bone_meal":277,"born_in_chaos_v1:dark_ritual_dagger":1,"camera:image_frame":2,"minecraft:flint_and_steel":16,"minecraft:stone_shovel":401,"minecraft:spruce_planks":1530,"minecraft:cooked_chicken":1,"minecraft:torch":411,"minecraft:brewing_stand":3,"minecraft:dirt":2449,"minecraft:hopper":3,"minecraft:spruce_fence":74,"minecraft:oak_fence_gate":4,"minecraft:andesite_wall":55,"minecraft:iron_hoe":13,"chipped:patient_stripped_spruce_log":1,"minecraft:iron_axe":468,"minecraft:oak_stairs":2,"minecraft:totem_of_undying":2,"tombstone:gift":5,"minecraft:cooked_beef":14,"minecraft:brown_bed":4,"minecraft:cooked_mutton":11,"minecraft:water_bucket":12,"fantasyfurniture:venthyr/desk_left":1,"minecraft:baked_potato":146,"croptopia:apricot":4,"minecraft:spruce_sign":12,"minecraft:fletching_table":43,"minecraft:stonecutter":1,"minecraft:spruce_fence_gate":7,"croptopia:cherry":2,"minecraft:glow_item_frame":1,"minecraft:crafting_table":11,"minecraft:vine":4,"minecraft:oak_slab":8,"minecraft:red_bed":40,"mcwwindows:spruce_curtain_rod":2,"minecraft:white_bed":29,"minecraft:spruce_log":1853,"minecraft:oak_log":22,"minecraft:diamond_pickaxe":11016,"minecraft:apple":58,"minecraft:diamond_shovel":12526,"minecraft:iron_pickaxe":462,"minecraft:map":1,"born_in_chaos_v1:staffofthe_summoner":1,"tombstone:magic_scroll":1,"minecraft:spruce_trapdoor":85,"minecraft:spruce_sapling":68,"minecraft:stone_axe":41,"fantasyfurniture:furniture_station":2,"minecraft:cobblestone":634,"minecraft:white_banner":1,"minecraft:cooked_porkchop":4,"minecraft:bucket":27,"minecraft:pumpkin_pie":3,"minecraft:yellow_bed":9,"mcwfences:spruce_stockade_fence":22},"minecraft:dropped":{"sophisticatedbackpacks:upgrade_base":2,"minecraft:diamond_axe":1,"minecraft:baked_potato":38,"minecraft:diamond":1,"minecraft:crossbow":2,"minecraft:sheaf_pottery_sherd":5,"minecraft:leather_helmet":1,"minecraft:cobblestone_stairs":9,"minecraft:emerald":9,"minecraft:dirt":13,"tombstone:bag_of_seeds":1,"minecraft:sand":65,"minecraft:tropical_fish_bucket":1,"minecraft:oak_door":2,"minecraft:gravel":1,"minecraft:stone_axe":19,"minecraft:blackstone":6,"minecraft:sugar_cane":1,"minecraft:wheat":300,"tombstone:gift":1,"born_in_chaos_v1:ethereal_spirit":1,"camera:image":1,"minecraft:beetroot":1,"minecraft:rotten_flesh":18,"minecraft:oak_planks":1,"minecraft:diamond_shovel":1,"minecraft:salmon":2,"minecraft:carrot":441,"minecraft:chainmail_chestplate":8,"minecraft:poppy":20,"minecraft:gunpowder":4,"born_in_chaos_v1:chipped_black_argillite_brick":1,"minecraft:beetroot_seeds":3,"born_in_chaos_v1:corpse_maggot":4,"minecraft:leather_boots":3,"minecraft:chainmail_boots":3,"minecraft:snort_pottery_sherd":1,"minecraft:spruce_slab":3,"minecraft:iron_bars":1,"minecraft:arrow":112,"immersiveengineering:seed":160,"minecraft:written_book":2,"minecraft:lectern":1,"minecraft:enchanted_book":1,"minecraft:bread":34,"minecraft:shelter_pottery_sherd":1,"minecraft:wheat_seeds":253,"minecraft:golden_helmet":2,"simplyswords:iron_chakram":1,"minecraft:mossy_cobblestone":3,"minecraft:diamond_leggings":1,"minecraft:poisonous_potato":1,"minecraft:cobblestone":3622,"minecraft:lead":1,"simplyswords:diamond_warglaive":1,"minecraft:stick":2,"minecraft:oxeye_daisy":2,"born_in_chaos_v1:river_mint":3,"minecraft:ink_sac":3,"minecraft:torch":64,"born_in_chaos_v1:staffofthe_summoner":1,"minecraft:diamond_helmet":1,"tombstone:grave_dust":1,"minecraft:oak_stairs":2,"minecraft:white_banner":2,"minecraft:iron_axe":4,"minecraft:angler_pottery_sherd":1,"minecraft:iron_shovel":1,"minecraft:chainmail_leggings":7,"minecraft:paper":3,"minecraft:string":9,"minecraft:spruce_sapling":132,"minecraft:dandelion":5,"alexsmobs:maggot":6,"born_in_chaos_v1:rotten_fish":2,"minecraft:stone_shovel":1,"minecraft:iron_hoe":1,"minecraft:stone_slab":5,"minecraft:diamond_sword":1,"minecraft:potato":56,"minecraft:diamond_chestplate":1,"minecraft:spruce_planks":1,"minecraft:diamond_pickaxe":1,"minecraft:oak_sapling":67,"minecraft:diamond_boots":1,"minecraft:spruce_log":128,"minecraft:bow":2,"minecraft:stone_pickaxe":3},"minecraft:crafted":{"minecraft:grindstone":1,"minecraft:oak_planks":2876,"fantasyfurniture:furniture_station":1,"minecraft:stone":4,"minecraft:diamond_shovel":6,"sophisticatedbackpacks:crafting_upgrade":1,"mcwwindows:spruce_log_parapet":5,"minecraft:glass":2,"minecraft:hopper":2,"minecraft:bow":6,"minecraft:diamond_helmet":3,"mcwfences:wooden_cheval_de_frise":4,"minecraft:diamond_leggings":2,"tombstone:grave_key":2,"camera:image":1,"minecraft:tipped_arrow":20,"minecraft:chest":8,"minecraft:name_tag":1,"minecraft:oak_slab":6,"minecraft:arrow":384,"minecraft:emerald":857,"minecraft:diamond_axe":5,"minecraft:crafting_table":4,"minecraft:spruce_planks":11096,"minecraft:wooden_pickaxe":1,"minecraft:baked_potato":40,"minecraft:chainmail_chestplate":5,"minecraft:copper_ingot":60,"minecraft:fletching_table":4,"minecraft:birch_planks":384,"sophisticatedbackpacks:upgrade_base":2,"minecraft:tropical_fish_bucket":1,"minecraft:lectern":1,"minecraft:iron_chestplate":1,"minecraft:diamond_pickaxe":4,"minecraft:shield":10,"camera:camera":1,"minecraft:stick":24951,"minecraft:stone_slab":6,"minecraft:iron_ingot":4,"minecraft:iron_pickaxe":2,"minecraft:gold_ingot":1,"minecraft:spruce_fence_gate":5,"minecraft:shears":1,"minecraft:coal":1,"minecraft:stone_shovel":3,"minecraft:spruce_button":64,"minecraft:furnace":2,"minecraft:stone_button":1,"minecraft:bone_meal":252,"minecraft:spruce_fence":69,"minecraft:andesite_wall":24,"minecraft:glass_pane":16,"minecraft:flint_and_steel":1,"mcwfences:spruce_stockade_fence":6,"minecraft:scaffolding":18,"minecraft:leather":1,"minecraft:iron_axe":14,"minecraft:spruce_slab":6,"minecraft:iron_hoe":1,"simplyswords:diamond_warglaive":1,"minecraft:stone_pickaxe":1,"minecraft:diamond_boots":3,"mcwwindows:spruce_curtain_rod":5,"minecraft:chainmail_leggings":6,"sophisticatedbackpacks:iron_backpack":1,"minecraft:wheat":297,"minecraft:diamond_sword":2,"minecraft:spruce_sign":6,"simplyswords:iron_chakram":1,"minecraft:iron_sword":1,"sophisticatedbackpacks:gold_backpack":1,"minecraft:bucket":1,"minecraft:stone_axe":12,"minecraft:enchanted_book":9,"minecraft:bread":64,"minecraft:air":0,"minecraft:oak_fence_gate":1,"minecraft:flint":64,"minecraft:chainmail_boots":6,"minecraft:iron_shovel":2,"camera:image_frame":1,"minecraft:torch":396,"minecraft:diamond_chestplate":2}},"DataVersion":3465}