{"stats":{"minecraft:crafted":{"fantasyfurniture:furniture_station":1,"alexsmobs:animal_dictionary":1,"minecraft:blaze_powder":4,"sophisticatedbackpacks:crafting_upgrade":1,"minecraft:diamond_shovel":6,"minecraft:bookshelf":100,"mcwwindows:spruce_log_parapet":5,"minecraft:glass":250,"minecraft:diamond_helmet":4,"mcwfences:wooden_cheval_de_frise":4,"minecraft:diamond_leggings":3,"camera:image":1,"minecraft:tipped_arrow":20,"minecraft:name_tag":16,"minecraft:emerald":2668,"minecraft:diamond_axe":10,"sophisticatedbackpacks:advanced_feeding_upgrade":1,"minecraft:clock":7,"minecraft:copper_ingot":60,"minecraft:sticky_piston":1,"minecraft:fletching_table":4,"minecraft:campfire":12,"minecraft:tropical_fish_bucket":1,"minecraft:lectern":4,"camera:camera":1,"minecraft:stone_slab":6,"minecraft:compass":7,"minecraft:iron_pickaxe":2,"minecraft:gold_ingot":10,"minecraft:netherite_ingot":1,"minecraft:spruce_fence_gate":19,"storagedrawers:upgrade_template":12,"minecraft:golden_carrot":1,"minecraft:stone_shovel":5,"minecraft:experience_bottle":2,"minecraft:bone_meal":261,"minecraft:spruce_fence":78,"minecraft:andesite_wall":24,"sophisticatedbackpacks:advanced_pump_upgrade":1,"minecraft:lantern":36,"minecraft:spruce_stairs":8,"born_in_chaos_v1:stimulating_bomb":1,"simplyswords:diamond_warglaive":1,"minecraft:spruce_slab":36,"minecraft:ender_pearl":9,"minecraft:stone_pickaxe":1,"minecraft:diamond_boots":3,"minecraft:spruce_boat":1,"minecraft:dark_oak_planks":1776,"mcwwindows:spruce_curtain_rod":5,"minecraft:chainmail_leggings":6,"minecraft:wheat":297,"simplyswords:iron_chakram":1,"sophisticatedbackpacks:gold_backpack":3,"minecraft:glowstone":25,"minecraft:enchanted_book":47,"minecraft:oak_fence_gate":1,"minecraft:golden_apple":2,"minecraft:flint":64,"minecraft:chainmail_boots":6,"minecraft:fermented_spider_eye":2,"minecraft:iron_shovel":2,"camera:image_frame":1,"minecraft:grindstone":1,"minecraft:oak_planks":2940,"minecraft:stone":6,"minecraft:snow":108,"storagedrawers:spruce_trim":52,"sophisticatedbackpacks:void_upgrade":1,"born_in_chaos_v1:dark_metal_ingot":6,"minecraft:hopper":2,"minecraft:bow":7,"tombstone:grave_key":3,"minecraft:comparator":2,"minecraft:chest":8,"storagedrawers:controller_slave":1,"minecraft:oak_slab":6,"minecraft:arrow":384,"minecraft:crafting_table":4,"minecraft:spruce_planks":25348,"minecraft:baked_potato":163,"minecraft:wooden_pickaxe":1,"mcwfences:spruce_picket_fence":21,"minecraft:chainmail_chestplate":5,"sophisticatedbackpacks:feeding_upgrade":1,"minecraft:birch_planks":384,"sophisticatedbackpacks:upgrade_base":5,"minecraft:dispenser":1,"minecraft:spruce_trapdoor":2,"minecraft:dark_oak_slab":6,"sophisticatedbackpacks:xp_pump_upgrade":1,"minecraft:iron_chestplate":1,"minecraft:diamond_pickaxe":7,"minecraft:shield":10,"minecraft:stick":51091,"minecraft:iron_ingot":36,"minecraft:snow_block":55,"minecraft:redstone_torch":7,"alexsmobs:mosquito_larva":1,"sophisticatedbackpacks:filter_upgrade":1,"minecraft:shears":15,"minecraft:nether_wart":74,"minecraft:redstone":49,"minecraft:coal":1,"minecraft:spruce_button":64,"minecraft:stone_button":1,"minecraft:furnace":2,"minecraft:piston":2,"minecraft:oak_trapdoor":2,"minecraft:glass_pane":16,"minecraft:flint_and_steel":1,"mcwfences:spruce_stockade_fence":54,"minecraft:scaffolding":18,"storagedrawers:controller":1,"minecraft:leather":1,"minecraft:iron_axe":15,"minecraft:iron_hoe":1,"minecraft:glowstone_dust":68,"minecraft:netherite_scrap":5,"storagedrawers:spruce_full_drawers_1":1,"minecraft:minecart":36,"sophisticatedbackpacks:iron_backpack":4,"minecraft:sugar":2,"minecraft:diamond_sword":2,"minecraft:spruce_sign":6,"minecraft:iron_sword":1,"minecraft:bucket":1,"minecraft:stone_axe":12,"minecraft:air":0,"minecraft:bread":64,"sophisticatedbackpacks:pump_upgrade":1,"minecraft:gold_nugget":9,"minecraft:torch":408,"minecraft:lapis_lazuli":26,"minecraft:diamond_chestplate":2},"minecraft:dropped":{"sophisticatedbackpacks:upgrade_base":2,"minecraft:glass_bottle":2,"minecraft:diamond":1,"elevatorid:elevator_white":1,"minecraft:crossbow":2,"minecraft:warped_roots":1,"minecraft:sheaf_pottery_sherd":5,"born_in_chaos_v1:pieceofdarkmetal":2,"minecraft:leather_helmet":2,"minecraft:emerald":195,"born_in_chaos_v1:monster_flesh":1,"minecraft:dirt":132,"minecraft:grass":6,"minecraft:gold_nugget":17,"minecraft:phantom_membrane":1,"minecraft:sand":68,"minecraft:sugar":1,"minecraft:polished_blackstone_slab":1,"minecraft:bone":16,"minecraft:tropical_fish_bucket":1,"minecraft:oak_door":2,"minecraft:stone_axe":19,"minecraft:compass":7,"minecraft:sugar_cane":1,"minecraft:ancient_debris":1,"minecraft:wheat":304,"tombstone:gift":1,"camera:image":5,"minecraft:rotten_flesh":85,"minecraft:oak_planks":1,"minecraft:glowstone_dust":2,"minecraft:azure_bluet":1,"minecraft:salmon":8,"minecraft:leather_boots":5,"minecraft:snort_pottery_sherd":1,"minecraft:spruce_slab":5,"minecraft:glass":395,"minecraft:lectern":2,"minecraft:enchanted_book":16,"born_in_chaos_v1:intoxicating_decoction":2,"minecraft:shelter_pottery_sherd":1,"minecraft:wheat_seeds":292,"simplyswords:iron_chakram":1,"minecraft:cobblestone":4032,"minecraft:book":5,"minecraft:apple":8,"born_in_chaos_v1:soul_cutlass":2,"minecraft:coal":6,"minecraft:oxeye_daisy":3,"minecraft:ink_sac":3,"minecraft:diamond_helmet":1,"minecraft:oak_stairs":2,"minecraft:white_banner":3,"minecraft:angler_pottery_sherd":1,"minecraft:chainmail_leggings":7,"minecraft:iron_shovel":1,"minecraft:paper":3,"minecraft:string":12,"minecraft:spruce_sapling":471,"sophisticatedbackpacks:feeding_upgrade":1,"minecraft:stone_sword":1,"born_in_chaos_v1:rotten_fish":3,"minecraft:stone_shovel":1,"minecraft:stone_slab":5,"minecraft:name_tag":1,"minecraft:diamond_sword":1,"minecraft:potato":322,"minecraft:stone":8,"minecraft:spruce_planks":3,"minecraft:bundle":4,"minecraft:diamond_pickaxe":5,"minecraft:spider_eye":5,"minecraft:bamboo":2,"minecraft:red_sand":1,"sophisticatedbackpacks:copper_backpack":1,"minecraft:bow":2,"minecraft:brown_mushroom":3,"minecraft:diamond_axe":1,"minecraft:oak_log":3,"minecraft:baked_potato":57,"minecraft:dark_oak_sapling":7,"minecraft:flint":1,"minecraft:cobblestone_stairs":9,"minecraft:spruce_leaves":18,"tombstone:bag_of_seeds":1,"minecraft:dark_oak_log":23,"born_in_chaos_v1:monster_skin":2,"minecraft:cornflower":1,"minecraft:crimson_roots":6,"minecraft:seagrass":4,"minecraft:snowball":2,"minecraft:polished_blackstone_bricks":2,"minecraft:gold_ingot":1,"minecraft:gravel":4,"minecraft:blackstone":6,"born_in_chaos_v1:fire_dust":10,"born_in_chaos_v1:ethereal_spirit":1,"minecraft:cherry_sapling":7,"minecraft:beetroot":1,"minecraft:diamond_shovel":2,"minecraft:carrot":1020,"minecraft:chainmail_chestplate":8,"minecraft:poppy":21,"minecraft:leather_chestplate":1,"minecraft:gunpowder":7,"born_in_chaos_v1:chipped_black_argillite_brick":1,"minecraft:beetroot_seeds":3,"born_in_chaos_v1:corpse_maggot":15,"minecraft:chainmail_boots":3,"minecraft:iron_bars":1,"minecraft:arrow":120,"minecraft:scaffolding":22,"minecraft:oak_leaves":42,"immersiveengineering:seed":171,"minecraft:written_book":3,"minecraft:netherrack":2016,"minecraft:bread":34,"minecraft:golden_helmet":2,"minecraft:cherry_log":17,"minecraft:mossy_cobblestone":3,"minecraft:poisonous_potato":5,"minecraft:diamond_leggings":1,"minecraft:lead":1,"simplyswords:diamond_warglaive":1,"minecraft:stick":146,"minecraft:spruce_fence_gate":13,"born_in_chaos_v1:river_mint":3,"minecraft:torch":64,"born_in_chaos_v1:staffofthe_summoner":1,"alexsmobs:dropbear_claw":7,"croptopia:nectarine":2,"tombstone:grave_dust":11,"minecraft:iron_axe":5,"minecraft:bucket":1,"minecraft:dandelion":18,"mcwwindows:spruce_log_parapet":10,"minecraft:kelp":2,"alexsmobs:maggot":7,"minecraft:warped_nylium":1,"minecraft:nether_wart":76,"minecraft:raw_iron":4,"minecraft:iron_hoe":1,"immersiveengineering:shader":1,"minecraft:diamond_chestplate":1,"minecraft:oak_sapling":67,"minecraft:golden_sword":5,"minecraft:diamond_boots":1,"minecraft:spruce_log":129,"minecraft:stone_pickaxe":3,"sophisticatedbackpacks:tank_upgrade":1},"minecraft:mined":{"minecraft:dark_oak_planks":3,"minecraft:white_bed":34,"cataclysm:stone_tiles":282,"minecraft:obsidian":10,"minecraft:red_sand":1,"minecraft:hopper":18,"minecraft:nether_wart":21,"minecraft:spawner":1,"minecraft:weeping_vines_plant":1,"minecraft:polished_blackstone_bricks":14,"minecraft:magma_block":4721,"minecraft:sticky_piston":2,"minecraft:fire":42,"minecraft:fletching_table":45,"minecraft:twisting_vines":8,"mcwfences:wooden_cheval_de_frise":4,"croptopia:apple_crop":7,"minecraft:water_cauldron":1,"minecraft:dirt_path":347,"minecraft:oak_stairs":1,"minecraft:tripwire":2,"minecraft:red_bed":53,"minecraft:crimson_nylium":41,"storagedrawers:controller":7,"minecraft:soul_fire":28,"minecraft:torch":38,"minecraft:blast_furnace":11,"minecraft:spruce_wall_sign":5,"minecraft:glass":3,"minecraft:sugar_cane":64,"minecraft:damaged_anvil":3,"minecraft:spruce_sign":1,"minecraft:birch_sapling":5,"minecraft:skeleton_skull":1,"minecraft:repeater":5,"minecraft:grass":1164,"minecraft:oak_fence_gate":3,"chipped:lumpy_stripped_spruce_log":1,"minecraft:stonecutter":4,"minecraft:yellow_stained_glass":4,"minecraft:piston":8,"mcwfences:spruce_picket_fence":21,"minecraft:deepslate":1,"croptopia:orange_crop":1,"minecraft:mossy_cobblestone":3,"minecraft:dark_oak_log":3,"minecraft:nether_bricks":2,"cataclysm:stone_tile_stairs":11,"minecraft:spruce_fence":153,"minecraft:redstone_wire":11,"born_in_chaos_v1:gnawed_bones":3,"minecraft:snow":19,"minecraft:andesite":132,"mcwfences:spruce_stockade_fence":21,"minecraft:vine":12,"minecraft:rail":8,"minecraft:bamboo":34,"minecraft:white_wool":9,"immersiveengineering:ore_aluminum":29,"minecraft:smithing_table":6,"minecraft:oak_slab":6,"minecraft:redstone_block":7,"minecraft:glass_pane":3,"minecraft:soul_sand":40,"minecraft:observer":1,"minecraft:dandelion":4,"minecraft:cornflower":2,"minecraft:warped_roots":1,"chipped:carpenters_table":1,"minecraft:campfire":2,"minecraft:copper_ore":64,"minecraft:tall_grass":499,"minecraft:warped_wart_block":3,"minecraft:coarse_dirt":11,"minecraft:cobblestone_wall":2,"minecraft:white_carpet":1,"minecraft:spruce_log":1190,"storagedrawers:spruce_trim":33,"minecraft:gravel":254,"minecraft:cobweb":45,"minecraft:spruce_fence_gate":3,"minecraft:fern":1,"minecraft:spruce_planks":1013,"minecraft:oak_sapling":18,"minecraft:farmland":1,"minecraft:cobblestone_stairs":6,"sophisticatedbackpacks:gold_backpack":5,"minecraft:brewing_stand":5,"minecraft:spruce_trapdoor":147,"minecraft:grass_block":8330,"sophisticatedbackpacks:iron_backpack":8,"minecraft:composter":4,"minecraft:gilded_blackstone":2,"minecraft:glowstone":1,"minecraft:iron_ore":44,"minecraft:azure_bluet":2,"minecraft:brown_bed":4,"minecraft:dark_oak_stairs":11,"minecraft:iron_bars":1,"minecraft:black_candle":2,"immersiveengineering:ore_lead":9,"sophisticatedbackpacks:copper_backpack":3,"minecraft:spruce_slab":132,"minecraft:blackstone":5,"chipped:patient_stripped_spruce_log":1,"minecraft:twisting_vines_plant":4,"minecraft:clay":8,"minecraft:poppy":3,"minecraft:chest":44,"minecraft:nether_quartz_ore":16,"minecraft:cobblestone":414,"minecraft:oak_planks":158,"minecraft:grindstone":5,"cataclysm:stone_tile_slab":3,"minecraft:wall_torch":6,"croptopia:nectarine_crop":2,"minecraft:warped_nylium":7,"minecraft:dark_oak_slab":73,"minecraft:yellow_wool":9,"minecraft:birch_log":10,"born_in_chaos_v1:river_mint":3,"minecraft:tnt":2,"minecraft:oak_log":69,"minecraft:beetroots":1,"minecraft:sand":408,"minecraft:dirt":4514,"minecraft:netherrack":3387,"minecraft:ancient_debris":6,"minecraft:oak_leaves":51,"minecraft:nether_gold_ore":61,"minecraft:deepslate_diamond_ore":4,"minecraft:oak_door":2,"fantasyfurniture:furniture_station":1,"born_in_chaos_v1:infected_diamond_ore":4,"minecraft:ladder":1,"minecraft:decorated_pot":5,"minecraft:spruce_leaves":3264,"elevatorid:elevator_yellow":1,"storagedrawers:spruce_full_drawers_2":1,"minecraft:hay_block":33,"minecraft:oak_trapdoor":8,"minecraft:spruce_sapling":13,"minecraft:furnace":2,"minecraft:carrots":2,"minecraft:nether_sprouts":2,"minecraft:dark_oak_fence_gate":3,"minecraft:stripped_spruce_log":69,"minecraft:gold_block":1,"minecraft:bell":3,"minecraft:bookshelf":93,"minecraft:lantern":2,"minecraft:stone":13065,"minecraft:scaffolding":363,"born_in_chaos_v1:marigolds":5,"minecraft:snow_block":52,"minecraft:stripped_dark_oak_log":2,"minecraft:oak_fence":1,"minecraft:crafting_table":9,"storagedrawers:controller_slave":5,"minecraft:lectern":1065,"minecraft:andesite_wall":21,"born_in_chaos_v1:chipped_black_argillite_brick":1,"mcwwindows:spruce_log_parapet":14,"minecraft:spruce_stairs":107,"minecraft:polished_blackstone_slab":1,"chipped:etched_stone_bricks":4,"minecraft:redstone_torch":2,"minecraft:sweet_berry_bush":1,"mcwwindows:spruce_curtain_rod":2,"minecraft:white_wall_banner":1,"minecraft:yellow_bed":10,"minecraft:coal_ore":288,"storagedrawers:spruce_full_drawers_4":37},"minecraft:used":{"sophisticatedbackpacks:copper_backpack":3,"minecraft:spruce_slab":412,"minecraft:ladder":4,"minecraft:poppy":8,"minecraft:chest":59,"minecraft:stone":1,"mcwfences:wooden_cheval_de_frise":4,"born_in_chaos_v1:soul_cutlass":15,"minecraft:snowball":7,"minecraft:azure_bluet":2,"minecraft:stripped_spruce_log":18,"cataclysm:infernal_forge":3,"minecraft:spruce_boat":2,"born_in_chaos_v1:smoked_flesh":3,"minecraft:lava_bucket":15,"minecraft:dark_oak_slab":530,"minecraft:snow":61,"minecraft:bow":461,"storagedrawers:spruce_trim":68,"minecraft:oak_sapling":24,"minecraft:sweet_berries":1,"minecraft:furnace":2,"minecraft:potato":7,"mcwwindows:spruce_log_parapet":14,"minecraft:damaged_anvil":3,"minecraft:blackstone":2,"minecraft:wooden_pickaxe":22,"storagedrawers:spruce_full_drawers_2":1,"minecraft:composter":2,"storagedrawers:spruce_full_drawers_1":1,"minecraft:golden_apple":2,"elevatorid:elevator_white":1,"minecraft:sand":13,"simplyswords:diamond_warglaive":1168,"minecraft:blast_furnace":3,"croptopia:orange":17,"minecraft:lectern":1073,"minecraft:diamond_sword":144,"minecraft:smithing_table":6,"minecraft:birch_log":6,"minecraft:oak_boat":10,"chipped:carpenters_table":2,"born_in_chaos_v1:dark_ritual_dagger":2,"minecraft:oak_trapdoor":1,"camera:image_frame":3,"minecraft:netherrack":707,"minecraft:torch":449,"minecraft:brewing_stand":5,"minecraft:warped_wart_block":3,"minecraft:twisting_vines":8,"minecraft:oak_fence_gate":4,"minecraft:iron_axe":510,"storagedrawers:controller":8,"mcwfences:spruce_picket_fence":23,"minecraft:totem_of_undying":2,"minecraft:bamboo":5,"minecraft:diamond_chestplate":2,"minecraft:glowstone":2,"tombstone:gift":6,"sophisticatedbackpacks:gold_backpack":7,"minecraft:water_bucket":113,"fantasyfurniture:venthyr/desk_left":1,"storagedrawers:spruce_full_drawers_4":43,"minecraft:fletching_table":49,"minecraft:spruce_fence_gate":43,"minecraft:polished_blackstone_bricks":13,"minecraft:tnt":2,"minecraft:crafting_table":11,"minecraft:vine":4,"minecraft:rail":12,"minecraft:oak_slab":8,"minecraft:red_bed":53,"mcwwindows:spruce_curtain_rod":2,"minecraft:white_bed":35,"minecraft:campfire":74,"minecraft:dark_oak_fence_gate":3,"cataclysm:stone_tile_stairs":23,"minecraft:spruce_log":3438,"minecraft:oak_log":24,"minecraft:diamond_pickaxe":22293,"minecraft:diamond_shovel":14067,"minecraft:iron_pickaxe":462,"born_in_chaos_v1:staffofthe_summoner":1,"tombstone:magic_scroll":11,"minecraft:spruce_trapdoor":364,"minecraft:spruce_sapling":155,"minecraft:cobblestone":930,"fantasyfurniture:furniture_station":2,"minecraft:potion":3,"minecraft:cooked_porkchop":4,"mcwfences:spruce_stockade_fence":83,"minecraft:cherry_sapling":4,"minecraft:iron_shovel":354,"born_in_chaos_v1:intoxicating_decoction":1,"minecraft:decorated_pot":4,"minecraft:shield":6,"minecraft:iron_sword":146,"minecraft:nether_wart":1,"minecraft:bell":3,"minecraft:spruce_leaves":2761,"minecraft:carrot":224,"cataclysm:stone_tiles":491,"minecraft:obsidian":6,"minecraft:milk_bucket":2,"minecraft:glass":340,"born_in_chaos_v1:corpse_maggot":2,"minecraft:coal_ore":13,"minecraft:lantern":16,"minecraft:hopper_minecart":5,"born_in_chaos_v1:gnawed_bones":2,"minecraft:item_frame":5,"minecraft:magma_block":2933,"minecraft:warped_fungus":1,"minecraft:written_book":5,"minecraft:scaffolding":1225,"cataclysm:stone_tile_slab":11,"minecraft:dark_oak_sapling":7,"minecraft:dark_oak_stairs":41,"chipped:lumpy_stripped_spruce_log":2,"elevatorid:elevator_yellow":3,"minecraft:diamond_boots":1,"minecraft:stone_pickaxe":67,"minecraft:oak_planks":147,"minecraft:ender_pearl":10,"minecraft:sugar_cane":100,"minecraft:redstone_block":6,"minecraft:diamond_axe":5603,"simplyswords:iron_chakram":4,"minecraft:crossbow":4,"minecraft:shears":3218,"minecraft:redstone_torch":2,"waystones:waystone":2,"minecraft:dark_oak_log":43,"minecraft:bread":72,"minecraft:string":2,"tombstone:grave_key":19,"minecraft:gravel":94,"minecraft:grindstone":6,"minecraft:andesite":67,"minecraft:air":2,"minecraft:coarse_dirt":5,"minecraft:bone_meal":364,"minecraft:cobweb":39,"minecraft:oak_fence":2,"sophisticatedbackpacks:iron_backpack":11,"minecraft:flint_and_steel":17,"minecraft:stone_shovel":472,"minecraft:spruce_planks":5348,"minecraft:cooked_chicken":1,"minecraft:dirt":3053,"minecraft:white_carpet":5,"minecraft:hopper":24,"minecraft:spruce_stairs":687,"minecraft:cobblestone_wall":32,"minecraft:diamond_helmet":1,"minecraft:spruce_fence":649,"minecraft:andesite_wall":55,"minecraft:iron_hoe":13,"elevatorid:elevator_purple":1,"minecraft:dark_oak_planks":107,"chipped:patient_stripped_spruce_log":1,"minecraft:bookshelf":93,"minecraft:yellow_stained_glass":46,"minecraft:oak_stairs":2,"minecraft:minecart":119,"minecraft:cooked_beef":14,"minecraft:brown_bed":4,"minecraft:cooked_mutton":11,"minecraft:snow_block":1,"minecraft:glass_bottle":3,"minecraft:baked_potato":625,"croptopia:apricot":4,"minecraft:spruce_sign":12,"minecraft:stonecutter":3,"cataclysm:stone_tile_wall":56,"minecraft:warped_roots":1,"minecraft:glow_item_frame":1,"croptopia:cherry":2,"minecraft:piston":8,"minecraft:apple":58,"minecraft:map":1,"storagedrawers:controller_slave":5,"minecraft:stone_axe":48,"chipped:etched_stone_bricks":4,"minecraft:white_banner":1,"minecraft:bucket":132,"minecraft:pumpkin_pie":3,"minecraft:yellow_bed":10,"alexsmobs:animal_dictionary":4,"minecraft:splash_potion":2},"minecraft:picked_up":{"minecraft:seagrass":8,"minecraft:chainmail_boots":2,"minecraft:prismarine_shard":4,"minecraft:smithing_table":6,"minecraft:lead":7,"minecraft:oak_stairs":4,"minecraft:brown_bed":4,"minecraft:enchanted_book":3,"minecraft:brewing_stand":4,"minecraft:golden_sword":7,"minecraft:string":95,"minecraft:pufferfish":1,"minecraft:beetroot":1,"minecraft:diamond_leggings":1,"minecraft:gold_nugget":301,"minecraft:cobbled_deepslate":1,"minecraft:spruce_planks":1089,"minecraft:written_book":2,"minecraft:hopper_minecart":5,"minecraft:golden_helmet":2,"immersiveengineering:shader_bag_epic":1,"minecraft:sheaf_pottery_sherd":5,"born_in_chaos_v1:shattered_skull":2,"minecraft:composter":4,"born_in_chaos_v1:pileof_dark_metal":1,"minecraft:cherry_log":17,"minecraft:cauldron":1,"minecraft:stone_sword":2,"minecraft:blackstone_wall":1,"elevatorid:elevator_yellow":3,"minecraft:blaze_rod":9,"minecraft:iron_bars":1,"minecraft:snowball":229,"alexsmobs:flying_fish":2,"minecraft:birch_log":102,"minecraft:magma_block":4483,"minecraft:feather":1,"minecraft:cooked_beef":2,"born_in_chaos_v1:spiritual_dust":3,"chipped:etched_stone_bricks":4,"minecraft:flint":24,"cataclysm:stone_tile_slab":3,"minecraft:lantern":12,"minecraft:twisting_vines":8,"born_in_chaos_v1:marigolds":4,"minecraft:stonecutter":4,"minecraft:glowstone_dust":9,"croptopia:roe":2,"cataclysm:stone_tile_wall":8,"minecraft:warped_wart_block":3,"minecraft:stripped_spruce_log":83,"sophisticatedbackpacks:iron_backpack":9,"minecraft:ink_sac":4,"minecraft:dark_oak_log":734,"cataclysm:stone_tiles":477,"minecraft:bundle":12,"croptopia:cherry":2,"minecraft:angler_pottery_sherd":2,"minecraft:spruce_button":64,"minecraft:bread":72,"alexsmobs:maggot":10,"born_in_chaos_v1:rotten_fish":31,"minecraft:crimson_roots":7,"minecraft:diamond_pickaxe":2,"sophisticatedbackpacks:gold_backpack":7,"minecraft:spruce_leaves":3536,"minecraft:crafting_table":9,"minecraft:shelter_pottery_sherd":2,"minecraft:coarse_dirt":11,"minecraft:nether_wart":25,"minecraft:clay_ball":43,"cataclysm:stone_tile_stairs":63,"born_in_chaos_v1:seedof_chaos":6,"chipped:lumpy_stripped_spruce_log":1,"minecraft:cornflower":2,"minecraft:red_bed":53,"camera:image_frame":2,"born_in_chaos_v1:intoxicating_decoction":4,"minecraft:white_carpet":31,"minecraft:beef":4,"born_in_chaos_v1:gnawed_bones":5,"minecraft:poppy":44,"minecraft:spruce_slab":139,"minecraft:minecart":58,"minecraft:chest":67,"minecraft:birch_sapling":16,"minecraft:piston":10,"minecraft:egg":1,"minecraft:stone":1203,"minecraft:oak_door":3,"minecraft:glow_item_frame":1,"sophisticatedbackpacks:backpack":1,"minecraft:spruce_fence":168,"born_in_chaos_v1:pieceofdarkmetal":16,"minecraft:carrot":1941,"minecraft:redstone":10,"minecraft:prismarine_crystals":2,"minecraft:tnt":2,"minecraft:diamond_chestplate":1,"minecraft:decorated_pot":4,"minecraft:beetroot_seeds":3,"minecraft:gold_ingot":5,"minecraft:shears":6,"minecraft:hay_block":33,"storagedrawers:controller":7,"born_in_chaos_v1:spiny_shell":3,"born_in_chaos_v1:dark_ritual_dagger":1,"tombstone:essence_of_undeath":1,"minecraft:totem_of_undying":4,"sophisticatedbackpacks:copper_backpack":8,"minecraft:glow_berries":2,"minecraft:mutton":3,"minecraft:white_wool":10,"minecraft:rail":29,"minecraft:oxeye_daisy":3,"born_in_chaos_v1:monster_flesh":2,"minecraft:blackstone_slab":2,"minecraft:oak_log":770,"minecraft:ancient_debris":6,"alexsmobs:mosquito_proboscis":1,"minecraft:paper":15,"tombstone:gift":1,"minecraft:white_banner":13,"sophisticatedbackpacks:upgrade_base":1,"born_in_chaos_v1:soul_cutlass":3,"minecraft:apple":56,"minecraft:kelp":5,"born_in_chaos_v1:smoked_flesh":8,"minecraft:oak_fence_gate":3,"minecraft:stone_pickaxe":2,"minecraft:cobweb":2,"tombstone:bag_of_seeds":2,"minecraft:glass_bottle":1,"minecraft:dark_oak_stairs":11,"elevatorid:elevator_white":2,"minecraft:milk_bucket":1,"minecraft:dark_oak_slab":77,"minecraft:sweet_berries":2,"storagedrawers:controller_slave":5,"born_in_chaos_v1:orbofthe_summoner":1,"born_in_chaos_v1:ethereal_spirit":1,"storagedrawers:spruce_full_drawers_2":1,"minecraft:gravel":165,"minecraft:spruce_sapling":777,"minecraft:spruce_log":12746,"minecraft:leather_helmet":3,"minecraft:slime_ball":2,"minecraft:snort_pottery_sherd":1,"immersiveengineering:seed":306,"minecraft:stone_axe":13,"croptopia:orange":25,"minecraft:scute":1,"minecraft:warped_roots":2,"minecraft:baked_potato":616,"minecraft:warped_nylium":1,"minecraft:hopper":38,"minecraft:ender_pearl":9,"minecraft:wheat":180,"cataclysm:monstrous_horn":1,"minecraft:redstone_block":8,"minecraft:nether_brick_fence":1,"minecraft:yellow_wool":7,"minecraft:potion":5,"minecraft:gilded_blackstone":6,"born_in_chaos_v1:bloody_gadfly_eye":1,"minecraft:raw_copper":224,"minecraft:sticky_piston":2,"alexsmobs:dropbear_claw":8,"immersiveengineering:raw_lead":9,"alexsmobs:blood_sac":2,"minecraft:red_sand":1,"minecraft:bucket":2,"storagedrawers:spruce_trim":38,"minecraft:redstone_torch":2,"minecraft:iron_pickaxe":1,"born_in_chaos_v1:stimulating_decoction":1,"minecraft:furnace":2,"minecraft:tipped_arrow":9,"minecraft:stick":1010,"minecraft:oak_fence":3,"minecraft:torch":48,"storagedrawers:spruce_full_drawers_4":37,"minecraft:spruce_stairs":106,"minecraft:porkchop":6,"tombstone:grave_dust":49,"minecraft:vine":12,"elevatorid:elevator_purple":1,"fantasyfurniture:furniture_station":1,"mcwfences:spruce_picket_fence":20,"minecraft:andesite_wall":16,"simplyswords:diamond_warglaive":1,"minecraft:nether_gold_ore":2,"minecraft:rotten_flesh":230,"born_in_chaos_v1:sea_terror_eye":2,"minecraft:obsidian":10,"minecraft:cod":1,"minecraft:blaze_powder":3,"minecraft:cobblestone":7356,"minecraft:nautilus_shell":1,"minecraft:leather_chestplate":1,"minecraft:repeater":5,"croptopia:nectarine":2,"minecraft:andesite":116,"minecraft:potato":529,"minecraft:horn_coral":1,"minecraft:lapis_lazuli":1,"minecraft:dirt":6920,"born_in_chaos_v1:staffofthe_summoner":1,"born_in_chaos_v1:monster_skin":3,"minecraft:leather_boots":5,"minecraft:glass":395,"minecraft:bone":138,"minecraft:wheat_seeds":607,"minecraft:raw_gold":2,"minecraft:bell":3,"minecraft:grindstone":5,"minecraft:fletching_table":45,"minecraft:bamboo":306,"camera:image":7,"minecraft:oak_planks":158,"chipped:patient_stripped_spruce_log":1,"minecraft:cooked_porkchop":4,"minecraft:poisonous_potato":7,"minecraft:polished_blackstone_slab":8,"minecraft:sand":401,"immersiveengineering:raw_aluminum":28,"minecraft:grass_block":3,"minecraft:mossy_cobblestone":6,"minecraft:spruce_fence_gate":26,"chipped:carpenters_table":2,"minecraft:sugar":17,"born_in_chaos_v1:fire_dust":30,"minecraft:diamond":7,"minecraft:spruce_boat":1,"waystones:waystone":2,"minecraft:crossbow":6,"minecraft:grass":6,"minecraft:bone_meal":16,"minecraft:golden_apple":3,"minecraft:spruce_sign":4,"minecraft:emerald":74,"minecraft:oak_sapling":275,"minecraft:netherrack":2819,"born_in_chaos_v1:sea_terror_stomach":1,"minecraft:oak_leaves":42,"minecraft:charcoal":4,"born_in_chaos_v1:diamond_termite_shard":5,"minecraft:azure_bluet":3,"minecraft:splash_potion":3,"born_in_chaos_v1:river_mint":5,"minecraft:ladder":1,"croptopia:peach":10,"minecraft:brown_mushroom":7,"minecraft:gold_block":1,"minecraft:oak_trapdoor":8,"minecraft:iron_axe":8,"minecraft:item_frame":6,"minecraft:blackstone":8,"mcwfences:spruce_stockade_fence":22,"minecraft:oak_boat":10,"minecraft:observer":1,"minecraft:lectern":1067,"minecraft:sugar_cane":131,"minecraft:spruce_trapdoor":179,"minecraft:phantom_membrane":2,"minecraft:dark_oak_sapling":10,"minecraft:raw_iron":45,"mcwwindows:spruce_curtain_rod":2,"minecraft:polished_blackstone_bricks":15,"mcwwindows:spruce_log_parapet":19,"minecraft:dark_oak_planks":3,"minecraft:arrow":123,"minecraft:nether_bricks":2,"mcwfences:wooden_cheval_de_frise":4,"minecraft:saddle":3,"minecraft:skeleton_skull":1,"born_in_chaos_v1:corpse_maggot":40,"minecraft:crimson_stem":5,"minecraft:salmon":8,"minecraft:leather":9,"minecraft:chainmail_chestplate":3,"minecraft:yellow_bed":10,"minecraft:cobblestone_wall":2,"minecraft:gunpowder":21,"minecraft:cobblestone_stairs":9,"minecraft:cooked_mutton":11,"cataclysm:infernal_forge":1,"minecraft:iron_ingot":115,"minecraft:cooked_chicken":1,"born_in_chaos_v1:chipped_black_argillite_brick":3,"minecraft:soul_sand":40,"minecraft:book":303,"minecraft:scaffolding":1200,"minecraft:oak_slab":6,"minecraft:warped_fungus":1,"minecraft:black_candle":5,"croptopia:apricot":11,"born_in_chaos_v1:lifestealer_bone":3,"minecraft:quartz":16,"minecraft:dandelion":23,"minecraft:blast_furnace":13,"minecraft:white_bed":35,"minecraft:nether_brick_slab":4,"minecraft:dark_oak_fence_gate":3,"minecraft:spider_eye":24,"minecraft:pumpkin_seeds":4,"minecraft:chainmail_leggings":1,"minecraft:cherry_sapling":11,"tombstone:magic_scroll":8,"minecraft:damaged_anvil":3,"minecraft:coal":337},"minecraft:broken":{"minecraft:diamond_helmet":1,"minecraft:shears":14,"minecraft:diamond_shovel":2,"minecraft:diamond_pickaxe":1,"minecraft:crossbow":2,"minecraft:diamond_leggings":2,"minecraft:iron_axe":14,"minecraft:iron_pickaxe":1,"minecraft:diamond_boots":1,"minecraft:stone_axe":3,"minecraft:stone_shovel":1,"minecraft:diamond_chestplate":1,"minecraft:diamond_axe":6},"minecraft:killed":{"alexsmobs:lobster":1,"minecraft:cave_spider":6,"born_in_chaos_v1:restless_spirit":1,"born_in_chaos_v1:zombie_lumberjack":3,"born_in_chaos_v1:door_knight_not_despawn":1,"born_in_chaos_v1:siamese_skeletonsright":1,"born_in_chaos_v1:baby_skeleton_minion":7,"minecraft:skeleton":53,"born_in_chaos_v1:skeleton_thrasher":2,"born_in_chaos_v1:supreme_bonescaller_stage_2":1,"minecraft:magma_cube":13,"born_in_chaos_v1:bone_imp":28,"minecraft:iron_golem":17,"minecraft:pillager":56,"minecraft:zombie":125,"born_in_chaos_v1:door_knight":3,"minecraft:cow":2,"minecraft:evoker":3,"minecraft:vindicator":20,"born_in_chaos_v1:firelight":16,"born_in_chaos_v1:barrel_zombie":9,"born_in_chaos_v1:bone_imp_minion":11,"minecraft:wandering_trader":3,"minecraft:ravager":7,"born_in_chaos_v1:decrepit_skeleton":10,"born_in_chaos_v1:bloody_gadfly":3,"born_in_chaos_v1:dark_vortex":1,"goblintraders:vein_goblin_trader":2,"minecraft:enderman":6,"born_in_chaos_v1:lifestealer_true_form":1,"born_in_chaos_v1:zombie_clown":1,"minecraft:witch":5,"minecraft:zombified_piglin":5,"minecraft:spider":45,"cataclysm:netherite_monstrosity":1,"born_in_chaos_v1:firelight_not_despawn":1,"minecraft:piglin":6,"minecraft:zombie_villager":4,"born_in_chaos_v1:diamond_termite":4,"born_in_chaos_v1:glutton_fish":1,"minecraft:creeper":19,"alexsmobs:crimson_mosquito":4,"minecraft:sheep":2,"minecraft:trader_llama":5,"born_in_chaos_v1:zombie_fisherman":1,"born_in_chaos_v1:dread_hound":4,"minecraft:stray":6,"minecraft:ghast":1,"alexsmobs:fly":3,"born_in_chaos_v1:siamese_skeletonsleft":1,"minecraft:blaze":13,"alexsmobs:dropbear":8,"minecraft:vex":3,"minecraft:phantom":4,"born_in_chaos_v1:zombie_bruiser":1,"born_in_chaos_v1:maggot":52,"minecraft:drowned":1,"born_in_chaos_v1:corpse_fish":1,"born_in_chaos_v1:mr_pumpkin_controlled":1,"born_in_chaos_v1:baby_skeleton":6,"minecraft:bat":3,"minecraft:hoglin":1,"born_in_chaos_v1:bonescaller_not_despawn":2,"tombstone:spectral_wolf":2,"minecraft:wither_skeleton":28,"born_in_chaos_v1:decaying_zombie_not_despawn":1},"minecraft:killed_by":{"born_in_chaos_v1:nightmare_stalker":1,"minecraft:vex":1,"born_in_chaos_v1:lifestealer_true_form":1,"born_in_chaos_v1:firelight":1,"cataclysm:netherite_monstrosity":1,"minecraft:wither_skeleton":2,"minecraft:creeper":1,"alexsmobs:dropbear":2,"minecraft:player":2,"minecraft:enderman":1,"mowziesmobs:ferrous_wroughtnaut":1,"minecraft:skeleton":1},"minecraft:custom":{"minecraft:interact_with_crafting_table":62,"minecraft:open_barrel":38,"goblintraders:trade_with_goblin":881,"minecraft:bell_ring":21,"minecraft:leave_game":22,"minecraft:time_since_death":75671,"minecraft:damage_blocked_by_shield":315,"minecraft:play_time":3172002,"minecraft:deaths":26,"minecraft:jump":45480,"minecraft:interact_with_furnace":175,"minecraft:traded_with_villager":2325,"minecraft:sleep_in_bed":57,"minecraft:waystone_activated":2,"minecraft:damage_dealt":112210,"tombstone:undead_killed":318,"minecraft:interact_with_smithing_table":1,"minecraft:interact_with_anvil":62,"minecraft:inspect_hopper":35,"minecraft:damage_dealt_absorbed":319,"minecraft:sneak_time":426653,"minecraft:interact_with_blast_furnace":7,"minecraft:total_world_time":3172165,"tombstone:raider_killed":110,"minecraft:interact_with_stonecutter":8,"minecraft:time_since_rest":75372,"minecraft:swim_one_cm":138886,"minecraft:fly_one_cm":10879552,"minecraft:open_chest":1206,"minecraft:fall_one_cm":1094885,"minecraft:animals_bred":2,"minecraft:sprint_one_cm":8333822,"minecraft:drop":729,"minecraft:talked_to_villager":1803,"minecraft:interact_with_brewingstand":17,"minecraft:walk_on_water_one_cm":101396,"minecraft:player_kills":2,"minecraft:crouch_one_cm":2085373,"tombstone:villager_killed":3,"minecraft:mob_kills":812,"minecraft:damage_dealt_resisted":7696,"minecraft:climb_one_cm":624325,"minecraft:walk_one_cm":6882430,"minecraft:raid_win":2,"minecraft:walk_under_water_one_cm":36181,"minecraft:raid_trigger":2,"minecraft:interact_with_grindstone":9,"minecraft:damage_taken":34203,"minecraft:damage_absorbed":80}},"DataVersion":3465}