{"stats":{"minecraft:used":{"minecraft:spruce_slab":219,"minecraft:polished_blackstone":1,"sophisticatedbackpacks:copper_backpack":1,"minecraft:ladder":8,"minecraft:chest":11,"minecraft:stone":80,"minecraft:soul_sand":43,"minecraft:brick_slab":1,"mcwwindows:oak_four_window":49,"born_in_chaos_v1:soul_cutlass":3,"minecraft:azure_bluet":4,"minecraft:grass_block":2,"minecraft:birch_sapling":1,"born_in_chaos_v1:mint_candy":1,"minecraft:bow":162,"minecraft:oak_sapling":18,"minecraft:furnace":16,"minecraft:egg":4,"minecraft:potato":115,"mowziesmobs:foliaath_seed":2,"minecraft:diorite":2,"minecraft:spruce_door":1,"minecraft:blackstone":2,"storagedrawers:spruce_full_drawers_2":18,"minecraft:golden_apple":3,"minecraft:sand":9,"simplyswords:diamond_warglaive":4,"minecraft:blast_furnace":1,"croptopia:nectarine":2,"minecraft:lectern":145,"minecraft:diamond_sword":511,"chipped:fine_nether_bricks_pillar":42,"minecraft:oak_boat":3,"born_in_chaos_v1:dark_ritual_dagger":4,"minecraft:oak_trapdoor":33,"camera:image_frame":1,"alexsmobs:banana_peel":2,"minecraft:carved_pumpkin":1,"minecraft:polished_blackstone_wall":2,"minecraft:netherrack":1638,"minecraft:torch":319,"minecraft:brewing_stand":2,"minecraft:anvil":1,"mcwfences:oak_horse_fence":72,"minecraft:nether_brick_slab":3,"minecraft:nether_brick_stairs":7,"simplyswords:diamond_scythe":1,"minecraft:iron_axe":629,"minecraft:brick_stairs":1,"minecraft:totem_of_undying":2,"minecraft:barrel":17,"minecraft:bamboo":28,"tombstone:gift":18,"minecraft:cobbled_deepslate":1,"minecraft:golden_axe":32,"minecraft:wheat_seeds":243,"chipped:tiny_netherrack_bricks":130,"minecraft:water_bucket":25,"fantasyfurniture:venthyr/desk_left":1,"minecraft:polished_blackstone_bricks":3,"minecraft:mossy_cobblestone":14,"minecraft:oak_slab":386,"minecraft:crafting_table":7,"croptopia:apple_sapling":8,"mcwwindows:spruce_curtain_rod":1,"minecraft:white_bed":11,"minecraft:spruce_log":198,"minecraft:oak_log":705,"minecraft:diamond_pickaxe":13229,"minecraft:cornflower":2,"minecraft:oxeye_daisy":1,"minecraft:diamond_shovel":3833,"minecraft:iron_pickaxe":750,"born_in_chaos_v1:staffofthe_summoner":15,"minecraft:spruce_trapdoor":40,"chipped:reinforced_spruce_crate":2,"minecraft:spruce_sapling":21,"minecraft:crimson_nylium":35,"fantasyfurniture:furniture_station":1,"minecraft:cobblestone":947,"minecraft:cooked_porkchop":4,"mcwfences:nether_brick_pillar_wall":14,"minecraft:brush":127,"minecraft:stripped_oak_log":7,"croptopia:pear_sapling":2,"minecraft:dandelion":1,"minecraft:iron_shovel":713,"minecraft:shield":1,"chipped:edged_nether_bricks_bricks":9,"minecraft:nether_bricks":23,"minecraft:carrot":200,"minecraft:obsidian":18,"minecraft:milk_bucket":1,"minecraft:glass":13,"tombstone:decorative_grave_simple":1,"minecraft:lantern":5,"minecraft:warped_nylium":6,"minecraft:crimson_roots":15,"minecraft:item_frame":1,"chipped:massive_netherrack_bricks":9,"minecraft:magma_block":35,"minecraft:written_book":3,"minecraft:scaffolding":77,"mcwfences:spruce_pyramid_gate":16,"chipped:tiny_nether_bricks_bricks":7,"minecraft:wither_skeleton_skull":2,"minecraft:oak_planks":229,"minecraft:sugar_cane":27,"minecraft:diamond_axe":1333,"mcwfences:modern_nether_brick_wall":6,"minecraft:white_wool":9,"mcwwindows:nether_brick_arrow_slit":13,"simplyswords:iron_chakram":3,"minecraft:light_gray_terracotta":1,"minecraft:dark_oak_log":3,"minecraft:heavy_weighted_pressure_plate":1,"minecraft:bread":149,"mcwfences:oak_stockade_fence":63,"born_in_chaos_v1:pumpkin_staff":1,"tombstone:grave_key":9,"born_in_chaos_v1:marigolds":10,"minecraft:gravel":2,"born_in_chaos_v1:river_mint":1,"minecraft:andesite":3,"minecraft:coarse_dirt":23,"minecraft:bone_meal":88,"minecraft:oak_fence":11,"minecraft:flint_and_steel":67,"minecraft:stone_shovel":142,"minecraft:spruce_planks":320,"minecraft:cooked_chicken":2,"minecraft:oak_door":3,"minecraft:red_nether_brick_slab":53,"minecraft:dirt":969,"minecraft:spruce_stairs":267,"minecraft:diamond_helmet":1,"minecraft:oak_wood":7,"minecraft:spruce_fence":129,"minecraft:iron_hoe":455,"minecraft:bookshelf":4,"minecraft:oak_stairs":301,"chipped:smooth_nether_bricks_column":9,"chipped:cobbled_nether_bricks":10,"mcwfences:spruce_horse_fence":38,"minecraft:cooked_beef":1,"born_in_chaos_v1:trident_hayfork":263,"minecraft:cooked_mutton":8,"mcwwindows:oak_window2":4,"minecraft:baked_potato":273,"croptopia:apricot":8,"minecraft:warped_roots":3,"minecraft:stripped_dark_oak_log":1,"chipped:mason_table":1,"born_in_chaos_v1:cultivated_pumpkin":1,"tombstone:bag_of_seeds":3,"minecraft:apple":21,"croptopia:orange_sapling":4,"minecraft:stone_axe":51,"minecraft:crimson_fungus":2,"croptopia:peach_sapling":4,"minecraft:mud_brick_wall":2,"minecraft:white_banner":1,"minecraft:bucket":25,"chipped:nether_bricks_scales":6},"minecraft:killed":{"minecraft:cave_spider":2,"born_in_chaos_v1:mr_pumpkin":14,"born_in_chaos_v1:zombie_lumberjack":1,"born_in_chaos_v1:door_knight_not_despawn":1,"born_in_chaos_v1:sir_the_headless":2,"born_in_chaos_v1:pumpkin_spirit":1,"minecraft:zombie_horse":2,"born_in_chaos_v1:baby_skeleton_minion":1,"minecraft:skeleton":8,"minecraft:chicken":3,"born_in_chaos_v1:supreme_bonescaller_stage_2":1,"minecraft:magma_cube":14,"born_in_chaos_v1:bone_imp":2,"minecraft:iron_golem":10,"minecraft:pillager":16,"minecraft:zombie":27,"alexsmobs:maned_wolf":1,"minecraft:cow":7,"minecraft:evoker":6,"minecraft:vindicator":13,"alexsmobs:seagull":1,"born_in_chaos_v1:firelight":13,"born_in_chaos_v1:pumpkinhead":2,"minecraft:horse":3,"born_in_chaos_v1:barrel_zombie":1,"born_in_chaos_v1:bone_imp_minion":6,"minecraft:wandering_trader":2,"born_in_chaos_v1:bloody_gadfly":2,"born_in_chaos_v1:dark_vortex":1,"minecraft:enderman":2,"minecraft:witch":6,"minecraft:spider":20,"minecraft:piglin":7,"minecraft:pig":4,"born_in_chaos_v1:glutton_fish":2,"minecraft:creeper":2,"alexsmobs:crimson_mosquito":3,"minecraft:sheep":17,"minecraft:trader_llama":7,"minecraft:stray":1,"minecraft:ghast":1,"alexsmobs:fly":1,"minecraft:blaze":19,"minecraft:vex":16,"born_in_chaos_v1:zombie_clown_not_despawn":1,"alexsmobs:tasmanian_devil":1,"minecraft:slime":14,"born_in_chaos_v1:zombie_bruiser":1,"born_in_chaos_v1:maggot":11,"alexsmobs:blue_jay":2,"born_in_chaos_v1:corpse_fish":4,"born_in_chaos_v1:mr_pumpkin_controlled":4,"mowziesmobs:baby_foliaath":2,"minecraft:hoglin":1,"tombstone:spectral_wolf":2,"minecraft:wither_skeleton":15},"minecraft:crafted":{"minecraft:smooth_stone":3,"born_in_chaos_v1:death_totem":1,"minecraft:blaze_powder":2,"alexsmobs:banana_peel":2,"sophisticatedbackpacks:crafting_upgrade":1,"croptopia:avocado_sapling":1,"minecraft:nether_brick":320,"minecraft:cooked_mutton":19,"mcwfences:nether_brick_pillar_wall":10,"minecraft:glass":136,"minecraft:diamond_helmet":2,"minecraft:diamond_leggings":1,"minecraft:tipped_arrow":5,"mcwwindows:oak_window2":24,"minecraft:emerald":428,"minecraft:cooked_porkchop":8,"minecraft:diamond_axe":2,"minecraft:spruce_door":3,"minecraft:copper_ingot":1,"minecraft:oak_wood":6,"mcwwindows:window_base":72,"minecraft:iron_pickaxe":4,"minecraft:gold_ingot":35,"storagedrawers:upgrade_template":4,"minecraft:nautilus_shell":5,"minecraft:stone_shovel":1,"minecraft:iron_nugget":36,"storagedrawers:spruce_full_drawers_2":18,"minecraft:bone_meal":97,"minecraft:spruce_fence":39,"storagedrawers:emerald_storage_upgrade":2,"alexsmobs:acacia_blossom":4,"croptopia:peach_sapling":4,"born_in_chaos_v1:pieceofdarkmetal":9,"minecraft:spruce_stairs":28,"minecraft:spruce_slab":84,"minecraft:diamond_boots":1,"minecraft:dark_oak_planks":88,"minecraft:wheat":9,"sophisticatedbackpacks:gold_backpack":1,"minecraft:enchanted_book":6,"mcwfences:spruce_horse_fence":33,"storagedrawers:iron_storage_upgrade":2,"mcwfences:oak_horse_fence":81,"minecraft:oak_stairs":224,"minecraft:iron_shovel":2,"minecraft:white_bed":3,"minecraft:brick":1,"mcwwindows:window_half_bar_base":72,"minecraft:oak_planks":1124,"minecraft:barrel":9,"minecraft:cooked_chicken":3,"minecraft:stone":75,"minecraft:heavy_weighted_pressure_plate":1,"minecraft:green_dye":9,"born_in_chaos_v1:dark_ritual_dagger":1,"minecraft:chest":30,"minecraft:red_nether_brick_slab":54,"mcwwindows:nether_brick_arrow_slit":3,"mcwfences:modern_nether_brick_wall":6,"minecraft:oak_slab":192,"sophisticatedbackpacks:backpack":1,"minecraft:arrow":192,"minecraft:crafting_table":4,"mcwwindows:window_centre_bar_base":48,"minecraft:spruce_planks":5156,"minecraft:baked_potato":876,"tombstone:decorative_grave_simple":1,"mcwfences:spruce_pyramid_gate":15,"minecraft:birch_planks":52,"minecraft:spruce_trapdoor":30,"born_in_chaos_v1:staffofthe_summoner":1,"minecraft:book":1,"minecraft:stick":8839,"minecraft:iron_ingot":40,"mcwwindows:oak_four_window":48,"croptopia:pear_sapling":2,"minecraft:nether_wart":72,"croptopia:apple_sapling":8,"minecraft:mangrove_propagule":1,"simplyswords:diamond_scythe":1,"minecraft:furnace":8,"minecraft:blast_furnace":1,"minecraft:oak_trapdoor":52,"minecraft:flint_and_steel":1,"minecraft:scaffolding":42,"born_in_chaos_v1:bone_handle":2,"minecraft:iron_axe":3,"mcwfences:oak_stockade_fence":51,"minecraft:iron_hoe":3,"minecraft:netherite_scrap":5,"sophisticatedbackpacks:iron_backpack":1,"minecraft:cooked_beef":3,"minecraft:sugar":2,"croptopia:orange_sapling":4,"minecraft:nether_bricks":64,"minecraft:bucket":2,"minecraft:air":0,"minecraft:bread":153,"minecraft:jungle_planks":8,"minecraft:oak_boat":1,"tombstone:dark_marble":4,"minecraft:anvil":1,"minecraft:torch":360,"minecraft:diamond_chestplate":1},"minecraft:broken":{"minecraft:diamond_helmet":2,"minecraft:chainmail_boots":1,"minecraft:diamond_shovel":1,"minecraft:diamond_pickaxe":1,"minecraft:iron_hoe":1,"minecraft:shield":1,"minecraft:iron_axe":5,"minecraft:iron_pickaxe":3,"minecraft:iron_shovel":3,"minecraft:diamond_boots":1,"minecraft:stone_axe":1,"minecraft:stone_shovel":1,"minecraft:flint_and_steel":1,"minecraft:golden_axe":1,"minecraft:diamond_axe":2},"minecraft:dropped":{"minecraft:clay":1,"minecraft:porkchop":3,"minecraft:lapis_lazuli":9,"minecraft:cooked_beef":2,"minecraft:diamond":3,"minecraft:cooked_porkchop":4,"minecraft:crossbow":6,"minecraft:warped_roots":13,"born_in_chaos_v1:dark_ritual_dagger":1,"minecraft:emerald":13,"minecraft:dirt":449,"minecraft:yellow_dye":2,"chipped:carpenters_table":1,"minecraft:gold_nugget":6,"born_in_chaos_v1:trident_hayfork":1,"minecraft:bone_meal":10,"minecraft:sand":2,"minecraft:sugar":2,"minecraft:iron_pickaxe":1,"minecraft:bone":4,"minecraft:polished_blackstone_wall":1,"minecraft:iron_nugget":21,"minecraft:cooked_chicken":1,"minecraft:cobbled_deepslate":1,"minecraft:birch_sapling":4,"minecraft:wheat":8,"tombstone:gift":1,"minecraft:rotten_flesh":39,"minecraft:oak_planks":2,"chipped:reinforced_spruce_crate":12,"minecraft:white_bed":1,"minecraft:red_stained_glass_pane":2,"minecraft:yellow_stained_glass_pane":1,"croptopia:broccoli_seed":1,"minecraft:ladder":1,"minecraft:spruce_slab":4,"born_in_chaos_v1:marigolds":1,"minecraft:enchanted_book":1,"minecraft:blue_stained_glass_pane":1,"minecraft:wheat_seeds":97,"minecraft:mourner_pottery_sherd":1,"minecraft:book":3,"minecraft:cobblestone":832,"croptopia:orange":34,"minecraft:apple":44,"born_in_chaos_v1:soul_cutlass":2,"minecraft:coal":2,"minecraft:golden_apple":2,"minecraft:oxeye_daisy":3,"minecraft:ink_sac":1,"minecraft:wooden_hoe":2,"minecraft:oak_stairs":4,"minecraft:white_banner":1,"minecraft:chainmail_leggings":1,"minecraft:paper":12,"minecraft:string":5,"minecraft:spruce_sapling":108,"minecraft:skull_pottery_sherd":1,"minecraft:pink_stained_glass_pane":1,"alexsmobs:banana_peel":1,"mcwwindows:oak_four_window":1,"minecraft:stone_sword":2,"born_in_chaos_v1:rotten_fish":3,"minecraft:stone_shovel":1,"minecraft:spruce_fence":38,"mcwfences:spruce_horse_fence":5,"minecraft:potato":4,"minecraft:spruce_planks":66,"minecraft:spruce_trapdoor":23,"minecraft:bundle":1,"minecraft:diamond_pickaxe":2,"croptopia:pear":17,"minecraft:spider_eye":6,"minecraft:stone_bricks":1,"sophisticatedbackpacks:copper_backpack":2,"minecraft:red_sand":1,"minecraft:magma_block":10,"minecraft:crimson_nylium":12,"minecraft:orange_dye":1,"minecraft:warped_fungus":2,"minecraft:oak_log":7,"minecraft:baked_potato":439,"minecraft:dark_oak_sapling":6,"minecraft:leather":1,"minecraft:flint":9,"minecraft:dark_oak_log":611,"minecraft:cornflower":1,"minecraft:crimson_roots":6,"minecraft:seagrass":2,"minecraft:gilded_blackstone":3,"immersiveengineering:raw_lead":1,"minecraft:birch_log":19,"minecraft:gravel":37,"minecraft:prize_pottery_sherd":1,"minecraft:blackstone":1,"born_in_chaos_v1:fire_dust":1,"born_in_chaos_v1:ethereal_spirit":1,"minecraft:diamond_shovel":1,"minecraft:cooked_mutton":11,"croptopia:asparagus_seed":2,"minecraft:carrot":184,"minecraft:chainmail_chestplate":1,"minecraft:poppy":5,"minecraft:beetroot_seeds":1,"minecraft:melon_seeds":2,"born_in_chaos_v1:corpse_maggot":6,"minecraft:chainmail_boots":1,"minecraft:blackstone_slab":2,"minecraft:arrow":4,"minecraft:scaffolding":5,"minecraft:quartz":2,"immersiveengineering:seed":89,"minecraft:written_book":2,"minecraft:netherrack":244,"minecraft:bread":35,"minecraft:stripped_spruce_log":2,"minecraft:oak_slab":15,"minecraft:diamond_leggings":2,"minecraft:poisonous_potato":3,"simplyswords:diamond_warglaive":1,"minecraft:spruce_stairs":24,"minecraft:stick":138,"minecraft:blue_dye":2,"minecraft:diorite":2,"born_in_chaos_v1:river_mint":2,"minecraft:milk_bucket":2,"minecraft:nether_gold_ore":2,"minecraft:torch":31,"tombstone:grave_key":1,"born_in_chaos_v1:staffofthe_summoner":1,"minecraft:nether_wart_block":2,"tombstone:grave_dust":2,"immersiveengineering:shader_bag_epic":1,"minecraft:iron_axe":1,"minecraft:dandelion":11,"minecraft:smooth_basalt":1,"alexsmobs:maggot":2,"minecraft:warped_nylium":6,"minecraft:oak_trapdoor":1,"minecraft:coarse_dirt":50,"minecraft:blaze_rod":5,"minecraft:raw_iron":2,"mcwfences:oak_stockade_fence":1,"minecraft:iron_hoe":1,"croptopia:cherry":1,"minecraft:red_terracotta":3,"minecraft:flint_and_steel":1,"minecraft:gray_terracotta":1,"minecraft:diamond_chestplate":1,"minecraft:golden_leggings":1,"minecraft:oak_boat":1,"minecraft:oak_sapling":166,"minecraft:miner_pottery_sherd":1,"minecraft:spruce_log":112,"croptopia:peach":18,"minecraft:raw_gold":1,"minecraft:brick":1},"minecraft:picked_up":{"minecraft:seagrass":2,"minecraft:chainmail_boots":2,"minecraft:lead":7,"minecraft:diamond_sword":1,"minecraft:oak_stairs":192,"minecraft:enchanted_book":15,"minecraft:brewing_stand":4,"chipped:edged_nether_bricks_bricks":9,"minecraft:string":47,"minecraft:blue_stained_glass_pane":1,"minecraft:diamond_leggings":2,"minecraft:gold_nugget":84,"minecraft:cobbled_deepslate":2,"minecraft:spruce_planks":59,"minecraft:written_book":2,"immersiveengineering:shader_bag_epic":1,"minecraft:sheaf_pottery_sherd":3,"born_in_chaos_v1:shattered_skull":1,"born_in_chaos_v1:fel_soil":32,"minecraft:stone_sword":6,"croptopia:persimmon":9,"minecraft:blue_dye":3,"minecraft:iron_block":2,"minecraft:carved_pumpkin":2,"minecraft:bookshelf":4,"chipped:fine_nether_bricks_pillar":4,"minecraft:white_terracotta":47,"born_in_chaos_v1:cultivated_pumpkin":4,"minecraft:blaze_rod":9,"minecraft:host_armor_trim_smithing_template":3,"minecraft:birch_log":64,"minecraft:magma_block":3120,"minecraft:feather":4,"born_in_chaos_v1:spiritual_dust":4,"minecraft:jungle_log":2,"minecraft:flint":120,"minecraft:lantern":1,"minecraft:brown_candle":1,"born_in_chaos_v1:marigolds":11,"minecraft:gray_terracotta":1,"minecraft:diamond_helmet":1,"minecraft:glowstone_dust":2,"croptopia:lime":6,"croptopia:plum":2,"minecraft:stripped_spruce_log":2,"minecraft:ink_sac":1,"minecraft:dark_oak_log":636,"minecraft:red_terracotta":3,"minecraft:barrel":14,"mcwfences:oak_stockade_fence":13,"minecraft:bundle":3,"minecraft:iron_hoe":1,"croptopia:cherry":10,"minecraft:miner_pottery_sherd":1,"minecraft:bread":29,"alexsmobs:maggot":4,"minecraft:rooted_dirt":3,"born_in_chaos_v1:rotten_fish":17,"minecraft:diamond_pickaxe":5,"minecraft:crimson_roots":28,"minecraft:crafting_table":6,"minecraft:coarse_dirt":238,"minecraft:nether_wart":13,"minecraft:clay_ball":16,"born_in_chaos_v1:seedof_chaos":3,"minecraft:mourner_pottery_sherd":1,"minecraft:cornflower":5,"minecraft:flint_and_steel":1,"camera:image_frame":1,"minecraft:iron_shovel":1,"minecraft:polished_blackstone_wall":2,"minecraft:cartography_table":1,"croptopia:avocado":2,"minecraft:beef":15,"minecraft:poppy":17,"minecraft:spruce_slab":25,"minecraft:chest":1,"minecraft:birch_sapling":8,"minecraft:copper_ore":4,"minecraft:egg":4,"minecraft:stone":1263,"minecraft:oak_door":5,"minecraft:spruce_fence":47,"minecraft:skull_pottery_sherd":1,"born_in_chaos_v1:pieceofdarkmetal":12,"minecraft:carrot":601,"minecraft:redstone":100,"minecraft:stone_shovel":1,"minecraft:diamond_chestplate":1,"minecraft:beetroot_seeds":1,"minecraft:diamond_boots":1,"minecraft:hay_block":1,"minecraft:totem_of_undying":5,"sophisticatedbackpacks:copper_backpack":3,"minecraft:polished_blackstone":1,"minecraft:mutton":25,"minecraft:heartbreak_pottery_sherd":2,"minecraft:white_wool":25,"minecraft:oxeye_daisy":6,"minecraft:stripped_oak_log":30,"born_in_chaos_v1:monster_flesh":1,"born_in_chaos_v1:pumpkin_staff":2,"minecraft:yellow_dye":2,"minecraft:blackstone_slab":2,"minecraft:red_mushroom":8,"minecraft:filled_map":1,"minecraft:oak_log":1216,"minecraft:ancient_debris":4,"tombstone:gift":1,"minecraft:white_banner":6,"sophisticatedbackpacks:upgrade_base":1,"born_in_chaos_v1:soul_cutlass":3,"minecraft:apple":88,"mcwwindows:oak_window2":4,"minecraft:stone_bricks":1,"minecraft:kelp":5,"tombstone:bag_of_seeds":1,"minecraft:glass_bottle":2,"minecraft:flowering_azalea":2,"minecraft:smooth_basalt":1,"minecraft:milk_bucket":1,"minecraft:sweet_berries":8,"born_in_chaos_v1:orbofthe_summoner":1,"born_in_chaos_v1:ethereal_spirit":5,"storagedrawers:spruce_full_drawers_2":1,"minecraft:gravel":1005,"minecraft:spruce_sapling":129,"minecraft:prize_pottery_sherd":1,"tombstone:decorative_grave_simple":1,"minecraft:spruce_log":1804,"minecraft:crying_obsidian":2,"minecraft:oak_wood":7,"minecraft:diamond_shovel":3,"minecraft:coal_ore":22,"minecraft:slime_ball":18,"immersiveengineering:seed":296,"minecraft:stone_axe":1,"croptopia:orange":42,"minecraft:diamond_axe":1,"minecraft:scute":1,"minecraft:gray_wool":1,"minecraft:warped_roots":22,"minecraft:red_nether_brick_slab":1,"minecraft:baked_potato":4,"minecraft:warped_nylium":12,"minecraft:stripped_dark_oak_log":2,"minecraft:crimson_nylium":76,"immersiveengineering:raw_silver":10,"minecraft:ender_pearl":1,"minecraft:wheat":495,"chipped:cobbled_nether_bricks":10,"minecraft:gilded_blackstone":3,"born_in_chaos_v1:bloody_gadfly_eye":2,"born_in_chaos_v1:holiday_candy":56,"born_in_chaos_v1:black_argillite":89,"minecraft:raw_copper":171,"minecraft:red_candle":3,"alexsmobs:dropbear_claw":2,"minecraft:sea_pickle":1,"immersiveengineering:raw_lead":48,"alexsmobs:blood_sac":1,"minecraft:red_sand":1,"minecraft:bucket":1,"minecraft:azalea":3,"born_in_chaos_v1:stimulating_decoction":2,"alexsmobs:banana_peel":1,"minecraft:furnace":9,"minecraft:tipped_arrow":1,"minecraft:stick":382,"minecraft:oak_fence":11,"born_in_chaos_v1:phantom_powder":2,"minecraft:torch":143,"minecraft:spruce_stairs":7,"minecraft:porkchop":12,"tombstone:grave_dust":18,"minecraft:diorite":4,"fantasyfurniture:furniture_station":1,"simplyswords:diamond_warglaive":1,"minecraft:nether_gold_ore":8,"minecraft:rotten_flesh":71,"born_in_chaos_v1:sea_terror_eye":4,"mcwfences:spruce_pyramid_gate":14,"mcwfences:nether_brick_pillar_wall":7,"chipped:tiny_nether_bricks_bricks":7,"minecraft:obsidian":48,"minecraft:cobblestone":9316,"minecraft:raiser_armor_trim_smithing_template":3,"croptopia:nectarine":9,"minecraft:andesite":3,"minecraft:golden_leggings":1,"minecraft:potato":881,"chipped:massive_netherrack_bricks":9,"fantasyfurniture:venthyr/desk_left":1,"minecraft:wither_skeleton_skull":2,"minecraft:lapis_lazuli":46,"minecraft:dirt":3080,"born_in_chaos_v1:staffofthe_summoner":1,"minecraft:name_tag":1,"minecraft:glass":11,"minecraft:bone":40,"minecraft:bow":2,"minecraft:wheat_seeds":1195,"minecraft:green_candle":3,"minecraft:raw_gold":13,"minecraft:grindstone":1,"minecraft:bamboo":70,"camera:image":2,"minecraft:oak_planks":210,"chipped:smooth_nether_bricks_column":9,"minecraft:pink_stained_glass_pane":1,"minecraft:poisonous_potato":9,"minecraft:sand":250,"immersiveengineering:raw_aluminum":107,"minecraft:grass_block":2,"minecraft:dead_bush":1,"minecraft:mossy_cobblestone":34,"minecraft:light_gray_terracotta":1,"minecraft:sugar":1,"minecraft:clay":1,"born_in_chaos_v1:fire_dust":13,"minecraft:diamond":2,"minecraft:yellow_stained_glass_pane":1,"minecraft:crossbow":6,"minecraft:bone_meal":2,"sophisticatedbackpacks:feeding_upgrade":1,"minecraft:emerald":75,"minecraft:oak_sapling":371,"minecraft:netherrack":3793,"born_in_chaos_v1:sea_terror_stomach":2,"minecraft:azure_bluet":4,"minecraft:chicken":3,"born_in_chaos_v1:river_mint":18,"croptopia:peach":26,"minecraft:brown_mushroom":8,"minecraft:gold_block":1,"minecraft:chain":4,"mcwfences:spruce_horse_fence":10,"minecraft:brick":1,"minecraft:oak_trapdoor":9,"minecraft:iron_axe":2,"minecraft:item_frame":1,"minecraft:blackstone":3,"croptopia:pear":21,"minecraft:candle":16,"minecraft:oak_boat":3,"minecraft:lectern":145,"minecraft:sugar_cane":41,"minecraft:spruce_trapdoor":33,"minecraft:dark_oak_sapling":70,"minecraft:raw_iron":39,"minecraft:orange_dye":1,"mcwwindows:spruce_curtain_rod":1,"minecraft:music_disc_relic":2,"chipped:tiny_netherrack_bricks":36,"minecraft:red_stained_glass_pane":2,"chipped:reinforced_spruce_crate":8,"minecraft:polished_blackstone_bricks":3,"minecraft:friend_pottery_sherd":1,"minecraft:howl_pottery_sherd":1,"minecraft:purple_candle":3,"minecraft:arrow":130,"minecraft:nether_bricks":413,"immersiveengineering:shader":1,"minecraft:saddle":4,"minecraft:brick_stairs":2,"born_in_chaos_v1:trident_hayfork":2,"born_in_chaos_v1:corpse_maggot":13,"minecraft:burn_pottery_sherd":1,"minecraft:salmon":4,"minecraft:leather":12,"chipped:nether_bricks_scales":6,"minecraft:crimson_fungus":5,"minecraft:chainmail_chestplate":1,"minecraft:nether_wart_block":2,"minecraft:gunpowder":6,"minecraft:cobblestone_stairs":1,"minecraft:wooden_hoe":2,"mcwwindows:oak_four_window":10,"minecraft:heart_pottery_sherd":1,"mcwwindows:nether_brick_arrow_slit":13,"mcwfences:modern_nether_brick_wall":6,"minecraft:iron_ingot":52,"minecraft:soul_sand":67,"minecraft:book":6,"minecraft:tropical_fish_bucket":1,"minecraft:scaffolding":82,"minecraft:oak_slab":76,"minecraft:warped_fungus":9,"croptopia:apricot":12,"minecraft:pumpkin":5,"minecraft:quartz":8,"minecraft:dandelion":15,"born_in_chaos_v1:dark_rod":3,"minecraft:amethyst_shard":4,"minecraft:mud_brick_wall":2,"minecraft:white_bed":9,"minecraft:nether_brick_slab":3,"minecraft:spider_eye":9,"minecraft:brick_slab":1,"minecraft:pumpkin_seeds":78,"mcwfences:oak_horse_fence":3,"minecraft:chainmail_leggings":1,"minecraft:terracotta":2,"tombstone:magic_scroll":1,"simplyswords:iron_chakram":1,"minecraft:coal":285},"minecraft:killed_by":{"born_in_chaos_v1:nightmare_stalker":1,"minecraft:pillager":1,"minecraft:ravager":2,"minecraft:vindicator":6,"minecraft:zombie":1,"minecraft:vex":6,"born_in_chaos_v1:lifestealer_true_form":1,"minecraft:stray":1,"cataclysm:netherite_monstrosity":2,"minecraft:wither_skeleton":1,"minecraft:blaze":1,"minecraft:witch":1,"minecraft:player":2,"minecraft:spider":1,"minecraft:enderman":1,"minecraft:iron_golem":1,"mowziesmobs:ferrous_wroughtnaut":1},"minecraft:mined":{"minecraft:red_nether_brick_slab":1,"born_in_chaos_v1:cultivated_pumpkin":4,"minecraft:white_bed":8,"chipped:cobbled_nether_bricks":10,"chipped:nether_bricks_scales":6,"minecraft:obsidian":48,"minecraft:carved_pumpkin":1,"minecraft:red_sand":1,"born_in_chaos_v1:dark_metal_deposit":9,"minecraft:crimson_fungus":3,"minecraft:oxeye_daisy":3,"minecraft:nether_wart":10,"minecraft:spawner":9,"minecraft:polished_blackstone_bricks":2,"minecraft:magma_block":3265,"minecraft:fire":92,"minecraft:barrel":14,"minecraft:pumpkin":5,"minecraft:dirt_path":114,"minecraft:oak_stairs":192,"minecraft:small_amethyst_bud":1,"minecraft:iron_block":2,"minecraft:brown_mushroom":4,"minecraft:crimson_nylium":149,"minecraft:soul_fire":34,"minecraft:amethyst_cluster":1,"minecraft:torch":8,"minecraft:nether_brick_slab":2,"minecraft:glass":13,"minecraft:sugar_cane":29,"minecraft:birch_sapling":5,"minecraft:white_terracotta":47,"minecraft:chain":3,"minecraft:wheat":6,"minecraft:warped_fungus":6,"minecraft:grass":1074,"mcwfences:spruce_pyramid_gate":14,"minecraft:dark_oak_sapling":29,"tombstone:decorative_grave_simple":1,"minecraft:smooth_basalt":1,"mcwfences:modern_nether_brick_wall":6,"born_in_chaos_v1:infernal_evil_pumpkin_s":1,"minecraft:deepslate":2,"minecraft:suspicious_gravel":15,"minecraft:mossy_cobblestone":34,"minecraft:dark_oak_log":3,"minecraft:nether_bricks":422,"minecraft:spruce_fence":47,"born_in_chaos_v1:black_argillite":89,"minecraft:crimson_roots":12,"born_in_chaos_v1:fel_soil":33,"minecraft:red_mushroom":8,"minecraft:cartography_table":1,"immersiveengineering:ore_silver":10,"minecraft:redstone_ore":22,"mcwwindows:oak_four_window":10,"chipped:edged_nether_bricks_bricks":9,"minecraft:andesite":4,"chipped:fine_nether_bricks_pillar":4,"chipped:tiny_nether_bricks_bricks":7,"chipped:reinforced_spruce_crate":2,"minecraft:potatoes":5,"minecraft:bamboo":7,"minecraft:white_wool":9,"immersiveengineering:ore_aluminum":107,"minecraft:oak_slab":68,"mcwfences:oak_horse_fence":3,"minecraft:glass_pane":16,"minecraft:soul_sand":69,"minecraft:dandelion":5,"minecraft:cornflower":4,"minecraft:warped_roots":10,"minecraft:copper_ore":51,"minecraft:tall_grass":319,"minecraft:diorite":4,"mcwwindows:oak_window2":4,"minecraft:red_terracotta":3,"minecraft:coarse_dirt":237,"mcwfences:spruce_horse_fence":10,"minecraft:spruce_log":28,"minecraft:gravel":1115,"minecraft:polished_blackstone":1,"minecraft:stone_bricks":1,"minecraft:gold_ore":12,"minecraft:fern":2,"minecraft:spruce_planks":26,"minecraft:oak_sapling":51,"minecraft:farmland":49,"minecraft:cobblestone_stairs":1,"minecraft:brewing_stand":3,"minecraft:spruce_trapdoor":33,"minecraft:grass_block":993,"minecraft:mud_brick_wall":2,"minecraft:gilded_blackstone":3,"minecraft:iron_ore":38,"minecraft:azure_bluet":4,"chipped:tiny_netherrack_bricks":38,"immersiveengineering:ore_lead":39,"minecraft:azalea":1,"minecraft:spruce_slab":22,"chipped:smooth_nether_bricks_column":9,"minecraft:gray_terracotta":1,"minecraft:polished_blackstone_wall":2,"minecraft:blackstone":3,"minecraft:clay":4,"minecraft:light_gray_terracotta":1,"minecraft:poppy":5,"minecraft:chest":1,"minecraft:mushroom_stem":22,"minecraft:nether_quartz_ore":9,"minecraft:cobblestone":333,"minecraft:grindstone":1,"minecraft:oak_planks":210,"minecraft:wall_torch":14,"minecraft:warped_nylium":78,"minecraft:nether_wart_block":2,"immersiveengineering:deepslate_ore_lead":9,"born_in_chaos_v1:river_mint":15,"minecraft:oak_log":318,"minecraft:sand":187,"minecraft:dirt":1595,"minecraft:netherrack":3249,"minecraft:ancient_debris":3,"minecraft:oak_leaves":3,"mcwwindows:nether_brick_arrow_slit":13,"minecraft:nether_gold_ore":28,"minecraft:crying_obsidian":2,"minecraft:oak_door":5,"minecraft:candle":8,"fantasyfurniture:furniture_station":1,"fantasyfurniture:venthyr/desk_left":1,"minecraft:glow_lichen":1,"minecraft:decorated_pot":1,"minecraft:brick_stairs":2,"minecraft:spruce_leaves":6,"minecraft:rooted_dirt":3,"minecraft:large_fern":2,"storagedrawers:spruce_full_drawers_2":1,"mcwfences:nether_brick_pillar_wall":7,"minecraft:oak_trapdoor":9,"minecraft:spruce_sapling":19,"minecraft:furnace":9,"minecraft:carrots":5,"minecraft:nether_sprouts":3,"minecraft:stripped_spruce_log":2,"minecraft:gold_block":1,"minecraft:bookshelf":4,"minecraft:lantern":1,"minecraft:stripped_oak_log":30,"minecraft:stone":5314,"minecraft:scaffolding":31,"born_in_chaos_v1:marigolds":11,"minecraft:stripped_dark_oak_log":1,"minecraft:oak_fence":11,"minecraft:crafting_table":6,"minecraft:blackstone_slab":3,"minecraft:oak_wood":7,"born_in_chaos_v1:black_argillite_brick_n":1,"minecraft:lectern":145,"chipped:massive_netherrack_bricks":9,"minecraft:lapis_ore":6,"mcwfences:oak_stockade_fence":13,"minecraft:spruce_stairs":7,"minecraft:brick_slab":1,"mcwwindows:spruce_curtain_rod":1,"minecraft:coal_ore":285,"minecraft:terracotta":2},"minecraft:custom":{"minecraft:interact_with_crafting_table":118,"minecraft:open_barrel":25,"goblintraders:trade_with_goblin":211,"minecraft:leave_game":34,"minecraft:time_since_death":86624,"minecraft:damage_blocked_by_shield":450,"minecraft:play_time":1910355,"minecraft:deaths":37,"minecraft:jump":26119,"minecraft:interact_with_furnace":168,"minecraft:traded_with_villager":309,"minecraft:interact_with_cartography_table":1,"minecraft:sleep_in_bed":103,"minecraft:waystone_activated":2,"minecraft:damage_dealt":65374,"tombstone:undead_killed":70,"minecraft:interact_with_anvil":12,"minecraft:damage_dealt_absorbed":80,"minecraft:sneak_time":83485,"minecraft:interact_with_blast_furnace":3,"minecraft:total_world_time":1910355,"tombstone:raider_killed":41,"minecraft:interact_with_stonecutter":1,"minecraft:time_since_rest":9096,"minecraft:swim_one_cm":189597,"minecraft:fly_one_cm":5507292,"minecraft:open_chest":406,"minecraft:fall_one_cm":557412,"minecraft:animals_bred":7,"minecraft:sprint_one_cm":5027103,"minecraft:drop":541,"minecraft:talked_to_villager":326,"minecraft:interact_with_brewingstand":9,"minecraft:walk_on_water_one_cm":81987,"minecraft:player_kills":2,"minecraft:crouch_one_cm":233086,"tombstone:villager_killed":2,"minecraft:mob_kills":340,"minecraft:damage_dealt_resisted":4451,"minecraft:climb_one_cm":45215,"minecraft:walk_one_cm":5980206,"minecraft:raid_win":2,"minecraft:walk_under_water_one_cm":86916,"minecraft:interact_with_grindstone":1,"minecraft:damage_taken":27080,"minecraft:damage_absorbed":120}},"DataVersion":3465}