{"stats":{"minecraft:used":{"minecraft:spruce_slab":219,"sophisticatedbackpacks:copper_backpack":1,"minecraft:ladder":8,"minecraft:chest":8,"minecraft:soul_sand":43,"minecraft:brick_slab":1,"mcwwindows:oak_four_window":49,"minecraft:azure_bluet":4,"minecraft:birch_sapling":1,"born_in_chaos_v1:mint_candy":1,"minecraft:bow":91,"minecraft:oak_sapling":18,"minecraft:furnace":16,"minecraft:egg":4,"minecraft:potato":114,"mowziesmobs:foliaath_seed":2,"minecraft:diorite":2,"minecraft:spruce_door":1,"minecraft:blackstone":2,"storagedrawers:spruce_full_drawers_2":18,"minecraft:golden_apple":3,"minecraft:sand":9,"simplyswords:diamond_warglaive":4,"minecraft:blast_furnace":1,"croptopia:nectarine":2,"minecraft:lectern":145,"minecraft:diamond_sword":330,"minecraft:oak_boat":3,"born_in_chaos_v1:dark_ritual_dagger":4,"minecraft:oak_trapdoor":33,"camera:image_frame":1,"alexsmobs:banana_peel":2,"minecraft:carved_pumpkin":1,"minecraft:netherrack":940,"minecraft:torch":287,"minecraft:brewing_stand":2,"mcwfences:oak_horse_fence":72,"minecraft:iron_axe":629,"minecraft:brick_stairs":1,"minecraft:totem_of_undying":2,"minecraft:barrel":17,"minecraft:bamboo":28,"tombstone:gift":18,"minecraft:cobbled_deepslate":1,"minecraft:golden_axe":32,"minecraft:wheat_seeds":243,"minecraft:water_bucket":25,"fantasyfurniture:venthyr/desk_left":1,"minecraft:mossy_cobblestone":14,"minecraft:oak_slab":386,"minecraft:crafting_table":7,"croptopia:apple_sapling":8,"mcwwindows:spruce_curtain_rod":1,"minecraft:white_bed":11,"minecraft:spruce_log":198,"minecraft:oak_log":703,"minecraft:diamond_pickaxe":7244,"minecraft:cornflower":2,"minecraft:oxeye_daisy":1,"minecraft:diamond_shovel":2438,"minecraft:iron_pickaxe":750,"born_in_chaos_v1:staffofthe_summoner":15,"minecraft:spruce_trapdoor":40,"chipped:reinforced_spruce_crate":2,"minecraft:spruce_sapling":21,"fantasyfurniture:furniture_station":1,"minecraft:cobblestone":806,"minecraft:cooked_porkchop":4,"minecraft:brush":127,"minecraft:stripped_oak_log":7,"croptopia:pear_sapling":2,"minecraft:dandelion":1,"minecraft:iron_shovel":713,"minecraft:shield":1,"minecraft:carrot":184,"minecraft:obsidian":18,"minecraft:milk_bucket":1,"minecraft:glass":13,"tombstone:decorative_grave_simple":1,"minecraft:lantern":5,"minecraft:item_frame":1,"minecraft:magma_block":1,"minecraft:written_book":3,"minecraft:scaffolding":75,"mcwfences:spruce_pyramid_gate":16,"minecraft:wither_skeleton_skull":2,"minecraft:oak_planks":229,"minecraft:sugar_cane":27,"minecraft:diamond_axe":1289,"minecraft:white_wool":9,"simplyswords:iron_chakram":3,"minecraft:light_gray_terracotta":1,"minecraft:dark_oak_log":3,"minecraft:heavy_weighted_pressure_plate":1,"minecraft:bread":149,"mcwfences:oak_stockade_fence":63,"tombstone:grave_key":9,"born_in_chaos_v1:marigolds":10,"minecraft:gravel":2,"born_in_chaos_v1:river_mint":1,"minecraft:andesite":3,"minecraft:coarse_dirt":23,"minecraft:bone_meal":86,"minecraft:oak_fence":5,"minecraft:flint_and_steel":3,"minecraft:stone_shovel":142,"minecraft:spruce_planks":320,"minecraft:cooked_chicken":2,"minecraft:oak_door":3,"minecraft:dirt":863,"minecraft:spruce_stairs":266,"minecraft:oak_wood":7,"minecraft:spruce_fence":129,"minecraft:iron_hoe":455,"minecraft:bookshelf":4,"minecraft:oak_stairs":301,"mcwfences:spruce_horse_fence":38,"minecraft:cooked_beef":1,"born_in_chaos_v1:trident_hayfork":263,"minecraft:cooked_mutton":8,"mcwwindows:oak_window2":4,"minecraft:baked_potato":175,"croptopia:apricot":8,"minecraft:warped_roots":2,"minecraft:stripped_dark_oak_log":1,"born_in_chaos_v1:cultivated_pumpkin":1,"tombstone:bag_of_seeds":3,"minecraft:apple":21,"croptopia:orange_sapling":4,"minecraft:stone_axe":51,"croptopia:peach_sapling":4,"minecraft:mud_brick_wall":2,"minecraft:white_banner":1,"minecraft:bucket":25},"minecraft:killed":{"minecraft:cave_spider":2,"born_in_chaos_v1:zombie_lumberjack":1,"born_in_chaos_v1:door_knight_not_despawn":1,"born_in_chaos_v1:pumpkin_spirit":1,"minecraft:zombie_horse":2,"born_in_chaos_v1:baby_skeleton_minion":1,"minecraft:skeleton":8,"minecraft:chicken":3,"born_in_chaos_v1:supreme_bonescaller_stage_2":1,"minecraft:magma_cube":14,"born_in_chaos_v1:bone_imp":1,"minecraft:iron_golem":10,"minecraft:pillager":16,"minecraft:zombie":27,"alexsmobs:maned_wolf":1,"minecraft:cow":7,"minecraft:evoker":6,"minecraft:vindicator":13,"born_in_chaos_v1:firelight":9,"minecraft:horse":3,"born_in_chaos_v1:barrel_zombie":1,"born_in_chaos_v1:bone_imp_minion":6,"minecraft:wandering_trader":2,"born_in_chaos_v1:bloody_gadfly":2,"born_in_chaos_v1:dark_vortex":1,"minecraft:enderman":1,"minecraft:witch":6,"minecraft:spider":20,"minecraft:piglin":3,"minecraft:pig":4,"born_in_chaos_v1:glutton_fish":2,"minecraft:creeper":2,"minecraft:sheep":17,"minecraft:trader_llama":7,"minecraft:ghast":1,"minecraft:stray":1,"alexsmobs:fly":1,"minecraft:blaze":6,"minecraft:vex":16,"born_in_chaos_v1:zombie_clown_not_despawn":1,"alexsmobs:tasmanian_devil":1,"minecraft:slime":14,"born_in_chaos_v1:zombie_bruiser":1,"born_in_chaos_v1:maggot":11,"alexsmobs:blue_jay":2,"born_in_chaos_v1:corpse_fish":2,"mowziesmobs:baby_foliaath":2,"minecraft:wither_skeleton":15},"minecraft:crafted":{"minecraft:smooth_stone":3,"born_in_chaos_v1:death_totem":1,"minecraft:blaze_powder":2,"alexsmobs:banana_peel":2,"sophisticatedbackpacks:crafting_upgrade":1,"croptopia:avocado_sapling":1,"minecraft:cooked_mutton":19,"minecraft:glass":136,"minecraft:diamond_helmet":1,"minecraft:diamond_leggings":1,"minecraft:tipped_arrow":5,"mcwwindows:oak_window2":24,"minecraft:emerald":302,"minecraft:cooked_porkchop":8,"minecraft:diamond_axe":2,"minecraft:spruce_door":3,"minecraft:copper_ingot":1,"minecraft:oak_wood":6,"mcwwindows:window_base":72,"minecraft:iron_pickaxe":4,"minecraft:gold_ingot":27,"storagedrawers:upgrade_template":4,"minecraft:nautilus_shell":5,"minecraft:stone_shovel":1,"minecraft:iron_nugget":36,"storagedrawers:spruce_full_drawers_2":18,"minecraft:bone_meal":97,"minecraft:spruce_fence":39,"storagedrawers:emerald_storage_upgrade":2,"alexsmobs:acacia_blossom":4,"croptopia:peach_sapling":4,"born_in_chaos_v1:pieceofdarkmetal":9,"minecraft:spruce_stairs":28,"minecraft:spruce_slab":84,"minecraft:diamond_boots":1,"minecraft:dark_oak_planks":88,"minecraft:wheat":9,"sophisticatedbackpacks:gold_backpack":1,"minecraft:enchanted_book":5,"mcwfences:spruce_horse_fence":33,"storagedrawers:iron_storage_upgrade":2,"mcwfences:oak_horse_fence":81,"minecraft:oak_stairs":224,"minecraft:iron_shovel":2,"minecraft:white_bed":3,"mcwwindows:window_half_bar_base":72,"minecraft:oak_planks":1120,"minecraft:barrel":9,"minecraft:cooked_chicken":3,"minecraft:stone":11,"minecraft:heavy_weighted_pressure_plate":1,"minecraft:green_dye":9,"born_in_chaos_v1:dark_ritual_dagger":1,"minecraft:chest":27,"minecraft:oak_slab":192,"sophisticatedbackpacks:backpack":1,"minecraft:arrow":192,"minecraft:crafting_table":3,"mcwwindows:window_centre_bar_base":48,"minecraft:spruce_planks":5156,"minecraft:baked_potato":876,"tombstone:decorative_grave_simple":1,"mcwfences:spruce_pyramid_gate":15,"minecraft:birch_planks":52,"minecraft:spruce_trapdoor":30,"born_in_chaos_v1:staffofthe_summoner":1,"minecraft:stick":8839,"minecraft:iron_ingot":40,"mcwwindows:oak_four_window":48,"croptopia:pear_sapling":2,"croptopia:apple_sapling":8,"minecraft:mangrove_propagule":1,"minecraft:furnace":8,"minecraft:blast_furnace":1,"minecraft:oak_trapdoor":52,"minecraft:flint_and_steel":1,"minecraft:scaffolding":42,"born_in_chaos_v1:bone_handle":2,"minecraft:iron_axe":3,"mcwfences:oak_stockade_fence":51,"minecraft:iron_hoe":3,"sophisticatedbackpacks:iron_backpack":1,"minecraft:cooked_beef":3,"minecraft:sugar":2,"croptopia:orange_sapling":4,"minecraft:bucket":2,"minecraft:air":0,"minecraft:bread":153,"minecraft:jungle_planks":8,"minecraft:oak_boat":1,"tombstone:dark_marble":4,"minecraft:torch":360,"minecraft:diamond_chestplate":1},"minecraft:broken":{"minecraft:diamond_helmet":1,"minecraft:chainmail_boots":1,"minecraft:diamond_pickaxe":1,"minecraft:iron_hoe":1,"minecraft:shield":1,"minecraft:iron_axe":5,"minecraft:iron_pickaxe":3,"minecraft:iron_shovel":3,"minecraft:diamond_boots":1,"minecraft:stone_axe":1,"minecraft:stone_shovel":1,"minecraft:golden_axe":1,"minecraft:diamond_axe":2},"minecraft:dropped":{"minecraft:clay":1,"minecraft:lapis_lazuli":9,"minecraft:cooked_beef":2,"minecraft:diamond":3,"minecraft:cooked_porkchop":4,"minecraft:crossbow":5,"minecraft:warped_roots":9,"born_in_chaos_v1:dark_ritual_dagger":1,"minecraft:emerald":12,"minecraft:dirt":285,"minecraft:yellow_dye":2,"chipped:carpenters_table":1,"minecraft:gold_nugget":1,"born_in_chaos_v1:trident_hayfork":1,"minecraft:bone_meal":10,"minecraft:sand":2,"minecraft:sugar":2,"minecraft:iron_pickaxe":1,"minecraft:bone":2,"minecraft:iron_nugget":21,"minecraft:cooked_chicken":1,"minecraft:cobbled_deepslate":1,"minecraft:birch_sapling":4,"minecraft:wheat":8,"tombstone:gift":1,"minecraft:rotten_flesh":39,"minecraft:oak_planks":2,"chipped:reinforced_spruce_crate":12,"minecraft:white_bed":1,"minecraft:red_stained_glass_pane":2,"minecraft:yellow_stained_glass_pane":1,"croptopia:broccoli_seed":1,"minecraft:ladder":1,"minecraft:spruce_slab":4,"minecraft:enchanted_book":1,"minecraft:blue_stained_glass_pane":1,"minecraft:wheat_seeds":94,"minecraft:mourner_pottery_sherd":1,"minecraft:book":3,"minecraft:cobblestone":234,"croptopia:orange":34,"minecraft:apple":44,"minecraft:coal":1,"minecraft:golden_apple":2,"minecraft:oxeye_daisy":3,"minecraft:ink_sac":1,"minecraft:wooden_hoe":2,"minecraft:oak_stairs":4,"minecraft:white_banner":1,"minecraft:chainmail_leggings":1,"minecraft:paper":12,"minecraft:string":5,"minecraft:spruce_sapling":108,"minecraft:skull_pottery_sherd":1,"minecraft:pink_stained_glass_pane":1,"alexsmobs:banana_peel":1,"mcwwindows:oak_four_window":1,"minecraft:stone_sword":1,"born_in_chaos_v1:rotten_fish":3,"minecraft:stone_shovel":1,"minecraft:spruce_fence":38,"mcwfences:spruce_horse_fence":5,"minecraft:potato":2,"minecraft:spruce_trapdoor":14,"minecraft:spruce_planks":66,"minecraft:diamond_pickaxe":1,"croptopia:pear":17,"minecraft:spider_eye":6,"minecraft:stone_bricks":1,"minecraft:red_sand":1,"minecraft:magma_block":10,"minecraft:orange_dye":1,"minecraft:warped_fungus":2,"minecraft:oak_log":7,"minecraft:baked_potato":437,"minecraft:dark_oak_sapling":6,"minecraft:flint":9,"minecraft:dark_oak_log":611,"minecraft:crimson_roots":3,"minecraft:seagrass":2,"immersiveengineering:raw_lead":1,"minecraft:birch_log":19,"minecraft:gravel":37,"minecraft:prize_pottery_sherd":1,"minecraft:blackstone":1,"born_in_chaos_v1:ethereal_spirit":1,"minecraft:diamond_shovel":1,"minecraft:cooked_mutton":11,"croptopia:asparagus_seed":2,"minecraft:carrot":109,"minecraft:chainmail_chestplate":1,"minecraft:poppy":5,"minecraft:beetroot_seeds":1,"minecraft:melon_seeds":2,"born_in_chaos_v1:corpse_maggot":6,"minecraft:chainmail_boots":1,"minecraft:arrow":4,"minecraft:quartz":2,"immersiveengineering:seed":86,"minecraft:written_book":2,"minecraft:netherrack":208,"minecraft:bread":35,"minecraft:oak_slab":15,"minecraft:diamond_leggings":2,"minecraft:poisonous_potato":3,"simplyswords:diamond_warglaive":1,"minecraft:spruce_stairs":24,"minecraft:stick":138,"minecraft:blue_dye":2,"minecraft:diorite":2,"born_in_chaos_v1:river_mint":2,"minecraft:torch":6,"tombstone:grave_key":1,"born_in_chaos_v1:staffofthe_summoner":1,"tombstone:grave_dust":2,"minecraft:iron_axe":1,"minecraft:dandelion":10,"minecraft:smooth_basalt":1,"alexsmobs:maggot":2,"minecraft:oak_trapdoor":1,"minecraft:coarse_dirt":50,"minecraft:raw_iron":2,"mcwfences:oak_stockade_fence":1,"minecraft:iron_hoe":1,"croptopia:cherry":1,"minecraft:red_terracotta":3,"minecraft:flint_and_steel":1,"minecraft:gray_terracotta":1,"minecraft:diamond_chestplate":1,"minecraft:golden_leggings":1,"minecraft:oak_boat":1,"minecraft:oak_sapling":166,"minecraft:miner_pottery_sherd":1,"minecraft:spruce_log":112,"croptopia:peach":18,"minecraft:raw_gold":1,"minecraft:brick":1},"minecraft:picked_up":{"minecraft:seagrass":2,"minecraft:chainmail_boots":2,"minecraft:lead":7,"minecraft:diamond_sword":1,"minecraft:oak_stairs":192,"minecraft:enchanted_book":14,"minecraft:brewing_stand":4,"minecraft:string":47,"minecraft:blue_stained_glass_pane":1,"minecraft:diamond_leggings":2,"minecraft:gold_nugget":79,"minecraft:cobbled_deepslate":2,"minecraft:spruce_planks":59,"minecraft:written_book":2,"minecraft:sheaf_pottery_sherd":3,"born_in_chaos_v1:shattered_skull":1,"minecraft:stone_sword":5,"croptopia:persimmon":9,"minecraft:blue_dye":3,"minecraft:iron_block":2,"minecraft:carved_pumpkin":2,"minecraft:bookshelf":4,"minecraft:white_terracotta":47,"born_in_chaos_v1:cultivated_pumpkin":4,"minecraft:blaze_rod":2,"minecraft:host_armor_trim_smithing_template":3,"minecraft:birch_log":64,"minecraft:magma_block":2267,"minecraft:feather":4,"born_in_chaos_v1:spiritual_dust":4,"minecraft:jungle_log":2,"minecraft:flint":120,"minecraft:lantern":1,"minecraft:brown_candle":1,"born_in_chaos_v1:marigolds":10,"minecraft:gray_terracotta":1,"minecraft:diamond_helmet":1,"minecraft:glowstone_dust":2,"croptopia:lime":6,"croptopia:plum":2,"minecraft:ink_sac":1,"minecraft:dark_oak_log":636,"minecraft:red_terracotta":3,"minecraft:barrel":14,"mcwfences:oak_stockade_fence":13,"minecraft:bundle":2,"minecraft:iron_hoe":1,"croptopia:cherry":10,"minecraft:miner_pottery_sherd":1,"minecraft:bread":29,"alexsmobs:maggot":4,"minecraft:rooted_dirt":3,"born_in_chaos_v1:rotten_fish":16,"minecraft:diamond_pickaxe":3,"minecraft:crimson_roots":5,"minecraft:crafting_table":6,"minecraft:coarse_dirt":233,"minecraft:nether_wart":11,"minecraft:clay_ball":16,"born_in_chaos_v1:seedof_chaos":3,"minecraft:mourner_pottery_sherd":1,"minecraft:cornflower":4,"minecraft:flint_and_steel":1,"camera:image_frame":1,"minecraft:iron_shovel":1,"minecraft:cartography_table":1,"croptopia:avocado":2,"minecraft:beef":15,"minecraft:poppy":17,"minecraft:spruce_slab":25,"minecraft:chest":1,"minecraft:birch_sapling":8,"minecraft:egg":4,"minecraft:oak_door":5,"minecraft:spruce_fence":47,"minecraft:skull_pottery_sherd":1,"born_in_chaos_v1:pieceofdarkmetal":12,"minecraft:carrot":298,"minecraft:redstone":100,"minecraft:stone_shovel":1,"minecraft:diamond_chestplate":1,"minecraft:beetroot_seeds":1,"minecraft:diamond_boots":1,"minecraft:hay_block":1,"minecraft:totem_of_undying":5,"sophisticatedbackpacks:copper_backpack":1,"minecraft:mutton":25,"minecraft:heartbreak_pottery_sherd":2,"minecraft:white_wool":25,"minecraft:oxeye_daisy":6,"minecraft:stripped_oak_log":30,"born_in_chaos_v1:monster_flesh":1,"minecraft:yellow_dye":2,"minecraft:red_mushroom":8,"minecraft:filled_map":1,"minecraft:oak_log":1187,"tombstone:gift":1,"minecraft:white_banner":6,"sophisticatedbackpacks:upgrade_base":1,"minecraft:apple":88,"mcwwindows:oak_window2":4,"minecraft:stone_bricks":1,"minecraft:kelp":5,"tombstone:bag_of_seeds":1,"minecraft:glass_bottle":2,"minecraft:flowering_azalea":2,"minecraft:smooth_basalt":1,"minecraft:sweet_berries":8,"born_in_chaos_v1:orbofthe_summoner":1,"born_in_chaos_v1:ethereal_spirit":5,"storagedrawers:spruce_full_drawers_2":1,"minecraft:gravel":1005,"minecraft:spruce_sapling":129,"minecraft:prize_pottery_sherd":1,"tombstone:decorative_grave_simple":1,"minecraft:spruce_log":1804,"minecraft:crying_obsidian":2,"minecraft:oak_wood":7,"minecraft:diamond_shovel":2,"minecraft:slime_ball":18,"immersiveengineering:seed":264,"minecraft:stone_axe":1,"croptopia:orange":42,"minecraft:diamond_axe":1,"minecraft:scute":1,"minecraft:gray_wool":1,"minecraft:warped_roots":11,"minecraft:baked_potato":1,"minecraft:stripped_dark_oak_log":2,"immersiveengineering:raw_silver":10,"minecraft:ender_pearl":1,"minecraft:wheat":480,"born_in_chaos_v1:bloody_gadfly_eye":2,"born_in_chaos_v1:black_argillite":89,"minecraft:raw_copper":119,"minecraft:red_candle":3,"alexsmobs:dropbear_claw":2,"minecraft:sea_pickle":1,"immersiveengineering:raw_lead":48,"minecraft:red_sand":1,"minecraft:azalea":3,"born_in_chaos_v1:stimulating_decoction":2,"alexsmobs:banana_peel":1,"minecraft:furnace":9,"minecraft:tipped_arrow":1,"minecraft:stick":382,"minecraft:oak_fence":10,"born_in_chaos_v1:phantom_powder":2,"minecraft:torch":107,"minecraft:spruce_stairs":6,"minecraft:porkchop":9,"tombstone:grave_dust":16,"minecraft:diorite":4,"fantasyfurniture:furniture_station":1,"simplyswords:diamond_warglaive":1,"minecraft:rotten_flesh":71,"born_in_chaos_v1:sea_terror_eye":4,"mcwfences:spruce_pyramid_gate":14,"minecraft:obsidian":44,"minecraft:cobblestone":7708,"minecraft:raiser_armor_trim_smithing_template":3,"croptopia:nectarine":9,"minecraft:andesite":3,"minecraft:golden_leggings":1,"minecraft:potato":869,"fantasyfurniture:venthyr/desk_left":1,"minecraft:wither_skeleton_skull":2,"minecraft:lapis_lazuli":46,"minecraft:dirt":1602,"born_in_chaos_v1:staffofthe_summoner":1,"minecraft:glass":11,"minecraft:bone":38,"minecraft:bow":2,"minecraft:wheat_seeds":1125,"minecraft:green_candle":3,"minecraft:raw_gold":13,"minecraft:grindstone":1,"minecraft:bamboo":70,"camera:image":2,"minecraft:oak_planks":210,"minecraft:pink_stained_glass_pane":1,"minecraft:poisonous_potato":9,"minecraft:sand":250,"immersiveengineering:raw_aluminum":92,"minecraft:dead_bush":1,"minecraft:mossy_cobblestone":34,"minecraft:light_gray_terracotta":1,"minecraft:sugar":1,"minecraft:clay":1,"born_in_chaos_v1:fire_dust":10,"minecraft:diamond":2,"minecraft:yellow_stained_glass_pane":1,"minecraft:crossbow":5,"minecraft:bone_meal":1,"minecraft:emerald":73,"minecraft:oak_sapling":371,"minecraft:netherrack":2088,"born_in_chaos_v1:sea_terror_stomach":2,"minecraft:azure_bluet":4,"minecraft:chicken":3,"born_in_chaos_v1:river_mint":17,"croptopia:peach":26,"minecraft:brown_mushroom":8,"minecraft:gold_block":1,"minecraft:chain":3,"mcwfences:spruce_horse_fence":10,"minecraft:brick":1,"minecraft:oak_trapdoor":9,"minecraft:iron_axe":2,"minecraft:item_frame":1,"minecraft:blackstone":3,"croptopia:pear":21,"minecraft:oak_boat":3,"minecraft:lectern":145,"minecraft:sugar_cane":41,"minecraft:spruce_trapdoor":24,"minecraft:dark_oak_sapling":70,"minecraft:raw_iron":39,"minecraft:orange_dye":1,"minecraft:music_disc_relic":2,"mcwwindows:spruce_curtain_rod":1,"minecraft:red_stained_glass_pane":2,"chipped:reinforced_spruce_crate":8,"minecraft:friend_pottery_sherd":1,"minecraft:howl_pottery_sherd":1,"minecraft:purple_candle":3,"minecraft:arrow":130,"minecraft:nether_bricks":33,"minecraft:saddle":4,"minecraft:brick_stairs":2,"born_in_chaos_v1:trident_hayfork":2,"born_in_chaos_v1:corpse_maggot":13,"minecraft:burn_pottery_sherd":1,"minecraft:salmon":4,"minecraft:leather":11,"minecraft:chainmail_chestplate":1,"minecraft:gunpowder":6,"minecraft:cobblestone_stairs":1,"minecraft:wooden_hoe":2,"mcwwindows:oak_four_window":10,"minecraft:heart_pottery_sherd":1,"minecraft:iron_ingot":52,"minecraft:soul_sand":67,"minecraft:book":6,"minecraft:tropical_fish_bucket":1,"minecraft:scaffolding":75,"minecraft:oak_slab":76,"minecraft:warped_fungus":3,"croptopia:apricot":12,"minecraft:pumpkin":5,"minecraft:quartz":2,"minecraft:dandelion":14,"born_in_chaos_v1:dark_rod":3,"minecraft:amethyst_shard":4,"minecraft:mud_brick_wall":2,"minecraft:white_bed":9,"minecraft:spider_eye":9,"minecraft:brick_slab":1,"minecraft:pumpkin_seeds":22,"mcwfences:oak_horse_fence":3,"minecraft:chainmail_leggings":1,"minecraft:terracotta":2,"tombstone:magic_scroll":1,"simplyswords:iron_chakram":1,"minecraft:coal":253},"minecraft:killed_by":{"born_in_chaos_v1:nightmare_stalker":1,"minecraft:pillager":1,"minecraft:ravager":2,"minecraft:vindicator":6,"minecraft:zombie":1,"minecraft:vex":6,"born_in_chaos_v1:lifestealer_true_form":1,"minecraft:stray":1,"minecraft:wither_skeleton":1,"minecraft:blaze":1,"minecraft:witch":1,"minecraft:player":2,"minecraft:spider":1,"minecraft:iron_golem":1,"mowziesmobs:ferrous_wroughtnaut":1},"minecraft:mined":{"born_in_chaos_v1:cultivated_pumpkin":4,"minecraft:white_bed":8,"minecraft:carved_pumpkin":1,"minecraft:obsidian":44,"minecraft:red_sand":1,"born_in_chaos_v1:dark_metal_deposit":9,"minecraft:nether_wart":10,"minecraft:oxeye_daisy":3,"minecraft:spawner":9,"minecraft:magma_block":2362,"minecraft:fire":30,"minecraft:barrel":14,"minecraft:pumpkin":5,"minecraft:dirt_path":37,"minecraft:oak_stairs":192,"minecraft:small_amethyst_bud":1,"minecraft:iron_block":2,"minecraft:brown_mushroom":4,"minecraft:crimson_nylium":15,"minecraft:amethyst_cluster":1,"minecraft:torch":5,"minecraft:glass":13,"minecraft:sugar_cane":29,"minecraft:birch_sapling":5,"minecraft:white_terracotta":47,"minecraft:chain":3,"minecraft:wheat":3,"minecraft:grass":1014,"mcwfences:spruce_pyramid_gate":14,"minecraft:dark_oak_sapling":29,"tombstone:decorative_grave_simple":1,"minecraft:smooth_basalt":1,"minecraft:deepslate":2,"minecraft:suspicious_gravel":15,"minecraft:mossy_cobblestone":34,"minecraft:dark_oak_log":3,"minecraft:nether_bricks":35,"minecraft:spruce_fence":47,"born_in_chaos_v1:black_argillite":89,"minecraft:crimson_roots":1,"minecraft:cartography_table":1,"minecraft:red_mushroom":8,"immersiveengineering:ore_silver":10,"minecraft:redstone_ore":22,"mcwwindows:oak_four_window":10,"minecraft:andesite":4,"chipped:reinforced_spruce_crate":2,"minecraft:potatoes":5,"minecraft:bamboo":7,"minecraft:white_wool":9,"immersiveengineering:ore_aluminum":92,"minecraft:oak_slab":68,"mcwfences:oak_horse_fence":3,"minecraft:glass_pane":16,"minecraft:soul_sand":69,"minecraft:dandelion":4,"minecraft:cornflower":4,"minecraft:warped_roots":3,"minecraft:tall_grass":295,"minecraft:copper_ore":31,"minecraft:diorite":4,"mcwwindows:oak_window2":4,"minecraft:red_terracotta":3,"minecraft:coarse_dirt":232,"mcwfences:spruce_horse_fence":10,"minecraft:spruce_log":28,"minecraft:gravel":1115,"minecraft:stone_bricks":1,"minecraft:gold_ore":12,"minecraft:fern":2,"minecraft:spruce_planks":26,"minecraft:oak_sapling":51,"minecraft:farmland":23,"minecraft:cobblestone_stairs":1,"minecraft:brewing_stand":3,"minecraft:spruce_trapdoor":24,"minecraft:grass_block":605,"minecraft:mud_brick_wall":2,"minecraft:iron_ore":38,"minecraft:azure_bluet":4,"immersiveengineering:ore_lead":39,"minecraft:azalea":1,"minecraft:spruce_slab":22,"minecraft:gray_terracotta":1,"minecraft:blackstone":3,"minecraft:clay":4,"minecraft:light_gray_terracotta":1,"minecraft:poppy":5,"minecraft:chest":1,"minecraft:mushroom_stem":22,"minecraft:nether_quartz_ore":2,"minecraft:cobblestone":314,"minecraft:grindstone":1,"minecraft:oak_planks":210,"minecraft:wall_torch":13,"minecraft:warped_nylium":57,"immersiveengineering:deepslate_ore_lead":9,"born_in_chaos_v1:river_mint":15,"minecraft:oak_log":289,"minecraft:sand":187,"minecraft:dirt":670,"minecraft:netherrack":1566,"minecraft:oak_leaves":3,"minecraft:nether_gold_ore":20,"minecraft:crying_obsidian":2,"minecraft:oak_door":5,"fantasyfurniture:furniture_station":1,"fantasyfurniture:venthyr/desk_left":1,"minecraft:glow_lichen":1,"minecraft:decorated_pot":1,"minecraft:brick_stairs":2,"minecraft:spruce_leaves":6,"minecraft:rooted_dirt":3,"minecraft:large_fern":2,"storagedrawers:spruce_full_drawers_2":1,"minecraft:oak_trapdoor":9,"minecraft:spruce_sapling":19,"minecraft:furnace":9,"minecraft:carrots":2,"minecraft:gold_block":1,"minecraft:bookshelf":4,"minecraft:lantern":1,"minecraft:stripped_oak_log":30,"minecraft:stone":2805,"minecraft:scaffolding":30,"born_in_chaos_v1:marigolds":10,"minecraft:stripped_dark_oak_log":1,"minecraft:oak_fence":10,"minecraft:crafting_table":6,"minecraft:oak_wood":7,"born_in_chaos_v1:black_argillite_brick_n":1,"minecraft:lectern":145,"minecraft:lapis_ore":6,"mcwfences:oak_stockade_fence":13,"minecraft:spruce_stairs":6,"minecraft:brick_slab":1,"mcwwindows:spruce_curtain_rod":1,"minecraft:coal_ore":234,"minecraft:terracotta":2},"minecraft:custom":{"minecraft:interact_with_crafting_table":111,"minecraft:open_barrel":25,"goblintraders:trade_with_goblin":48,"minecraft:leave_game":32,"minecraft:time_since_death":10289,"minecraft:damage_blocked_by_shield":450,"minecraft:play_time":1521180,"minecraft:deaths":33,"minecraft:jump":21116,"minecraft:interact_with_furnace":137,"minecraft:traded_with_villager":307,"minecraft:interact_with_cartography_table":1,"minecraft:sleep_in_bed":81,"minecraft:waystone_activated":2,"minecraft:damage_dealt":52321,"tombstone:undead_killed":67,"minecraft:interact_with_anvil":6,"minecraft:damage_dealt_absorbed":80,"minecraft:sneak_time":67092,"minecraft:total_world_time":1521180,"tombstone:raider_killed":41,"minecraft:interact_with_stonecutter":1,"minecraft:time_since_rest":9987,"minecraft:swim_one_cm":149516,"minecraft:fly_one_cm":4426488,"minecraft:open_chest":336,"minecraft:fall_one_cm":467471,"minecraft:animals_bred":7,"minecraft:sprint_one_cm":4153107,"minecraft:drop":420,"minecraft:talked_to_villager":317,"minecraft:interact_with_brewingstand":9,"minecraft:walk_on_water_one_cm":62505,"minecraft:player_kills":2,"minecraft:crouch_one_cm":191268,"tombstone:villager_killed":2,"minecraft:mob_kills":282,"minecraft:damage_dealt_resisted":2525,"minecraft:climb_one_cm":41496,"minecraft:walk_one_cm":4823303,"minecraft:raid_win":2,"minecraft:walk_under_water_one_cm":70437,"minecraft:interact_with_grindstone":1,"minecraft:damage_taken":22564,"minecraft:damage_absorbed":120}},"DataVersion":3465}