{"stats":{"minecraft:killed":{"minecraft:cave_spider":2,"born_in_chaos_v1:mr_pumpkin":14,"born_in_chaos_v1:zombie_lumberjack":2,"born_in_chaos_v1:restless_spirit":1,"born_in_chaos_v1:door_knight_not_despawn":1,"born_in_chaos_v1:sir_the_headless":2,"born_in_chaos_v1:pumpkin_spirit":2,"minecraft:zombie_horse":2,"born_in_chaos_v1:baby_skeleton_minion":1,"minecraft:skeleton":13,"minecraft:chicken":3,"born_in_chaos_v1:supreme_bonescaller_stage_2":1,"minecraft:cat":1,"minecraft:magma_cube":33,"born_in_chaos_v1:bone_imp":11,"minecraft:iron_golem":12,"minecraft:pillager":19,"minecraft:zombie":36,"alexsmobs:maned_wolf":1,"minecraft:cow":11,"minecraft:evoker":6,"minecraft:vindicator":13,"alexsmobs:seagull":2,"born_in_chaos_v1:firelight":22,"born_in_chaos_v1:pumpkinhead":2,"minecraft:horse":5,"born_in_chaos_v1:barrel_zombie":3,"born_in_chaos_v1:bone_imp_minion":6,"minecraft:wandering_trader":3,"born_in_chaos_v1:bloody_gadfly":2,"born_in_chaos_v1:dark_vortex":1,"minecraft:enderman":5,"alexsmobs:hummingbird":1,"minecraft:zombified_piglin":169,"minecraft:witch":6,"minecraft:spider":25,"minecraft:piglin":9,"minecraft:pig":4,"born_in_chaos_v1:glutton_fish":2,"minecraft:creeper":6,"alexsmobs:crimson_mosquito":4,"alexsmobs:warped_toad":1,"minecraft:sheep":17,"minecraft:trader_llama":9,"minecraft:ghast":2,"minecraft:stray":1,"alexsmobs:fly":1,"minecraft:blaze":19,"alexsmobs:dropbear":9,"minecraft:vex":16,"born_in_chaos_v1:zombie_clown_not_despawn":1,"alexsmobs:tasmanian_devil":1,"minecraft:slime":14,"born_in_chaos_v1:zombie_bruiser":1,"born_in_chaos_v1:maggot":139,"alexsmobs:blue_jay":2,"minecraft:drowned":2,"born_in_chaos_v1:corpse_fish":5,"alexsmobs:flying_fish":3,"born_in_chaos_v1:mr_pumpkin_controlled":4,"mowziesmobs:baby_foliaath":2,"minecraft:hoglin":2,"born_in_chaos_v1:phantom_creeper_copy":2,"alexsmobs:cockroach":1,"tombstone:spectral_wolf":4,"minecraft:wither_skeleton":15,"minecraft:villager":1},"minecraft:crafted":{"minecraft:smooth_stone":3,"minecraft:yellow_wool":16,"connectedglass:borderless_glass_red":808,"connectedglass:clear_glass":4,"born_in_chaos_v1:death_totem":1,"minecraft:orange_stained_glass":520,"minecraft:blaze_powder":4,"alexsmobs:banana_peel":2,"sophisticatedbackpacks:crafting_upgrade":1,"framedblocks:framed_vertical_sliced_stairs":4,"croptopia:avocado_sapling":1,"minecraft:nether_brick":946,"connectedglass:borderless_glass":8,"minecraft:cooked_mutton":19,"mcwfences:nether_brick_pillar_wall":10,"connectedglass:clear_glass_orange":836,"minecraft:glass":2008,"minecraft:diamond_helmet":3,"minecraft:diamond_leggings":2,"connectedglass:scratched_glass_red":12,"minecraft:tipped_arrow":5,"minecraft:flower_pot":3,"mcwwindows:oak_window2":24,"minecraft:emerald":906,"minecraft:cooked_porkchop":8,"minecraft:diamond_axe":2,"mcwfences:railing_nether_brick_wall":3,"minecraft:spruce_door":3,"minecraft:copper_ingot":1,"minecraft:sticky_piston":1,"minecraft:red_nether_bricks":406,"minecraft:oak_wood":6,"connectedglass:borderless_glass_yellow":4,"mcwwindows:window_base":72,"naturescompass:naturescompass":1,"minecraft:compass":1,"minecraft:iron_pickaxe":4,"minecraft:gold_ingot":75,"storagedrawers:upgrade_template":20,"minecraft:nautilus_shell":5,"minecraft:stone_shovel":1,"minecraft:iron_nugget":126,"minecraft:soul_torch":24,"storagedrawers:spruce_full_drawers_2":20,"minecraft:bone_meal":181,"minecraft:spruce_fence":39,"minecraft:white_carpet":15,"minecraft:quartz":2,"storagedrawers:emerald_storage_upgrade":4,"sophisticatedbackpacks:advanced_pump_upgrade":1,"alexsmobs:acacia_blossom":4,"croptopia:peach_sapling":4,"born_in_chaos_v1:pieceofdarkmetal":9,"minecraft:spruce_stairs":28,"minecraft:spruce_slab":84,"minecraft:ender_pearl":15,"minecraft:diamond_boots":2,"connectedglass:clear_glass_yellow":4,"minecraft:redstone_block":1,"minecraft:dark_oak_planks":88,"minecraft:wheat":9,"framedblocks:framed_tube":1,"sophisticatedbackpacks:gold_backpack":1,"connectedglass:scratched_glass_orange":24,"framedblocks:framed_vertical_double_stairs":1,"minecraft:bone":6,"minecraft:enchanted_book":7,"minecraft:orange_dye":133,"minecraft:red_stained_glass":644,"mcwfences:spruce_horse_fence":48,"minecraft:soul_lantern":11,"storagedrawers:iron_storage_upgrade":2,"mcwfences:oak_horse_fence":81,"connectedglass:clear_glass_red":808,"minecraft:oak_stairs":224,"framedblocks:framed_slab":12,"minecraft:iron_leggings":6,"minecraft:iron_shovel":2,"minecraft:white_bed":3,"elevatorid:elevator_yellow":2,"minecraft:nether_brick_stairs":1,"minecraft:brick":14,"mcwwindows:window_half_bar_base":72,"minecraft:oak_planks":1316,"minecraft:barrel":9,"minecraft:cooked_chicken":3,"born_in_chaos_v1:black_argillite_stairs":12,"minecraft:stone":107,"minecraft:heavy_weighted_pressure_plate":1,"minecraft:green_dye":9,"minecraft:hopper":25,"born_in_chaos_v1:dark_ritual_dagger":1,"minecraft:comparator":2,"minecraft:chest":62,"minecraft:rail":16,"framedblocks:framing_saw":1,"minecraft:bricks":1,"minecraft:red_nether_brick_slab":54,"mcwwindows:nether_brick_arrow_slit":3,"minecraft:ender_eye":2,"mcwfences:modern_nether_brick_wall":6,"minecraft:oak_slab":216,"minecraft:arrow":192,"sophisticatedbackpacks:backpack":2,"minecraft:crafting_table":6,"mcwwindows:window_centre_bar_base":48,"minecraft:spruce_planks":5880,"minecraft:baked_potato":1086,"tombstone:decorative_grave_simple":1,"mcwfences:spruce_pyramid_gate":16,"minecraft:hopper_minecart":4,"minecraft:birch_planks":52,"minecraft:yellow_stained_glass":28,"sophisticatedbackpacks:upgrade_base":2,"minecraft:dispenser":1,"minecraft:spruce_trapdoor":30,"born_in_chaos_v1:staffofthe_summoner":1,"minecraft:book":3,"sophisticatedbackpacks:xp_pump_upgrade":1,"minecraft:iron_chestplate":4,"minecraft:yellow_dye":95,"minecraft:purple_dye":16,"minecraft:shield":12,"chipped:botanist_workbench":1,"minecraft:stick":9647,"elevatorid:elevator_purple":1,"minecraft:iron_ingot":61,"mcwwindows:oak_four_window":48,"minecraft:redstone_torch":14,"croptopia:pear_sapling":2,"framedblocks:framed_trapdoor":12,"minecraft:shears":8,"sophisticatedbackpacks:advanced_pickup_upgrade":1,"minecraft:nether_wart":384,"minecraft:purple_wool":9,"croptopia:apple_sapling":8,"minecraft:nether_brick_slab":12,"minecraft:mangrove_propagule":1,"simplyswords:diamond_scythe":1,"sophisticatedbackpacks:advanced_magnet_upgrade":1,"connectedglass:scratched_glass_yellow":4,"minecraft:furnace":8,"minecraft:blast_furnace":1,"minecraft:piston":4,"minecraft:oak_trapdoor":52,"minecraft:flint_and_steel":1,"minecraft:scaffolding":42,"storagedrawers:controller":1,"born_in_chaos_v1:bone_handle":2,"minecraft:leather":2,"minecraft:iron_axe":3,"mcwfences:oak_stockade_fence":51,"minecraft:iron_hoe":4,"chipped:tinkering_table":1,"minecraft:netherite_scrap":5,"minecraft:minecart":11,"sophisticatedbackpacks:iron_backpack":2,"minecraft:cooked_beef":3,"minecraft:sugar":2,"minecraft:red_dye":156,"croptopia:orange_sapling":4,"framedblocks:framed_elevated_double_slope_edge":1,"connectedglass:borderless_glass_orange":836,"minecraft:nether_bricks":64,"minecraft:bucket":13,"minecraft:bread":153,"minecraft:air":0,"minecraft:jungle_planks":8,"minecraft:blue_dye":8,"minecraft:oak_boat":1,"sophisticatedbackpacks:pump_upgrade":1,"sophisticatedbackpacks:pickup_upgrade":1,"framedblocks:framed_cube":325,"tombstone:dark_marble":4,"born_in_chaos_v1:black_argillite_slab":12,"minecraft:stonecutter":1,"minecraft:anvil":1,"minecraft:torch":360,"chipped:glassblower":1,"storagedrawers:oak_half_drawers_2":4,"minecraft:diamond_chestplate":2},"minecraft:mined":{"minecraft:dark_oak_planks":8,"minecraft:red_nether_brick_slab":9,"mcwwindows:orange_mosaic_glass":4,"chipped:raster_red_stained_glass":2,"born_in_chaos_v1:cultivated_pumpkin":4,"chipped:cobbled_nether_bricks":19,"minecraft:white_bed":25,"chipped:nether_bricks_scales":41,"minecraft:obsidian":48,"cataclysm:stone_tiles":164,"minecraft:red_nether_bricks":1,"minecraft:carved_pumpkin":1,"chipped:tiny_layered_magma_block_bricks":3,"minecraft:red_sand":1,"born_in_chaos_v1:dark_metal_deposit":9,"minecraft:hopper":2,"minecraft:crimson_fungus":3,"minecraft:oxeye_daisy":3,"minecraft:nether_wart":13,"minecraft:spawner":9,"minecraft:polished_blackstone_bricks":3,"chipped:ornate_nether_bricks_pillar":84,"minecraft:magma_block":3417,"chipped:layed_magma_block_bricks":83,"minecraft:barrel":15,"minecraft:fire":94,"minecraft:pumpkin":5,"minecraft:fletching_table":8,"minecraft:nether_brick_stairs":57,"chipped:bordered_netherrack":36,"minecraft:dirt_path":147,"minecraft:small_amethyst_bud":1,"minecraft:oak_stairs":192,"chipped:vertical_stiped_orange_stained_glass":6,"minecraft:pink_tulip":9,"minecraft:white_banner":1,"minecraft:iron_block":2,"minecraft:tripwire":2,"minecraft:brown_mushroom":4,"mcwfences:nether_brick_railing_gate":1,"chipped:fancy_orange_stained_glass":7,"minecraft:crimson_nylium":151,"minecraft:soul_fire":34,"minecraft:amethyst_cluster":1,"chipped:raster_orange_stained_glass":3,"minecraft:torch":29,"minecraft:blast_furnace":7,"minecraft:nether_brick_slab":166,"minecraft:glass":14,"minecraft:sugar_cane":29,"minecraft:birch_sapling":5,"minecraft:white_terracotta":47,"minecraft:chain":3,"chipped:smooth_netherrack_column":143,"chipped:bordered_nether_bricks":148,"minecraft:wheat":11,"chipped:checkered_nether_bricks_tiles":15,"minecraft:warped_fungus":6,"mcwfences:spruce_pyramid_gate":14,"chipped:engraved_nether_bricks":1,"minecraft:grass":1204,"minecraft:dark_oak_sapling":29,"framedblocks:framed_tube":1,"tombstone:decorative_grave_simple":1,"minecraft:stonecutter":1,"minecraft:smooth_basalt":1,"mcwfences:modern_nether_brick_wall":44,"minecraft:yellow_stained_glass":7,"framedblocks:framed_slab_edge":4,"born_in_chaos_v1:infernal_evil_pumpkin_s":1,"framedblocks:framed_sliced_stairs_panel":2,"minecraft:deepslate":2,"connectedglass:borderless_glass_orange":1,"minecraft:suspicious_gravel":15,"minecraft:mossy_cobblestone":46,"chipped:large_diamond_orange_stained_glass":6,"minecraft:dark_oak_log":3,"minecraft:nether_bricks":1720,"minecraft:spruce_fence":49,"born_in_chaos_v1:black_argillite":90,"minecraft:jungle_planks":12,"minecraft:crimson_roots":13,"born_in_chaos_v1:fel_soil":33,"minecraft:red_mushroom":8,"minecraft:cartography_table":1,"immersiveengineering:ore_silver":10,"minecraft:redstone_ore":22,"mcwwindows:oak_four_window":10,"chipped:edged_nether_bricks_bricks":9,"minecraft:andesite":4,"chipped:fine_nether_bricks_pillar":116,"chipped:tiny_nether_bricks_bricks":7,"chipped:reinforced_spruce_crate":2,"born_in_chaos_v1:black_argillite_slab":9,"minecraft:potatoes":5,"minecraft:bamboo":7,"minecraft:white_wool":9,"immersiveengineering:ore_aluminum":107,"minecraft:smithing_table":1,"connectedglass:borderless_glass_red":1,"chipped:shroomlight_lodestone_side":1,"minecraft:oak_slab":70,"mcwfences:oak_horse_fence":3,"minecraft:glass_pane":16,"minecraft:soul_sand":235,"mcwwindows:red_mosaic_glass":3,"chipped:smooth_inlayed_nether_bricks":22,"chipped:magma_block_bricks":4,"minecraft:dandelion":89,"minecraft:cornflower":4,"minecraft:warped_roots":10,"minecraft:copper_ore":73,"minecraft:tall_grass":361,"minecraft:diorite":4,"minecraft:warped_wart_block":3,"mcwwindows:oak_window2":4,"minecraft:red_terracotta":3,"minecraft:coarse_dirt":271,"mcwfences:spruce_horse_fence":16,"minecraft:spruce_log":32,"minecraft:sunflower":79,"minecraft:gravel":1118,"minecraft:cobweb":10,"minecraft:polished_blackstone":1,"minecraft:stone_bricks":3,"minecraft:gold_ore":12,"minecraft:fern":2,"minecraft:spruce_planks":38,"minecraft:oak_sapling":51,"minecraft:farmland":49,"chipped:fancy_red_stained_glass":7,"minecraft:cobblestone_stairs":1,"sophisticatedbackpacks:gold_backpack":2,"minecraft:orange_stained_glass":715,"minecraft:brewing_stand":3,"minecraft:spruce_trapdoor":36,"minecraft:grass_block":1327,"sophisticatedbackpacks:iron_backpack":3,"minecraft:polished_blackstone_brick_slab":1,"minecraft:mud_brick_wall":2,"minecraft:gilded_blackstone":3,"framedblocks:framing_saw":2,"minecraft:iron_ore":38,"connectedglass:clear_glass_red":46,"minecraft:azure_bluet":4,"minecraft:dark_oak_stairs":2,"minecraft:red_tulip":37,"immersiveengineering:ore_lead":39,"chipped:tiny_netherrack_bricks":96,"minecraft:azalea":1,"sophisticatedbackpacks:copper_backpack":1,"minecraft:spruce_slab":22,"framedblocks:framed_vertical_double_stairs":2,"framedblocks:framed_trapdoor":253,"chipped:smooth_nether_bricks_column":9,"minecraft:gray_terracotta":1,"minecraft:polished_blackstone_wall":2,"minecraft:blackstone":3,"minecraft:clay":4,"minecraft:light_gray_terracotta":1,"minecraft:jungle_stairs":2,"chipped:massive_nether_bricks_bricks":244,"minecraft:poppy":25,"minecraft:chest":1,"minecraft:mushroom_stem":22,"minecraft:nether_quartz_ore":11,"minecraft:cobblestone":339,"minecraft:grindstone":3,"minecraft:oak_planks":210,"cataclysm:stone_tile_slab":2,"minecraft:wall_torch":16,"minecraft:seagrass":3,"minecraft:warped_nylium":87,"chipped:large_diamond_red_stained_glass":90,"chipped:loded_netherrack":4,"chipped:brick_bordered_nether_bricks":1,"minecraft:nether_wart_block":2,"chipped:spiraled_magma_block":1,"immersiveengineering:deepslate_ore_lead":9,"born_in_chaos_v1:river_mint":17,"minecraft:orange_tulip":68,"minecraft:oak_log":318,"chipped:cracked_magma_block_bricks":11,"minecraft:sand":2056,"minecraft:dirt":2461,"chipped:woven_red_stained_glass":2,"minecraft:netherrack":4016,"minecraft:ancient_debris":3,"framedblocks:framed_slab":6,"minecraft:oak_leaves":10,"mcwwindows:nether_brick_arrow_slit":39,"minecraft:nether_gold_ore":28,"minecraft:crying_obsidian":2,"framedblocks:framed_panel":57,"chipped:mason_table":1,"minecraft:oak_door":5,"minecraft:candle":8,"minecraft:red_stained_glass":694,"fantasyfurniture:furniture_station":1,"chipped:cut_red_nether_bricks_column":12,"chipped:woven_orange_stained_glass":85,"minecraft:glow_lichen":1,"fantasyfurniture:venthyr/desk_left":1,"chipped:iron_bowl_soul_lantern":3,"minecraft:decorated_pot":1,"minecraft:brick_stairs":2,"connectedglass:clear_glass_orange":28,"mcwfences:railing_nether_brick_wall":5,"minecraft:spruce_leaves":758,"minecraft:sandstone":490,"minecraft:rooted_dirt":6,"minecraft:large_fern":3,"storagedrawers:spruce_full_drawers_2":1,"mcwfences:nether_brick_pillar_wall":28,"minecraft:oak_trapdoor":10,"minecraft:spruce_sapling":22,"minecraft:furnace":9,"minecraft:nether_sprouts":5,"minecraft:carrots":6,"minecraft:orange_stained_glass_pane":1,"minecraft:stripped_spruce_log":2,"minecraft:gold_block":3,"chipped:loded_red_nether_bricks":39,"minecraft:bookshelf":4,"minecraft:shroomlight":5,"minecraft:lantern":1,"minecraft:stripped_oak_log":30,"minecraft:white_tulip":17,"minecraft:stone":7669,"minecraft:scaffolding":87,"minecraft:flowering_azalea":1,"born_in_chaos_v1:marigolds":42,"minecraft:stripped_dark_oak_log":1,"minecraft:oak_fence":11,"minecraft:crafting_table":6,"minecraft:blackstone_slab":3,"minecraft:oak_wood":7,"connectedglass:clear_glass_yellow":4,"born_in_chaos_v1:black_argillite_stairs":11,"born_in_chaos_v1:black_argillite_brick_n":1,"minecraft:rose_bush":13,"minecraft:lectern":201,"chipped:massive_netherrack_bricks":9,"minecraft:lapis_ore":6,"framedblocks:framed_elevated_double_slope_edge":1,"mcwfences:oak_stockade_fence":13,"minecraft:spruce_stairs":8,"minecraft:brick_slab":1,"framedblocks:framed_double_stairs":15,"mcwwindows:spruce_curtain_rod":1,"chipped:cut_nether_bricks_column":54,"chipped:small_magma_block_bricks":13,"elevatorid:elevator_white":4,"chipped:vertical_stiped_red_stained_glass":7,"minecraft:coal_ore":309,"minecraft:terracotta":2,"minecraft:mossy_stone_bricks":1},"minecraft:killed_by":{"born_in_chaos_v1:nightmare_stalker":1,"minecraft:pillager":1,"minecraft:ravager":2,"minecraft:vindicator":6,"minecraft:zombie":1,"minecraft:vex":6,"born_in_chaos_v1:lifestealer_true_form":1,"minecraft:stray":1,"cataclysm:netherite_monstrosity":2,"minecraft:zombified_piglin":3,"minecraft:wither_skeleton":1,"alexsmobs:dropbear":3,"minecraft:blaze":1,"minecraft:witch":1,"minecraft:player":2,"minecraft:spider":1,"born_in_chaos_v1:bone_imp":1,"minecraft:enderman":1,"minecraft:iron_golem":1,"mowziesmobs:ferrous_wroughtnaut":1},"minecraft:broken":{"minecraft:diamond_helmet":3,"minecraft:shears":2,"minecraft:chainmail_boots":1,"minecraft:golden_sword":3,"minecraft:diamond_shovel":1,"minecraft:diamond_pickaxe":1,"minecraft:iron_hoe":1,"minecraft:diamond_leggings":1,"minecraft:shield":1,"minecraft:iron_axe":5,"minecraft:iron_pickaxe":3,"minecraft:iron_shovel":3,"minecraft:diamond_boots":2,"minecraft:stone_axe":1,"minecraft:stone_shovel":1,"minecraft:diamond_chestplate":1,"minecraft:flint_and_steel":1,"minecraft:golden_axe":1,"minecraft:diamond_axe":2},"minecraft:picked_up":{"chipped:vertical_stiped_orange_stained_glass":7,"minecraft:seagrass":2,"minecraft:chainmail_boots":2,"framedblocks:framed_vertical_double_stairs":2,"minecraft:lead":9,"minecraft:smithing_table":1,"minecraft:diamond_sword":1,"minecraft:oak_stairs":192,"minecraft:enchanted_book":15,"chipped:tiny_layered_magma_block_bricks":2,"minecraft:brewing_stand":4,"minecraft:golden_sword":21,"chipped:edged_nether_bricks_bricks":9,"minecraft:string":63,"minecraft:red_nether_bricks":1,"minecraft:shroomlight":5,"minecraft:blue_stained_glass_pane":1,"minecraft:beetroot":2,"minecraft:diamond_leggings":2,"minecraft:gold_nugget":218,"minecraft:cobbled_deepslate":2,"minecraft:spruce_planks":71,"chipped:checkered_nether_bricks_tiles":15,"minecraft:written_book":3,"chipped:brick_bordered_nether_bricks":39,"minecraft:polished_blackstone_brick_slab":1,"immersiveengineering:shader_bag_epic":1,"minecraft:sheaf_pottery_sherd":3,"born_in_chaos_v1:shattered_skull":1,"minecraft:composter":1,"chipped:cracked_magma_block_bricks":10,"connectedglass:clear_glass_orange":2,"born_in_chaos_v1:fel_soil":32,"minecraft:stone_sword":6,"croptopia:persimmon":9,"chipped:spiraled_magma_block":1,"minecraft:blue_dye":3,"minecraft:iron_block":2,"minecraft:red_tulip":37,"minecraft:carved_pumpkin":2,"minecraft:bookshelf":4,"chipped:fine_nether_bricks_pillar":116,"minecraft:white_terracotta":47,"born_in_chaos_v1:cultivated_pumpkin":4,"minecraft:blaze_rod":9,"chipped:bordered_netherrack":36,"minecraft:host_armor_trim_smithing_template":3,"alexsmobs:flying_fish":5,"minecraft:birch_log":64,"chipped:woven_orange_stained_glass":4,"minecraft:magma_block":3188,"minecraft:feather":5,"born_in_chaos_v1:spiritual_dust":4,"minecraft:jungle_log":2,"chipped:ornate_nether_bricks_pillar":85,"minecraft:flint":120,"cataclysm:stone_tile_slab":2,"minecraft:lantern":1,"minecraft:brown_candle":1,"born_in_chaos_v1:marigolds":42,"minecraft:stonecutter":1,"minecraft:gray_terracotta":1,"chipped:large_diamond_orange_stained_glass":7,"minecraft:diamond_helmet":1,"minecraft:glowstone_dust":2,"croptopia:lime":6,"croptopia:plum":2,"minecraft:warped_wart_block":3,"framedblocks:framed_double_stairs":15,"minecraft:stripped_spruce_log":2,"sophisticatedbackpacks:iron_backpack":4,"minecraft:ink_sac":1,"chipped:raster_orange_stained_glass":3,"minecraft:red_terracotta":3,"minecraft:dark_oak_log":638,"minecraft:barrel":16,"cataclysm:stone_tiles":255,"mcwfences:oak_stockade_fence":13,"minecraft:bundle":7,"minecraft:iron_hoe":1,"croptopia:cherry":10,"minecraft:miner_pottery_sherd":1,"chipped:small_magma_block_bricks":10,"minecraft:bread":29,"minecraft:rooted_dirt":6,"alexsmobs:maggot":4,"born_in_chaos_v1:rotten_fish":47,"minecraft:crimson_roots":29,"minecraft:diamond_pickaxe":5,"minecraft:spruce_leaves":736,"sophisticatedbackpacks:gold_backpack":2,"minecraft:crafting_table":6,"minecraft:coarse_dirt":271,"minecraft:nether_wart":1173,"minecraft:clay_ball":16,"chipped:loded_red_nether_bricks":39,"born_in_chaos_v1:seedof_chaos":6,"minecraft:mourner_pottery_sherd":1,"minecraft:orange_stained_glass_pane":1,"framedblocks:framed_tube":1,"chipped:shroomlight_lodestone_side":1,"mcwwindows:orange_mosaic_glass":4,"minecraft:cornflower":5,"camera:image_frame":1,"minecraft:flint_and_steel":1,"born_in_chaos_v1:intoxicating_decoction":2,"minecraft:white_carpet":1,"minecraft:iron_shovel":1,"minecraft:polished_blackstone_wall":2,"minecraft:cartography_table":1,"mcwfences:railing_nether_brick_wall":5,"chipped:bordered_nether_bricks":2,"croptopia:avocado":2,"chipped:mason_table":1,"minecraft:beef":25,"croptopia:coconut":2,"minecraft:poppy":39,"minecraft:spruce_slab":25,"chipped:engraved_nether_bricks":4,"minecraft:minecart":13,"minecraft:chest":2,"minecraft:birch_sapling":8,"minecraft:copper_ore":26,"minecraft:egg":4,"chipped:loded_netherrack":4,"minecraft:sandstone":93,"minecraft:stone":6213,"chipped:raster_red_stained_glass":2,"minecraft:oak_door":6,"minecraft:spruce_fence":49,"minecraft:skull_pottery_sherd":1,"born_in_chaos_v1:pieceofdarkmetal":12,"minecraft:carrot":1535,"minecraft:redstone":100,"minecraft:stone_shovel":1,"minecraft:diamond_chestplate":1,"minecraft:beetroot_seeds":1,"minecraft:diamond_boots":1,"minecraft:hay_block":2,"tombstone:essence_of_undeath":3,"minecraft:gold_ingot":11,"minecraft:totem_of_undying":5,"sophisticatedbackpacks:copper_backpack":6,"minecraft:polished_blackstone":1,"framedblocks:framed_slab_edge":4,"minecraft:mutton":25,"minecraft:heartbreak_pottery_sherd":2,"minecraft:white_wool":95,"minecraft:oxeye_daisy":6,"minecraft:stripped_oak_log":30,"born_in_chaos_v1:monster_flesh":4,"born_in_chaos_v1:pumpkin_staff":2,"minecraft:yellow_dye":2,"minecraft:blackstone_slab":2,"minecraft:red_mushroom":8,"minecraft:filled_map":1,"minecraft:oak_log":1218,"chipped:smooth_netherrack_column":72,"minecraft:ancient_debris":4,"framedblocks:framed_slab":6,"alexsmobs:mosquito_proboscis":1,"minecraft:white_banner":9,"tombstone:gift":2,"born_in_chaos_v1:soul_cutlass":3,"sophisticatedbackpacks:upgrade_base":1,"minecraft:apple":89,"mcwwindows:oak_window2":4,"minecraft:stone_bricks":3,"minecraft:kelp":5,"minecraft:yellow_stained_glass":7,"minecraft:cobweb":2,"tombstone:bag_of_seeds":4,"minecraft:glass_bottle":7,"minecraft:iron_sword":1,"minecraft:flowering_azalea":3,"elevatorid:elevator_white":5,"minecraft:smooth_basalt":1,"minecraft:milk_bucket":1,"minecraft:sweet_berries":8,"born_in_chaos_v1:orbofthe_summoner":1,"born_in_chaos_v1:ethereal_spirit":7,"storagedrawers:spruce_full_drawers_2":1,"minecraft:gravel":1008,"minecraft:prize_pottery_sherd":1,"tombstone:decorative_grave_simple":1,"minecraft:spruce_sapling":145,"minecraft:spruce_log":2261,"minecraft:crying_obsidian":2,"minecraft:leather_helmet":1,"chipped:cut_red_nether_bricks_column":12,"minecraft:oak_wood":7,"minecraft:diamond_shovel":3,"minecraft:red_stained_glass":6,"minecraft:coal_ore":30,"minecraft:slime_ball":18,"immersiveengineering:seed":340,"minecraft:stone_axe":1,"croptopia:orange":42,"minecraft:scute":1,"minecraft:diamond_axe":1,"minecraft:gray_wool":1,"minecraft:warped_roots":25,"minecraft:baked_potato":20,"minecraft:red_nether_brick_slab":1,"minecraft:crimson_nylium":78,"minecraft:warped_nylium":21,"minecraft:stripped_dark_oak_log":2,"minecraft:hopper":2,"immersiveengineering:raw_silver":10,"minecraft:ender_pearl":4,"minecraft:wheat":702,"chipped:cobbled_nether_bricks":19,"minecraft:potion":1,"minecraft:gilded_blackstone":3,"born_in_chaos_v1:bloody_gadfly_eye":2,"born_in_chaos_v1:holiday_candy":56,"born_in_chaos_v1:black_argillite":90,"minecraft:raw_copper":173,"born_in_chaos_v1:dark_upgrade":1,"framedblocks:framed_panel":57,"minecraft:red_candle":3,"minecraft:sea_pickle":3,"alexsmobs:dropbear_claw":6,"immersiveengineering:raw_lead":48,"alexsmobs:blood_sac":1,"minecraft:red_sand":1,"minecraft:bucket":1,"minecraft:white_tulip":17,"minecraft:rose_bush":27,"minecraft:azalea":3,"born_in_chaos_v1:stimulating_decoction":2,"chipped:fancy_red_stained_glass":8,"alexsmobs:banana_peel":1,"minecraft:furnace":9,"minecraft:tipped_arrow":1,"minecraft:stick":397,"chipped:iron_bowl_soul_lantern":3,"minecraft:oak_fence":11,"born_in_chaos_v1:phantom_powder":5,"minecraft:torch":167,"minecraft:spruce_stairs":8,"minecraft:porkchop":16,"tombstone:grave_dust":43,"minecraft:diorite":4,"fantasyfurniture:furniture_station":1,"tombstone:lollipop":6,"minecraft:andesite_wall":1,"simplyswords:diamond_warglaive":1,"minecraft:nether_gold_ore":8,"minecraft:rotten_flesh":228,"born_in_chaos_v1:sea_terror_eye":4,"mcwfences:spruce_pyramid_gate":14,"mcwfences:nether_brick_pillar_wall":28,"chipped:large_diamond_red_stained_glass":17,"chipped:tiny_nether_bricks_bricks":7,"minecraft:obsidian":48,"minecraft:cobblestone":10152,"minecraft:magma_cream":1,"minecraft:raiser_armor_trim_smithing_template":3,"croptopia:nectarine":9,"minecraft:andesite":4,"minecraft:golden_leggings":1,"minecraft:potato":2773,"chipped:massive_netherrack_bricks":9,"fantasyfurniture:venthyr/desk_left":1,"minecraft:wither_skeleton_skull":2,"born_in_chaos_v1:black_argillite_stairs":11,"minecraft:lapis_lazuli":46,"minecraft:dirt":4178,"born_in_chaos_v1:staffofthe_summoner":1,"minecraft:name_tag":1,"chipped:magma_block_bricks":4,"born_in_chaos_v1:monster_skin":12,"minecraft:glass":343,"minecraft:bone":57,"chipped:woven_red_stained_glass":2,"minecraft:bow":3,"minecraft:wheat_seeds":1568,"minecraft:orange_tulip":67,"minecraft:green_candle":3,"minecraft:raw_gold":13,"minecraft:grindstone":3,"chipped:vertical_stiped_red_stained_glass":8,"minecraft:mossy_stone_bricks":1,"minecraft:bamboo":70,"minecraft:fletching_table":8,"camera:image":3,"minecraft:oak_planks":210,"framedblocks:framing_saw":2,"chipped:smooth_nether_bricks_column":9,"minecraft:poisonous_potato":20,"minecraft:pink_stained_glass_pane":1,"minecraft:sand":2294,"immersiveengineering:raw_aluminum":107,"connectedglass:clear_glass_red":29,"minecraft:dead_bush":1,"minecraft:nether_brick_stairs":40,"minecraft:grass_block":4,"minecraft:mossy_cobblestone":41,"minecraft:light_gray_terracotta":1,"chipped:smooth_inlayed_nether_bricks":22,"chipped:cut_nether_bricks_column":50,"minecraft:sugar":1,"minecraft:clay":1,"born_in_chaos_v1:fire_dust":88,"minecraft:diamond":2,"minecraft:spruce_boat":2,"minecraft:yellow_stained_glass_pane":1,"minecraft:crossbow":6,"sophisticatedbackpacks:feeding_upgrade":1,"minecraft:bone_meal":12,"minecraft:spruce_sign":1,"minecraft:emerald":203,"minecraft:oak_sapling":371,"minecraft:netherrack":4538,"born_in_chaos_v1:sea_terror_stomach":2,"minecraft:azure_bluet":4,"minecraft:chicken":3,"born_in_chaos_v1:river_mint":22,"croptopia:peach":26,"minecraft:brown_mushroom":8,"minecraft:gold_block":3,"minecraft:chain":4,"mcwfences:spruce_horse_fence":16,"minecraft:brick":1,"chipped:layed_magma_block_bricks":69,"minecraft:orange_stained_glass":22,"minecraft:oak_trapdoor":10,"minecraft:iron_axe":3,"minecraft:item_frame":1,"minecraft:blackstone":3,"croptopia:pear":21,"minecraft:candle":16,"minecraft:oak_boat":3,"minecraft:lectern":201,"minecraft:sugar_cane":41,"minecraft:spruce_trapdoor":36,"minecraft:dark_oak_sapling":70,"minecraft:raw_iron":39,"minecraft:orange_dye":1,"minecraft:music_disc_relic":2,"chipped:tiny_netherrack_bricks":94,"mcwwindows:spruce_curtain_rod":1,"minecraft:red_stained_glass_pane":2,"chipped:reinforced_spruce_crate":8,"minecraft:polished_blackstone_bricks":4,"mcwwindows:red_mosaic_glass":3,"mcwfences:nether_brick_railing_gate":1,"minecraft:friend_pottery_sherd":1,"connectedglass:clear_glass_yellow":4,"minecraft:howl_pottery_sherd":1,"minecraft:purple_candle":3,"chipped:fancy_orange_stained_glass":8,"minecraft:arrow":134,"framedblocks:framed_trapdoor":88,"minecraft:pumpkin_pie":3,"minecraft:nether_bricks":1148,"immersiveengineering:shader":1,"framedblocks:framed_sliced_stairs_panel":2,"minecraft:pink_tulip":9,"minecraft:saddle":4,"minecraft:brick_stairs":2,"born_in_chaos_v1:trident_hayfork":2,"born_in_chaos_v1:corpse_maggot":98,"minecraft:air":0,"minecraft:burn_pottery_sherd":1,"minecraft:salmon":4,"minecraft:leather":15,"chipped:nether_bricks_scales":41,"minecraft:crimson_fungus":5,"minecraft:chainmail_chestplate":1,"minecraft:nether_wart_block":2,"minecraft:gunpowder":11,"minecraft:cobblestone_stairs":1,"minecraft:wooden_hoe":2,"mcwwindows:oak_four_window":10,"minecraft:heart_pottery_sherd":1,"mcwwindows:nether_brick_arrow_slit":38,"mcwfences:modern_nether_brick_wall":10,"minecraft:iron_ingot":61,"framedblocks:framed_elevated_double_slope_edge":1,"sophisticatedbackpacks:tank_upgrade":1,"minecraft:soul_sand":219,"minecraft:book":6,"minecraft:tropical_fish_bucket":1,"minecraft:scaffolding":234,"minecraft:oak_slab":77,"minecraft:warped_fungus":9,"minecraft:nether_quartz_ore":2,"minecraft:black_candle":5,"connectedglass:borderless_glass_red":1,"croptopia:apricot":12,"minecraft:pumpkin":5,"minecraft:quartz":8,"minecraft:dandelion":98,"born_in_chaos_v1:dark_rod":3,"minecraft:amethyst_shard":4,"minecraft:blast_furnace":7,"minecraft:mud_brick_wall":2,"minecraft:white_bed":26,"minecraft:nether_brick_slab":71,"minecraft:spider_eye":11,"minecraft:brick_slab":1,"minecraft:pumpkin_seeds":78,"mcwfences:oak_horse_fence":3,"minecraft:chainmail_leggings":1,"chipped:massive_nether_bricks_bricks":72,"minecraft:terracotta":2,"tombstone:magic_scroll":7,"simplyswords:iron_chakram":1,"connectedglass:borderless_glass_orange":1,"minecraft:coal":312,"minecraft:sunflower":76},"minecraft:custom":{"minecraft:interact_with_crafting_table":189,"minecraft:open_barrel":27,"goblintraders:trade_with_goblin":1183,"minecraft:leave_game":50,"minecraft:time_since_death":1030262,"minecraft:damage_blocked_by_shield":450,"tombstone:eaten_lollipop":6,"minecraft:play_time":3574696,"minecraft:deaths":50,"minecraft:jump":50402,"minecraft:interact_with_furnace":447,"minecraft:traded_with_villager":383,"minecraft:interact_with_cartography_table":1,"minecraft:sleep_in_bed":215,"minecraft:waystone_activated":2,"tombstone:sneak_grave":1,"minecraft:damage_dealt":124971,"tombstone:undead_killed":269,"minecraft:interact_with_anvil":16,"minecraft:inspect_hopper":1,"minecraft:damage_dealt_absorbed":328,"minecraft:sneak_time":228818,"minecraft:interact_with_blast_furnace":5,"minecraft:total_world_time":3574696,"tombstone:raider_killed":44,"minecraft:interact_with_stonecutter":20,"minecraft:time_since_rest":11258,"minecraft:swim_one_cm":199262,"minecraft:fly_one_cm":11365653,"minecraft:open_chest":779,"minecraft:fall_one_cm":1455749,"minecraft:animals_bred":11,"minecraft:sprint_one_cm":8662120,"minecraft:drop":1025,"minecraft:talked_to_villager":444,"minecraft:interact_with_brewingstand":9,"minecraft:walk_on_water_one_cm":95949,"minecraft:player_kills":2,"minecraft:crouch_one_cm":728766,"tombstone:villager_killed":4,"minecraft:mob_kills":1270,"minecraft:damage_dealt_resisted":5165,"minecraft:climb_one_cm":456965,"minecraft:walk_one_cm":10396863,"minecraft:raid_win":2,"minecraft:walk_under_water_one_cm":122420,"minecraft:interact_with_grindstone":1,"minecraft:damage_absorbed":120,"minecraft:damage_taken":44244},"minecraft:dropped":{"minecraft:clay":1,"minecraft:piston":1,"chipped:bordered_netherrack":4,"minecraft:porkchop":7,"minecraft:lapis_lazuli":9,"minecraft:cooked_beef":2,"minecraft:glass_bottle":1,"minecraft:diamond":3,"elevatorid:elevator_white":2,"minecraft:cooked_porkchop":4,"minecraft:crossbow":6,"minecraft:warped_roots":21,"born_in_chaos_v1:dark_ritual_dagger":1,"minecraft:rail":16,"minecraft:leather_helmet":1,"minecraft:emerald":13,"sophisticatedbackpacks:gold_backpack":1,"minecraft:dirt":494,"minecraft:yellow_dye":2,"alexsmobs:flying_fish":5,"chipped:carpenters_table":1,"minecraft:gold_nugget":9,"born_in_chaos_v1:trident_hayfork":1,"minecraft:bone_meal":10,"minecraft:sand":287,"minecraft:sugar":2,"minecraft:iron_pickaxe":1,"minecraft:white_wool":2,"minecraft:bone":15,"minecraft:polished_blackstone_wall":1,"minecraft:iron_nugget":21,"minecraft:cooked_chicken":1,"minecraft:cobbled_deepslate":1,"minecraft:birch_sapling":4,"minecraft:wheat":214,"tombstone:gift":1,"minecraft:rotten_flesh":91,"minecraft:oak_planks":2,"chipped:reinforced_spruce_crate":12,"minecraft:white_bed":1,"minecraft:red_stained_glass_pane":2,"minecraft:yellow_stained_glass_pane":1,"croptopia:broccoli_seed":1,"minecraft:hopper":12,"minecraft:ladder":1,"minecraft:spruce_slab":4,"minecraft:glass":331,"born_in_chaos_v1:marigolds":1,"minecraft:enchanted_book":2,"born_in_chaos_v1:intoxicating_decoction":1,"minecraft:blue_stained_glass_pane":1,"minecraft:wheat_seeds":130,"minecraft:mourner_pottery_sherd":1,"born_in_chaos_v1:black_argillite_slab":12,"minecraft:cobblestone":841,"croptopia:orange":34,"minecraft:book":3,"minecraft:apple":45,"elevatorid:elevator_purple":1,"born_in_chaos_v1:soul_cutlass":2,"minecraft:coal":11,"minecraft:golden_apple":3,"minecraft:oxeye_daisy":3,"minecraft:ink_sac":1,"minecraft:wooden_hoe":2,"minecraft:oak_stairs":4,"minecraft:white_banner":1,"minecraft:chainmail_leggings":1,"minecraft:paper":12,"minecraft:string":8,"minecraft:spruce_sapling":113,"minecraft:skull_pottery_sherd":1,"minecraft:pink_stained_glass_pane":1,"born_in_chaos_v1:black_argillite_stairs":12,"alexsmobs:banana_peel":1,"mcwwindows:oak_four_window":1,"minecraft:stone_sword":2,"born_in_chaos_v1:rotten_fish":6,"minecraft:stone_shovel":1,"minecraft:white_carpet":15,"minecraft:nether_bricks":1,"minecraft:spruce_fence":38,"minecraft:shears":3,"mcwfences:spruce_horse_fence":5,"minecraft:potato":1594,"minecraft:hay_block":1,"minecraft:spruce_boat":1,"minecraft:stone":1602,"minecraft:spruce_planks":77,"minecraft:spruce_trapdoor":23,"minecraft:bundle":2,"minecraft:diamond_pickaxe":2,"croptopia:pear":17,"minecraft:spider_eye":8,"minecraft:stone_bricks":1,"minecraft:sandstone":77,"sophisticatedbackpacks:copper_backpack":2,"minecraft:red_sand":1,"minecraft:orange_stained_glass_pane":16,"minecraft:magma_block":46,"mcwfences:railing_nether_brick_wall":3,"mcwfences:nether_brick_pillar_wall":1,"minecraft:crimson_nylium":13,"minecraft:soul_sand":2,"minecraft:orange_dye":1,"minecraft:warped_fungus":8,"minecraft:oak_log":7,"minecraft:baked_potato":579,"minecraft:ender_pearl":2,"minecraft:dark_oak_sapling":6,"minecraft:leather":2,"minecraft:flint":9,"mcwwindows:nether_brick_arrow_slit":2,"minecraft:spruce_leaves":384,"minecraft:dark_oak_log":613,"minecraft:cornflower":1,"minecraft:crimson_roots":9,"minecraft:seagrass":2,"mcwwindows:orange_mosaic_glass":8,"minecraft:pumpkin_pie":6,"minecraft:gilded_blackstone":3,"chipped:ornate_nether_bricks_pillar":8,"immersiveengineering:raw_lead":1,"minecraft:birch_log":19,"minecraft:gravel":37,"minecraft:crimson_fungus":3,"minecraft:prize_pottery_sherd":1,"minecraft:blackstone":1,"born_in_chaos_v1:fire_dust":35,"mcwfences:nether_brick_railing_gate":17,"born_in_chaos_v1:ethereal_spirit":1,"minecraft:beetroot":1,"minecraft:diamond_shovel":1,"minecraft:cooked_mutton":11,"croptopia:asparagus_seed":2,"minecraft:carrot":296,"minecraft:chainmail_chestplate":1,"minecraft:poppy":5,"minecraft:rabbit_hide":2,"minecraft:gunpowder":1,"born_in_chaos_v1:corpse_maggot":69,"minecraft:beetroot_seeds":1,"minecraft:melon_seeds":2,"minecraft:chest":1,"minecraft:chainmail_boots":1,"minecraft:blackstone_slab":2,"minecraft:arrow":36,"minecraft:scaffolding":83,"minecraft:written_book":2,"minecraft:quartz":2,"immersiveengineering:seed":115,"minecraft:netherrack":280,"minecraft:bread":35,"minecraft:oak_slab":15,"minecraft:stripped_spruce_log":2,"minecraft:mossy_cobblestone":7,"minecraft:minecart":34,"elevatorid:elevator_yellow":2,"minecraft:diamond_leggings":2,"minecraft:poisonous_potato":14,"minecraft:lead":2,"simplyswords:diamond_warglaive":1,"minecraft:hopper_minecart":4,"minecraft:spruce_stairs":24,"minecraft:stick":141,"minecraft:blue_dye":2,"minecraft:diorite":2,"born_in_chaos_v1:river_mint":2,"minecraft:milk_bucket":2,"minecraft:nether_gold_ore":2,"minecraft:torch":31,"tombstone:grave_key":1,"born_in_chaos_v1:staffofthe_summoner":1,"minecraft:nether_wart_block":2,"alexsmobs:dropbear_claw":4,"tombstone:grave_dust":5,"immersiveengineering:shader_bag_epic":1,"minecraft:iron_axe":1,"minecraft:bucket":1,"minecraft:redstone_block":1,"minecraft:dandelion":11,"minecraft:smooth_basalt":1,"alexsmobs:maggot":2,"minecraft:warped_nylium":8,"minecraft:oak_trapdoor":1,"minecraft:coarse_dirt":51,"minecraft:nether_wart":26,"minecraft:blaze_rod":5,"mcwwindows:red_mosaic_glass":8,"minecraft:raw_iron":2,"mcwfences:oak_stockade_fence":1,"minecraft:iron_hoe":1,"croptopia:cherry":1,"cataclysm:stone_tiles":256,"minecraft:red_terracotta":3,"minecraft:flint_and_steel":1,"minecraft:filled_map":1,"minecraft:gray_terracotta":1,"minecraft:diamond_chestplate":1,"minecraft:golden_leggings":1,"minecraft:oak_boat":1,"minecraft:oak_sapling":166,"minecraft:golden_sword":8,"minecraft:miner_pottery_sherd":1,"minecraft:spruce_log":177,"croptopia:peach":18,"minecraft:raw_gold":1,"minecraft:brick":1},"minecraft:used":{"framedblocks:framed_double_stairs":15,"sophisticatedbackpacks:copper_backpack":4,"minecraft:polished_blackstone":1,"minecraft:spruce_slab":219,"minecraft:chest":11,"minecraft:ladder":8,"minecraft:stone":155,"minecraft:soul_sand":190,"chipped:magma_block_bricks":4,"minecraft:brick_slab":1,"born_in_chaos_v1:soul_cutlass":3,"mcwwindows:oak_four_window":49,"minecraft:azure_bluet":4,"mcwwindows:red_mosaic_glass":3,"minecraft:spruce_boat":2,"minecraft:lava_bucket":139,"minecraft:grass_block":2,"minecraft:birch_sapling":1,"chipped:bordered_netherrack":73,"born_in_chaos_v1:mint_candy":1,"framedblocks:framed_panel":81,"chipped:checkered_nether_bricks_tiles":15,"minecraft:bow":207,"minecraft:furnace":16,"chipped:iron_bowl_soul_lantern":3,"minecraft:oak_sapling":18,"minecraft:egg":4,"minecraft:potato":124,"mowziesmobs:foliaath_seed":2,"minecraft:mossy_stone_bricks":1,"minecraft:diorite":2,"minecraft:spruce_door":1,"minecraft:red_stained_glass":699,"framedblocks:framed_elevated_double_slope_edge":1,"minecraft:blackstone":2,"minecraft:orange_tulip":3,"storagedrawers:spruce_full_drawers_2":18,"elevatorid:elevator_white":7,"minecraft:golden_apple":3,"minecraft:sand":35,"simplyswords:diamond_warglaive":4,"minecraft:blast_furnace":8,"framedblocks:framing_saw":3,"chipped:vertical_stiped_red_stained_glass":7,"croptopia:nectarine":2,"chipped:massive_nether_bricks_bricks":508,"minecraft:lectern":201,"chipped:layed_magma_block_bricks":192,"connectedglass:clear_glass_orange":822,"chipped:raster_red_stained_glass":2,"minecraft:fire_charge":1,"minecraft:diamond_sword":1139,"chipped:fancy_red_stained_glass":7,"minecraft:smithing_table":1,"chipped:cut_red_nether_bricks_column":480,"minecraft:oak_boat":3,"chipped:fine_nether_bricks_pillar":234,"born_in_chaos_v1:dark_ritual_dagger":4,"minecraft:oak_trapdoor":34,"camera:image_frame":1,"alexsmobs:banana_peel":2,"minecraft:polished_blackstone_brick_slab":1,"minecraft:stone_sword":8,"minecraft:carved_pumpkin":1,"framedblocks:framed_slab":103,"chipped:ornate_nether_bricks_pillar":244,"chipped:fancy_orange_stained_glass":7,"born_in_chaos_v1:black_argillite_slab":9,"minecraft:cooked_salmon":1,"chipped:tiny_layered_magma_block_bricks":3,"minecraft:anvil":1,"minecraft:torch":455,"minecraft:polished_blackstone_wall":2,"minecraft:brewing_stand":2,"minecraft:netherrack":1829,"minecraft:orange_stained_glass":718,"minecraft:warped_wart_block":3,"chipped:cut_nether_bricks_column":469,"minecraft:nether_brick_slab":435,"mcwfences:oak_horse_fence":72,"minecraft:nether_brick_stairs":142,"minecraft:shroomlight":1,"simplyswords:diamond_scythe":372,"minecraft:rooted_dirt":2,"minecraft:brick_stairs":1,"minecraft:iron_axe":629,"storagedrawers:controller":1,"chipped:smooth_netherrack_column":143,"chipped:woven_red_stained_glass":2,"chipped:reinforced_shroomlight":4,"framedblocks:framed_vertical_double_stairs":2,"minecraft:totem_of_undying":2,"minecraft:barrel":19,"minecraft:bamboo":28,"tombstone:gift":19,"minecraft:golden_axe":32,"minecraft:cobbled_deepslate":1,"chipped:loded_netherrack":4,"sophisticatedbackpacks:gold_backpack":1,"minecraft:wheat_seeds":248,"chipped:tiny_netherrack_bricks":393,"minecraft:water_bucket":25,"fantasyfurniture:venthyr/desk_left":1,"minecraft:fletching_table":8,"framedblocks:framed_tube":1,"minecraft:polished_blackstone_bricks":4,"born_in_chaos_v1:black_argillite_stairs":11,"minecraft:mossy_cobblestone":14,"chipped:large_diamond_orange_stained_glass":6,"minecraft:oak_slab":388,"minecraft:crafting_table":7,"croptopia:apple_sapling":8,"mcwwindows:spruce_curtain_rod":1,"minecraft:white_bed":28,"minecraft:spruce_log":200,"minecraft:oak_log":706,"minecraft:oxeye_daisy":1,"chipped:botanist_workbench":1,"minecraft:cornflower":2,"minecraft:diamond_pickaxe":21800,"chipped:vertical_stiped_orange_stained_glass":6,"minecraft:diamond_shovel":7063,"chipped:small_magma_block_bricks":13,"minecraft:iron_pickaxe":750,"born_in_chaos_v1:staffofthe_summoner":15,"minecraft:spruce_trapdoor":43,"chipped:reinforced_spruce_crate":2,"minecraft:spruce_sapling":31,"minecraft:crimson_nylium":37,"chipped:raster_orange_stained_glass":3,"fantasyfurniture:furniture_station":1,"connectedglass:clear_glass_red":833,"minecraft:cobblestone":948,"minecraft:cooked_porkchop":4,"minecraft:dandelion":2,"minecraft:stripped_oak_log":7,"mcwfences:nether_brick_pillar_wall":37,"minecraft:brush":127,"croptopia:pear_sapling":2,"chipped:loded_red_nether_bricks":40,"minecraft:iron_shovel":713,"born_in_chaos_v1:intoxicating_decoction":1,"minecraft:shield":1,"minecraft:nether_wart":146,"tombstone:lollipop":6,"chipped:edged_nether_bricks_bricks":9,"chipped:cracked_magma_block_bricks":145,"minecraft:spruce_leaves":831,"minecraft:nether_bricks":226,"minecraft:carrot":690,"cataclysm:stone_tiles":3,"minecraft:obsidian":18,"minecraft:milk_bucket":3,"minecraft:glass":18,"tombstone:decorative_grave_simple":1,"minecraft:coal_ore":17,"minecraft:lantern":5,"minecraft:warped_nylium":13,"minecraft:crimson_roots":16,"mcwfences:railing_nether_brick_wall":5,"minecraft:stone_bricks":2,"minecraft:item_frame":1,"chipped:massive_netherrack_bricks":9,"minecraft:golden_sword":7,"minecraft:magma_block":3095,"minecraft:scaffolding":131,"minecraft:written_book":3,"chipped:spiraled_magma_block":1,"framedblocks:framed_sliced_stairs_panel":2,"cataclysm:stone_tile_slab":2,"mcwfences:spruce_pyramid_gate":17,"connectedglass:borderless_glass_orange":1,"chipped:tiny_nether_bricks_bricks":7,"minecraft:wither_skeleton_skull":2,"chipped:engraved_nether_bricks":5,"minecraft:oak_planks":229,"chipped:woven_orange_stained_glass":85,"minecraft:sandstone":6,"minecraft:sugar_cane":27,"minecraft:diamond_axe":1797,"mcwfences:modern_nether_brick_wall":66,"minecraft:white_wool":9,"chipped:brick_bordered_nether_bricks":1,"mcwwindows:nether_brick_arrow_slit":75,"simplyswords:iron_chakram":3,"minecraft:light_gray_terracotta":1,"minecraft:shears":706,"minecraft:heavy_weighted_pressure_plate":1,"minecraft:bread":149,"minecraft:dark_oak_log":3,"mcwfences:oak_stockade_fence":63,"born_in_chaos_v1:pumpkin_staff":1,"tombstone:grave_key":15,"born_in_chaos_v1:marigolds":11,"minecraft:gravel":3,"mcwwindows:orange_mosaic_glass":4,"minecraft:grindstone":2,"born_in_chaos_v1:river_mint":3,"connectedglass:borderless_glass_red":1,"minecraft:andesite":3,"minecraft:coarse_dirt":48,"minecraft:bone_meal":112,"minecraft:cobweb":10,"minecraft:oak_fence":11,"minecraft:rose_bush":4,"sophisticatedbackpacks:iron_backpack":5,"chipped:tinkering_table":1,"minecraft:flint_and_steel":67,"minecraft:stone_shovel":142,"minecraft:spruce_planks":327,"born_in_chaos_v1:black_argillite":1,"minecraft:cooked_chicken":2,"minecraft:oak_door":4,"minecraft:red_nether_brick_slab":61,"minecraft:dirt":1866,"minecraft:white_carpet":1,"minecraft:hopper":11,"minecraft:spruce_stairs":268,"minecraft:diamond_helmet":1,"minecraft:oak_wood":7,"minecraft:spruce_fence":131,"mcwfences:nether_brick_railing_gate":1,"chipped:large_diamond_red_stained_glass":90,"chipped:glassblower":1,"minecraft:iron_hoe":456,"minecraft:yellow_stained_glass":7,"minecraft:bookshelf":4,"minecraft:oak_stairs":304,"framedblocks:framed_slab_edge":41,"connectedglass:borderless_glass":4,"chipped:bordered_nether_bricks":148,"chipped:smooth_nether_bricks_column":9,"chipped:cobbled_nether_bricks":112,"minecraft:minecart":13,"chipped:shroomlight_lodestone_side":1,"mcwfences:spruce_horse_fence":48,"minecraft:cooked_beef":1,"minecraft:orange_stained_glass_pane":1,"framedblocks:framed_trapdoor":309,"born_in_chaos_v1:trident_hayfork":263,"minecraft:cooked_mutton":8,"mcwwindows:oak_window2":4,"minecraft:baked_potato":436,"minecraft:red_nether_bricks":1,"croptopia:apricot":8,"minecraft:spruce_sign":1,"minecraft:stonecutter":2,"minecraft:warped_roots":4,"connectedglass:clear_glass":4,"minecraft:stripped_dark_oak_log":1,"chipped:mason_table":2,"born_in_chaos_v1:cultivated_pumpkin":1,"tombstone:bag_of_seeds":3,"minecraft:apple":21,"croptopia:orange_sapling":4,"minecraft:stone_axe":51,"minecraft:crimson_fungus":2,"croptopia:peach_sapling":4,"minecraft:mud_brick_wall":2,"minecraft:white_banner":3,"minecraft:bucket":188,"chipped:smooth_inlayed_nether_bricks":146,"connectedglass:clear_glass_yellow":4,"chipped:nether_bricks_scales":41}},"DataVersion":3465}