{"stats":{"minecraft:crafted":{"mcwwindows:window_half_bar_base":72,"minecraft:smooth_stone":3,"minecraft:oak_planks":984,"minecraft:barrel":9,"minecraft:cooked_chicken":3,"minecraft:stone":3,"sophisticatedbackpacks:crafting_upgrade":1,"minecraft:heavy_weighted_pressure_plate":1,"minecraft:cooked_mutton":19,"minecraft:glass":64,"minecraft:chest":23,"minecraft:oak_slab":192,"mcwwindows:oak_window2":24,"sophisticatedbackpacks:backpack":1,"minecraft:emerald":8,"minecraft:cooked_porkchop":8,"minecraft:crafting_table":2,"mcwwindows:window_centre_bar_base":48,"minecraft:spruce_planks":684,"minecraft:baked_potato":209,"minecraft:spruce_door":3,"mcwfences:spruce_pyramid_gate":15,"minecraft:oak_wood":6,"minecraft:spruce_trapdoor":30,"mcwwindows:window_base":72,"minecraft:stick":480,"minecraft:iron_ingot":18,"minecraft:iron_pickaxe":4,"minecraft:gold_ingot":9,"mcwwindows:oak_four_window":48,"croptopia:pear_sapling":2,"storagedrawers:upgrade_template":4,"croptopia:apple_sapling":8,"minecraft:stone_shovel":1,"minecraft:iron_nugget":36,"minecraft:furnace":8,"storagedrawers:spruce_full_drawers_2":18,"minecraft:blast_furnace":1,"minecraft:bone_meal":52,"minecraft:spruce_fence":39,"minecraft:oak_trapdoor":52,"croptopia:peach_sapling":4,"minecraft:scaffolding":42,"minecraft:spruce_stairs":28,"minecraft:iron_axe":3,"mcwfences:oak_stockade_fence":51,"minecraft:iron_hoe":3,"minecraft:spruce_slab":84,"minecraft:wheat":9,"sophisticatedbackpacks:iron_backpack":1,"minecraft:cooked_beef":3,"croptopia:orange_sapling":4,"sophisticatedbackpacks:gold_backpack":1,"minecraft:bucket":2,"minecraft:enchanted_book":1,"minecraft:bread":90,"minecraft:air":0,"mcwfences:spruce_horse_fence":33,"storagedrawers:iron_storage_upgrade":2,"mcwfences:oak_horse_fence":81,"minecraft:oak_stairs":224,"minecraft:iron_shovel":2,"minecraft:white_bed":3,"minecraft:torch":136},"minecraft:dropped":{"minecraft:cooked_beef":2,"minecraft:oak_log":1,"minecraft:baked_potato":98,"minecraft:diamond":3,"minecraft:cooked_porkchop":4,"minecraft:crossbow":4,"minecraft:emerald":12,"minecraft:dirt":19,"born_in_chaos_v1:trident_hayfork":1,"minecraft:bone_meal":9,"minecraft:iron_pickaxe":1,"minecraft:birch_log":7,"minecraft:bone":2,"minecraft:prize_pottery_sherd":1,"minecraft:iron_nugget":4,"minecraft:cooked_chicken":1,"minecraft:cobbled_deepslate":1,"minecraft:wheat":4,"minecraft:birch_sapling":1,"tombstone:gift":1,"born_in_chaos_v1:ethereal_spirit":1,"minecraft:rotten_flesh":32,"minecraft:oak_planks":2,"minecraft:cooked_mutton":11,"croptopia:asparagus_seed":2,"minecraft:white_bed":1,"minecraft:chainmail_chestplate":1,"minecraft:poppy":5,"croptopia:broccoli_seed":1,"minecraft:melon_seeds":2,"born_in_chaos_v1:corpse_maggot":6,"minecraft:ladder":1,"minecraft:chainmail_boots":1,"minecraft:spruce_slab":2,"minecraft:arrow":4,"immersiveengineering:seed":83,"minecraft:written_book":2,"minecraft:bread":35,"minecraft:oak_slab":15,"minecraft:wheat_seeds":80,"minecraft:mourner_pottery_sherd":1,"minecraft:poisonous_potato":1,"minecraft:apple":40,"croptopia:orange":34,"minecraft:cobblestone":1,"minecraft:book":3,"simplyswords:diamond_warglaive":1,"minecraft:golden_apple":2,"minecraft:stick":35,"minecraft:oxeye_daisy":3,"born_in_chaos_v1:river_mint":2,"minecraft:torch":6,"tombstone:grave_key":1,"tombstone:grave_dust":2,"minecraft:oak_stairs":4,"minecraft:white_banner":1,"minecraft:iron_axe":1,"minecraft:chainmail_leggings":1,"minecraft:string":2,"minecraft:spruce_sapling":20,"minecraft:skull_pottery_sherd":1,"minecraft:dandelion":10,"minecraft:oak_trapdoor":1,"mcwwindows:oak_four_window":1,"minecraft:stone_shovel":1,"mcwfences:oak_stockade_fence":1,"minecraft:iron_hoe":1,"croptopia:cherry":1,"minecraft:spruce_fence":38,"minecraft:potato":2,"minecraft:spruce_trapdoor":14,"minecraft:spruce_planks":2,"minecraft:diamond_pickaxe":1,"croptopia:pear":17,"minecraft:golden_leggings":1,"minecraft:oak_sapling":166,"minecraft:miner_pottery_sherd":1,"minecraft:spider_eye":1,"croptopia:peach":18},"minecraft:mined":{"born_in_chaos_v1:cultivated_pumpkin":4,"minecraft:spruce_planks":25,"minecraft:white_bed":7,"minecraft:oak_sapling":51,"minecraft:farmland":23,"minecraft:carved_pumpkin":1,"minecraft:spruce_trapdoor":24,"minecraft:grass_block":573,"minecraft:oxeye_daisy":3,"minecraft:spawner":8,"minecraft:iron_ore":11,"minecraft:fire":10,"minecraft:barrel":13,"minecraft:pumpkin":5,"minecraft:azure_bluet":4,"minecraft:dirt_path":17,"minecraft:small_amethyst_bud":1,"minecraft:oak_stairs":74,"immersiveengineering:ore_lead":28,"minecraft:iron_block":2,"minecraft:spruce_slab":19,"minecraft:amethyst_cluster":1,"minecraft:torch":1,"minecraft:poppy":5,"minecraft:chest":1,"minecraft:glass":13,"minecraft:cobblestone":149,"minecraft:oak_planks":163,"minecraft:wall_torch":9,"minecraft:birch_sapling":3,"minecraft:chain":2,"minecraft:wheat":3,"immersiveengineering:deepslate_ore_lead":9,"born_in_chaos_v1:river_mint":15,"minecraft:grass":958,"mcwfences:spruce_pyramid_gate":14,"minecraft:oak_log":265,"minecraft:sand":78,"minecraft:dirt":336,"minecraft:netherrack":4,"minecraft:oak_leaves":1,"minecraft:deepslate":2,"minecraft:mossy_cobblestone":23,"minecraft:oak_door":2,"fantasyfurniture:furniture_station":1,"minecraft:dark_oak_log":2,"fantasyfurniture:venthyr/desk_left":1,"born_in_chaos_v1:black_argillite":89,"minecraft:spruce_fence":47,"minecraft:decorated_pot":1,"minecraft:spruce_leaves":6,"minecraft:rooted_dirt":3,"storagedrawers:spruce_full_drawers_2":1,"minecraft:redstone_ore":14,"minecraft:oak_trapdoor":7,"mcwwindows:oak_four_window":7,"minecraft:spruce_sapling":4,"minecraft:furnace":8,"minecraft:carrots":2,"minecraft:andesite":1,"minecraft:gold_block":1,"minecraft:bookshelf":4,"minecraft:potatoes":5,"minecraft:lantern":1,"minecraft:stripped_oak_log":11,"minecraft:bamboo":7,"minecraft:stone":1990,"minecraft:white_wool":9,"immersiveengineering:ore_aluminum":62,"minecraft:oak_slab":68,"minecraft:scaffolding":30,"mcwfences:oak_horse_fence":3,"minecraft:glass_pane":8,"born_in_chaos_v1:marigolds":10,"minecraft:dandelion":4,"minecraft:oak_fence":5,"minecraft:crafting_table":6,"minecraft:cornflower":4,"minecraft:oak_wood":7,"minecraft:copper_ore":2,"minecraft:tall_grass":278,"minecraft:lapis_ore":5,"mcwfences:oak_stockade_fence":13,"minecraft:diorite":2,"minecraft:spruce_stairs":6,"mcwwindows:oak_window2":4,"minecraft:coarse_dirt":107,"mcwfences:spruce_horse_fence":10,"minecraft:spruce_log":5,"minecraft:coal_ore":80,"minecraft:gravel":9,"minecraft:gold_ore":7,"minecraft:fern":1},"minecraft:used":{"minecraft:iron_shovel":713,"minecraft:spruce_slab":218,"sophisticatedbackpacks:copper_backpack":1,"minecraft:ladder":8,"minecraft:chest":4,"minecraft:carrot":154,"mcwwindows:oak_four_window":46,"minecraft:azure_bluet":4,"minecraft:milk_bucket":1,"minecraft:glass":13,"minecraft:lantern":5,"born_in_chaos_v1:mint_candy":1,"minecraft:item_frame":1,"minecraft:bow":63,"minecraft:written_book":3,"minecraft:scaffolding":75,"minecraft:oak_sapling":18,"minecraft:furnace":15,"minecraft:egg":3,"minecraft:potato":114,"mowziesmobs:foliaath_seed":2,"mcwfences:spruce_pyramid_gate":16,"minecraft:diorite":2,"minecraft:spruce_door":1,"minecraft:oak_planks":229,"storagedrawers:spruce_full_drawers_2":18,"minecraft:diamond_axe":528,"minecraft:white_wool":9,"minecraft:golden_apple":3,"minecraft:sand":1,"simplyswords:iron_chakram":3,"simplyswords:diamond_warglaive":4,"minecraft:blast_furnace":1,"croptopia:nectarine":1,"minecraft:heavy_weighted_pressure_plate":1,"minecraft:bread":82,"mcwfences:oak_stockade_fence":63,"tombstone:grave_key":7,"born_in_chaos_v1:marigolds":4,"minecraft:gravel":1,"minecraft:diamond_sword":57,"born_in_chaos_v1:river_mint":1,"minecraft:coarse_dirt":5,"minecraft:bone_meal":43,"minecraft:oak_fence":5,"minecraft:oak_trapdoor":33,"minecraft:carved_pumpkin":1,"minecraft:stone_shovel":142,"minecraft:spruce_planks":130,"minecraft:cooked_chicken":2,"minecraft:netherrack":3,"minecraft:dirt":510,"minecraft:oak_door":2,"minecraft:torch":186,"minecraft:spruce_stairs":266,"mcwfences:oak_horse_fence":72,"minecraft:oak_wood":7,"minecraft:spruce_fence":129,"minecraft:iron_hoe":455,"minecraft:bookshelf":4,"minecraft:iron_axe":629,"minecraft:oak_stairs":301,"minecraft:totem_of_undying":2,"minecraft:barrel":16,"minecraft:bamboo":28,"tombstone:gift":9,"mcwfences:spruce_horse_fence":38,"minecraft:cobbled_deepslate":1,"minecraft:cooked_beef":1,"minecraft:golden_axe":32,"born_in_chaos_v1:trident_hayfork":246,"minecraft:wheat_seeds":243,"minecraft:cooked_mutton":8,"minecraft:water_bucket":11,"fantasyfurniture:venthyr/desk_left":1,"mcwwindows:oak_window2":4,"minecraft:baked_potato":45,"croptopia:apricot":8,"minecraft:mossy_cobblestone":14,"minecraft:oak_slab":386,"minecraft:crafting_table":7,"croptopia:apple_sapling":8,"born_in_chaos_v1:cultivated_pumpkin":1,"minecraft:white_bed":10,"minecraft:spruce_log":7,"tombstone:bag_of_seeds":3,"minecraft:oak_log":701,"minecraft:cornflower":2,"minecraft:diamond_pickaxe":1773,"minecraft:apple":21,"minecraft:oxeye_daisy":1,"minecraft:diamond_shovel":527,"minecraft:iron_pickaxe":750,"minecraft:spruce_trapdoor":40,"croptopia:orange_sapling":4,"minecraft:spruce_sapling":4,"minecraft:stone_axe":51,"fantasyfurniture:furniture_station":1,"minecraft:cobblestone":462,"croptopia:peach_sapling":4,"minecraft:white_banner":1,"minecraft:cooked_porkchop":4,"minecraft:bucket":11,"minecraft:stripped_oak_log":4,"croptopia:pear_sapling":2},"minecraft:picked_up":{"minecraft:wheat":281,"minecraft:chainmail_boots":1,"minecraft:lead":2,"minecraft:diamond_sword":1,"minecraft:oak_stairs":74,"minecraft:enchanted_book":1,"born_in_chaos_v1:bloody_gadfly_eye":1,"minecraft:brewing_stand":1,"born_in_chaos_v1:black_argillite":89,"minecraft:string":28,"minecraft:raw_copper":10,"immersiveengineering:raw_lead":37,"minecraft:diamond_leggings":1,"minecraft:cobbled_deepslate":2,"minecraft:spruce_planks":27,"minecraft:written_book":2,"born_in_chaos_v1:stimulating_decoction":2,"minecraft:furnace":8,"minecraft:tipped_arrow":1,"minecraft:stick":282,"born_in_chaos_v1:shattered_skull":1,"minecraft:oak_fence":5,"minecraft:torch":83,"minecraft:spruce_stairs":6,"minecraft:porkchop":9,"tombstone:grave_dust":7,"minecraft:diorite":2,"fantasyfurniture:furniture_station":1,"simplyswords:diamond_warglaive":1,"minecraft:rotten_flesh":32,"croptopia:persimmon":9,"born_in_chaos_v1:sea_terror_eye":2,"mcwfences:spruce_pyramid_gate":14,"minecraft:iron_block":2,"minecraft:carved_pumpkin":2,"minecraft:bookshelf":4,"born_in_chaos_v1:cultivated_pumpkin":4,"minecraft:cobblestone":6711,"minecraft:birch_log":39,"minecraft:feather":3,"born_in_chaos_v1:spiritual_dust":4,"croptopia:nectarine":8,"minecraft:golden_leggings":1,"minecraft:potato":307,"minecraft:flint":2,"fantasyfurniture:venthyr/desk_left":1,"minecraft:lapis_lazuli":37,"minecraft:dirt":1144,"minecraft:lantern":1,"born_in_chaos_v1:marigolds":10,"minecraft:glass":11,"minecraft:bone":15,"minecraft:bow":2,"minecraft:wheat_seeds":763,"minecraft:raw_gold":7,"minecraft:diamond_helmet":1,"minecraft:glowstone_dust":2,"minecraft:bamboo":70,"croptopia:lime":6,"minecraft:oak_planks":163,"minecraft:poisonous_potato":1,"minecraft:sand":142,"immersiveengineering:raw_aluminum":62,"minecraft:barrel":13,"minecraft:mossy_cobblestone":23,"mcwfences:oak_stockade_fence":13,"minecraft:bundle":1,"minecraft:iron_hoe":1,"croptopia:cherry":10,"minecraft:sugar":1,"minecraft:diamond":2,"minecraft:miner_pottery_sherd":1,"minecraft:crossbow":4,"alexsmobs:maggot":2,"minecraft:emerald":8,"minecraft:bread":29,"minecraft:rooted_dirt":3,"minecraft:oak_sapling":370,"minecraft:netherrack":4,"born_in_chaos_v1:sea_terror_stomach":1,"minecraft:diamond_pickaxe":2,"minecraft:coarse_dirt":107,"minecraft:crafting_table":6,"minecraft:azure_bluet":4,"minecraft:chicken":3,"born_in_chaos_v1:river_mint":17,"croptopia:peach":26,"born_in_chaos_v1:seedof_chaos":3,"minecraft:brown_mushroom":4,"minecraft:mourner_pottery_sherd":1,"minecraft:gold_block":1,"minecraft:chain":2,"mcwfences:spruce_horse_fence":10,"minecraft:cornflower":4,"minecraft:oak_trapdoor":7,"minecraft:iron_axe":2,"minecraft:item_frame":1,"minecraft:iron_shovel":1,"croptopia:pear":21,"minecraft:beef":3,"minecraft:poppy":17,"minecraft:spruce_slab":22,"minecraft:chest":1,"minecraft:birch_sapling":4,"minecraft:spruce_trapdoor":24,"minecraft:egg":3,"minecraft:raw_iron":11,"minecraft:oak_door":2,"minecraft:spruce_fence":47,"minecraft:skull_pottery_sherd":1,"born_in_chaos_v1:pieceofdarkmetal":1,"minecraft:carrot":116,"minecraft:redstone":64,"minecraft:arrow":127,"minecraft:stone_shovel":1,"minecraft:diamond_chestplate":1,"minecraft:diamond_boots":1,"minecraft:hay_block":1,"minecraft:saddle":4,"minecraft:totem_of_undying":5,"sophisticatedbackpacks:copper_backpack":1,"born_in_chaos_v1:trident_hayfork":2,"minecraft:mutton":25,"minecraft:white_wool":25,"minecraft:oxeye_daisy":6,"minecraft:stripped_oak_log":11,"born_in_chaos_v1:corpse_maggot":8,"born_in_chaos_v1:monster_flesh":1,"minecraft:salmon":2,"minecraft:leather":4,"minecraft:filled_map":1,"minecraft:oak_log":1157,"minecraft:chainmail_chestplate":1,"minecraft:gunpowder":4,"mcwwindows:oak_four_window":7,"minecraft:white_banner":6,"tombstone:gift":1,"sophisticatedbackpacks:upgrade_base":1,"minecraft:apple":81,"mcwwindows:oak_window2":4,"minecraft:iron_ingot":47,"tombstone:bag_of_seeds":1,"minecraft:glass_bottle":2,"minecraft:tropical_fish_bucket":1,"minecraft:scaffolding":75,"minecraft:oak_slab":76,"croptopia:apricot":12,"minecraft:pumpkin":5,"born_in_chaos_v1:orbofthe_summoner":1,"born_in_chaos_v1:ethereal_spirit":5,"minecraft:dandelion":13,"storagedrawers:spruce_full_drawers_2":1,"minecraft:gravel":22,"born_in_chaos_v1:dark_rod":3,"minecraft:amethyst_shard":4,"minecraft:prize_pottery_sherd":1,"minecraft:spruce_sapling":24,"minecraft:white_bed":8,"minecraft:spruce_log":383,"minecraft:spider_eye":3,"minecraft:oak_wood":7,"minecraft:diamond_shovel":1,"minecraft:pumpkin_seeds":22,"minecraft:slime_ball":2,"mcwfences:oak_horse_fence":3,"immersiveengineering:seed":253,"minecraft:stone_axe":1,"minecraft:chainmail_leggings":1,"croptopia:orange":42,"minecraft:diamond_axe":1,"minecraft:gray_wool":1,"simplyswords:iron_chakram":1,"minecraft:coal":94},"minecraft:broken":{"minecraft:iron_shovel":3,"minecraft:diamond_helmet":1,"minecraft:stone_axe":1,"minecraft:stone_shovel":1,"minecraft:iron_hoe":1,"minecraft:golden_axe":1,"minecraft:iron_axe":5,"minecraft:iron_pickaxe":3},"minecraft:killed":{"minecraft:cave_spider":2,"minecraft:witch":6,"born_in_chaos_v1:door_knight_not_despawn":1,"born_in_chaos_v1:pumpkin_spirit":1,"minecraft:spider":6,"minecraft:zombie_horse":1,"born_in_chaos_v1:baby_skeleton_minion":1,"minecraft:skeleton":4,"minecraft:chicken":3,"born_in_chaos_v1:supreme_bonescaller_stage_2":1,"minecraft:pig":4,"born_in_chaos_v1:glutton_fish":1,"minecraft:iron_golem":9,"minecraft:sheep":17,"minecraft:trader_llama":2,"minecraft:pillager":16,"minecraft:zombie":11,"minecraft:stray":1,"alexsmobs:fly":1,"minecraft:cow":2,"minecraft:evoker":6,"minecraft:vex":16,"born_in_chaos_v1:zombie_clown_not_despawn":1,"minecraft:vindicator":13,"born_in_chaos_v1:maggot":5,"minecraft:horse":3,"mowziesmobs:baby_foliaath":1,"born_in_chaos_v1:bone_imp_minion":6,"minecraft:wandering_trader":1,"born_in_chaos_v1:bloody_gadfly":1,"born_in_chaos_v1:dark_vortex":1},"minecraft:killed_by":{"minecraft:pillager":1,"minecraft:ravager":2,"minecraft:vindicator":6,"minecraft:witch":1,"minecraft:zombie":1,"minecraft:vex":6,"minecraft:player":1,"minecraft:stray":1,"minecraft:spider":1,"minecraft:iron_golem":1},"minecraft:custom":{"minecraft:animals_bred":4,"minecraft:interact_with_crafting_table":100,"minecraft:open_barrel":17,"minecraft:leave_game":18,"minecraft:time_since_death":101621,"minecraft:sprint_one_cm":2456633,"minecraft:drop":187,"minecraft:talked_to_villager":9,"minecraft:play_time":823357,"minecraft:deaths":22,"minecraft:jump":10629,"minecraft:walk_on_water_one_cm":7895,"minecraft:interact_with_furnace":47,"minecraft:traded_with_villager":9,"minecraft:sleep_in_bed":52,"minecraft:waystone_activated":2,"minecraft:damage_dealt":32556,"minecraft:player_kills":1,"minecraft:crouch_one_cm":82702,"tombstone:undead_killed":27,"tombstone:villager_killed":1,"minecraft:interact_with_anvil":2,"minecraft:mob_kills":150,"minecraft:damage_dealt_resisted":2525,"minecraft:climb_one_cm":38018,"minecraft:walk_one_cm":3002281,"minecraft:damage_dealt_absorbed":80,"minecraft:raid_win":2,"minecraft:sneak_time":33952,"minecraft:walk_under_water_one_cm":3543,"minecraft:total_world_time":823357,"tombstone:raider_killed":41,"minecraft:interact_with_grindstone":1,"minecraft:interact_with_stonecutter":1,"minecraft:time_since_rest":31859,"minecraft:damage_absorbed":120,"minecraft:damage_taken":13055,"minecraft:swim_one_cm":7069,"minecraft:fly_one_cm":2159527,"minecraft:open_chest":185,"minecraft:fall_one_cm":249164}},"DataVersion":3465}