{"stats":{"minecraft:killed_by":{"minecraft:ravager":2,"minecraft:zombie":1,"born_in_chaos_v1:lifestealer_true_form":1,"minecraft:zombified_piglin":3,"alexsmobs:dropbear":3,"born_in_chaos_v1:bone_imp":1,"born_in_chaos_v1:nightmare_stalker":1,"minecraft:pillager":1,"minecraft:vindicator":6,"minecraft:vex":6,"minecraft:stray":1,"cataclysm:netherite_monstrosity":2,"minecraft:wither_skeleton":1,"minecraft:blaze":1,"minecraft:witch":1,"alexsmobs:bone_serpent":1,"minecraft:player":2,"minecraft:spider":1,"minecraft:enderman":1,"minecraft:iron_golem":1,"mowziesmobs:ferrous_wroughtnaut":1},"minecraft:used":{"minecraft:moss_block":2,"minecraft:writable_book":1,"minecraft:stone":155,"framedblocks:framed_double_stairs":15,"minecraft:soul_sand":195,"chipped:magma_block_bricks":4,"mcwwindows:oak_four_window":49,"minecraft:azure_bluet":4,"mcwwindows:red_mosaic_glass":3,"minecraft:spruce_boat":4,"minecraft:lava_bucket":217,"chipped:bordered_netherrack":73,"born_in_chaos_v1:mint_candy":1,"framedblocks:framed_panel":81,"minecraft:bow":260,"minecraft:oak_sapling":18,"minecraft:mossy_stone_bricks":1,"framedblocks:framed_elevated_double_slope_edge":1,"minecraft:blackstone":94,"storagedrawers:spruce_full_drawers_2":20,"minecraft:golden_apple":3,"simplyswords:diamond_warglaive":4,"minecraft:blast_furnace":8,"minecraft:diamond_sword":1333,"chipped:fancy_red_stained_glass":7,"minecraft:smithing_table":1,"chipped:cut_red_nether_bricks_column":480,"minecraft:oak_boat":3,"chipped:fine_nether_bricks_pillar":234,"minecraft:oak_trapdoor":34,"camera:image_frame":1,"alexsmobs:banana_peel":2,"minecraft:polished_blackstone_brick_slab":1,"minecraft:carved_pumpkin":1,"chipped:ornate_nether_bricks_pillar":618,"born_in_chaos_v1:black_argillite_slab":9,"chipped:fancy_orange_stained_glass":7,"minecraft:polished_blackstone_wall":2,"minecraft:cooked_salmon":1,"minecraft:orange_stained_glass":718,"minecraft:torch":509,"minecraft:brewing_stand":2,"minecraft:nether_quartz_ore":1,"chipped:reinforced_shroomlight":4,"chipped:woven_red_stained_glass":2,"chipped:smooth_netherrack_column":157,"framedblocks:framed_vertical_double_stairs":2,"minecraft:barrel":19,"minecraft:bamboo":28,"chipped:rough_nether_bricks":7,"sophisticatedbackpacks:gold_backpack":2,"minecraft:wheat_seeds":248,"chipped:tiny_netherrack_bricks":394,"storagedrawers:spruce_full_drawers_4":1,"minecraft:cauldron":1,"framedblocks:framed_tube":1,"born_in_chaos_v1:black_argillite_stairs":11,"croptopia:apple_sapling":8,"minecraft:white_bed":32,"minecraft:spruce_log":200,"chipped:curly_nether_bricks_pillar":170,"minecraft:diamond_pickaxe":26160,"minecraft:diamond_shovel":7783,"chipped:vertical_stiped_orange_stained_glass":6,"tombstone:magic_scroll":2,"minecraft:spruce_trapdoor":46,"chipped:reinforced_spruce_crate":2,"minecraft:spruce_sapling":31,"chipped:raster_orange_stained_glass":3,"fantasyfurniture:furniture_station":1,"connectedglass:clear_glass_red":1113,"minecraft:cooked_porkchop":4,"mcwfences:nether_brick_pillar_wall":37,"minecraft:brush":127,"minecraft:stripped_oak_log":7,"minecraft:dandelion":2,"chipped:netherrack_scales":390,"minecraft:moss_carpet":1,"chipped:loded_red_nether_bricks":40,"minecraft:nether_wart":146,"tombstone:lollipop":11,"chipped:cracked_magma_block_bricks":145,"minecraft:spruce_leaves":831,"cataclysm:stone_tiles":3,"minecraft:obsidian":31,"tombstone:decorative_grave_simple":1,"minecraft:lantern":5,"minecraft:warped_nylium":16,"minecraft:item_frame":1,"minecraft:golden_sword":7,"minecraft:written_book":3,"minecraft:wither_skeleton_skull":2,"minecraft:oak_planks":229,"chipped:woven_orange_stained_glass":85,"minecraft:sandstone":39,"minecraft:diamond_axe":2246,"minecraft:sugar_cane":27,"mcwfences:modern_nether_brick_wall":133,"minecraft:white_wool":9,"chipped:brick_bordered_nether_bricks":1,"mcwwindows:nether_brick_arrow_slit":86,"simplyswords:iron_chakram":3,"chipped:spiraled_nether_bricks":13,"minecraft:dark_oak_log":3,"mcwfences:oak_stockade_fence":63,"minecraft:bread":149,"born_in_chaos_v1:pumpkin_staff":1,"chipped:carved_nether_bricks":10,"tombstone:grave_key":15,"born_in_chaos_v1:marigolds":11,"mcwwindows:orange_mosaic_glass":4,"born_in_chaos_v1:river_mint":3,"minecraft:coarse_dirt":49,"minecraft:bone_meal":112,"sophisticatedbackpacks:iron_backpack":5,"minecraft:rose_bush":4,"chipped:tinkering_table":1,"minecraft:flint_and_steel":68,"born_in_chaos_v1:black_argillite":1,"minecraft:cooked_chicken":2,"minecraft:dirt":2018,"minecraft:red_nether_brick_slab":93,"minecraft:spruce_fence":131,"minecraft:iron_hoe":456,"mcwfences:nether_brick_railing_gate":1,"minecraft:oak_stairs":304,"framedblocks:framed_slab_edge":41,"minecraft:soul_soil":6,"minecraft:minecart":13,"chipped:shroomlight_lodestone_side":1,"minecraft:cooked_beef":1,"minecraft:orange_stained_glass_pane":1,"framedblocks:framed_trapdoor":309,"born_in_chaos_v1:trident_hayfork":263,"minecraft:baked_potato":436,"minecraft:red_nether_bricks":1,"minecraft:cut_sandstone":12,"minecraft:spruce_sign":1,"minecraft:warped_roots":5,"connectedglass:clear_glass":4,"minecraft:stone_axe":51,"minecraft:crimson_fungus":2,"croptopia:peach_sapling":4,"connectedglass:clear_glass_yellow":8,"minecraft:spruce_slab":219,"minecraft:polished_blackstone":1,"sophisticatedbackpacks:copper_backpack":4,"minecraft:ladder":8,"minecraft:chest":13,"immersiveengineering:craftingtable":2,"minecraft:brick_slab":1,"immersiveengineering:balloon":32,"born_in_chaos_v1:soul_cutlass":3,"minecraft:grass_block":2,"minecraft:birch_sapling":1,"chipped:checkered_nether_bricks_tiles":161,"minecraft:furnace":16,"chipped:iron_bowl_soul_lantern":3,"minecraft:egg":4,"minecraft:potato":125,"mowziesmobs:foliaath_seed":2,"minecraft:diorite":2,"minecraft:spruce_door":1,"minecraft:red_stained_glass":699,"chipped:layed_netherrack_bricks":5,"minecraft:orange_tulip":3,"elevatorid:elevator_white":11,"minecraft:sand":35,"framedblocks:framing_saw":4,"chipped:vertical_stiped_red_stained_glass":7,"croptopia:nectarine":2,"chipped:massive_nether_bricks_bricks":1127,"minecraft:lectern":432,"chipped:layed_magma_block_bricks":194,"connectedglass:clear_glass_orange":908,"chipped:raster_red_stained_glass":2,"minecraft:fire_charge":1,"born_in_chaos_v1:dark_ritual_dagger":4,"minecraft:stone_sword":8,"framedblocks:framed_slab":725,"minecraft:netherrack":2837,"chipped:tiny_layered_magma_block_bricks":3,"minecraft:warped_wart_block":3,"minecraft:anvil":2,"minecraft:nether_brick_slab":594,"mcwfences:oak_horse_fence":72,"chipped:cut_nether_bricks_column":470,"minecraft:nether_brick_stairs":158,"minecraft:shroomlight":1,"simplyswords:diamond_scythe":767,"minecraft:rooted_dirt":2,"minecraft:iron_axe":629,"minecraft:brick_stairs":1,"storagedrawers:controller":1,"minecraft:totem_of_undying":2,"tombstone:gift":22,"minecraft:cobbled_deepslate":12,"chipped:loded_netherrack":4,"minecraft:orange_terracotta":1,"minecraft:golden_axe":32,"minecraft:water_bucket":30,"fantasyfurniture:venthyr/desk_left":1,"minecraft:fletching_table":8,"minecraft:polished_blackstone_bricks":4,"minecraft:mossy_cobblestone":14,"minecraft:oak_slab":388,"minecraft:crafting_table":9,"chipped:large_diamond_orange_stained_glass":6,"mcwwindows:spruce_curtain_rod":1,"minecraft:oak_log":706,"minecraft:cornflower":2,"chipped:botanist_workbench":1,"minecraft:oxeye_daisy":1,"chipped:small_magma_block_bricks":13,"minecraft:iron_pickaxe":750,"immersiveengineering:lantern":4,"born_in_chaos_v1:staffofthe_summoner":15,"minecraft:crimson_nylium":38,"minecraft:cobblestone":995,"croptopia:pear_sapling":2,"minecraft:iron_shovel":713,"born_in_chaos_v1:intoxicating_decoction":1,"minecraft:shield":1,"minecraft:smooth_sandstone_stairs":2,"chipped:edged_nether_bricks_bricks":89,"minecraft:nether_bricks":286,"minecraft:carrot":1047,"minecraft:milk_bucket":4,"minecraft:glass":18,"minecraft:coal_ore":17,"immersiveengineering:turntable":2,"minecraft:crimson_roots":19,"minecraft:stone_bricks":2,"mcwfences:railing_nether_brick_wall":5,"chipped:massive_netherrack_bricks":9,"minecraft:magma_block":3098,"minecraft:scaffolding":131,"chipped:spiraled_magma_block":1,"cataclysm:stone_tile_slab":2,"framedblocks:framed_sliced_stairs_panel":2,"mcwfences:spruce_pyramid_gate":17,"connectedglass:borderless_glass_orange":1,"chipped:tiny_nether_bricks_bricks":7,"chipped:engraved_nether_bricks":5,"minecraft:light_gray_terracotta":1,"minecraft:shears":706,"minecraft:heavy_weighted_pressure_plate":1,"minecraft:cyan_bed":2,"minecraft:gravel":3,"mcwwindows:red_mosaic_glass_pane":41,"minecraft:grindstone":3,"connectedglass:borderless_glass_red":1,"minecraft:andesite":24,"minecraft:cobweb":10,"minecraft:oak_fence":13,"minecraft:stone_shovel":142,"minecraft:spruce_planks":327,"minecraft:oak_door":4,"minecraft:white_carpet":1,"minecraft:hopper":12,"minecraft:spruce_stairs":268,"minecraft:diamond_helmet":2,"minecraft:oak_wood":7,"chipped:large_diamond_red_stained_glass":90,"minecraft:bookshelf":8,"minecraft:yellow_stained_glass":7,"chipped:glassblower":1,"connectedglass:borderless_glass":4,"chipped:bordered_nether_bricks":148,"chipped:smooth_nether_bricks_column":9,"chipped:small_red_stained_glass":8,"chipped:cobbled_nether_bricks":113,"mcwfences:spruce_horse_fence":48,"minecraft:cooked_mutton":8,"mcwwindows:oak_window2":4,"croptopia:apricot":8,"minecraft:stonecutter":3,"minecraft:terracotta":1,"minecraft:stripped_dark_oak_log":1,"chipped:mason_table":3,"born_in_chaos_v1:cultivated_pumpkin":1,"minecraft:nether_gold_ore":2,"tombstone:bag_of_seeds":3,"minecraft:apple":29,"croptopia:orange_sapling":4,"minecraft:mud_brick_wall":2,"minecraft:white_banner":3,"minecraft:bucket":282,"chipped:smooth_inlayed_nether_bricks":146,"chipped:nether_bricks_scales":41},"minecraft:mined":{"minecraft:red_nether_brick_slab":41,"born_in_chaos_v1:cultivated_pumpkin":4,"minecraft:white_bed":28,"chipped:cobbled_nether_bricks":19,"chipped:raster_red_stained_glass":2,"minecraft:red_nether_bricks":1,"chipped:tiny_layered_magma_block_bricks":3,"born_in_chaos_v1:dark_metal_deposit":9,"minecraft:nether_wart":13,"minecraft:spawner":9,"minecraft:polished_blackstone_bricks":3,"chipped:ornate_nether_bricks_pillar":345,"minecraft:magma_block":3421,"chipped:layed_magma_block_bricks":85,"minecraft:fire":105,"minecraft:barrel":15,"minecraft:fletching_table":8,"minecraft:nether_brick_stairs":65,"minecraft:pink_tulip":9,"minecraft:white_banner":1,"minecraft:tripwire":2,"minecraft:cut_sandstone":17,"chipped:fancy_orange_stained_glass":7,"minecraft:crimson_nylium":173,"chipped:raster_orange_stained_glass":3,"minecraft:torch":29,"minecraft:nether_brick_slab":262,"minecraft:sugar_cane":29,"minecraft:birch_sapling":5,"minecraft:white_terracotta":47,"minecraft:chain":3,"minecraft:grass":1206,"chipped:engraved_nether_bricks":1,"minecraft:dark_oak_sapling":29,"tombstone:decorative_grave_simple":1,"minecraft:smooth_basalt":1,"mcwfences:spruce_picket_fence":2,"minecraft:deepslate":16,"framedblocks:framed_sliced_stairs_panel":2,"minecraft:suspicious_gravel":15,"minecraft:mossy_cobblestone":46,"chipped:large_diamond_orange_stained_glass":6,"minecraft:dark_oak_log":3,"minecraft:spruce_fence":49,"minecraft:cartography_table":1,"minecraft:red_mushroom":8,"immersiveengineering:ore_silver":10,"minecraft:redstone_ore":22,"minecraft:andesite":37,"chipped:tiny_nether_bricks_bricks":7,"chipped:reinforced_spruce_crate":2,"born_in_chaos_v1:black_argillite_slab":9,"chipped:shroomlight_lodestone_side":1,"minecraft:oak_slab":70,"mcwfences:oak_horse_fence":3,"minecraft:glass_pane":16,"minecraft:soul_sand":243,"chipped:smooth_inlayed_nether_bricks":22,"minecraft:dandelion":89,"minecraft:cornflower":4,"minecraft:warped_roots":11,"minecraft:tall_grass":362,"minecraft:copper_ore":95,"minecraft:deepslate_gold_ore":9,"minecraft:diorite":4,"minecraft:warped_wart_block":3,"minecraft:red_terracotta":3,"minecraft:coarse_dirt":271,"minecraft:sunflower":79,"minecraft:gravel":1122,"minecraft:cobweb":10,"minecraft:polished_blackstone":1,"minecraft:stone_bricks":3,"minecraft:gold_ore":12,"immersiveengineering:crate":3,"minecraft:fern":2,"minecraft:oak_sapling":51,"minecraft:farmland":49,"minecraft:orange_stained_glass":715,"mcwwindows:red_mosaic_glass_pane":1,"minecraft:brewing_stand":4,"minecraft:spruce_trapdoor":37,"sophisticatedbackpacks:iron_backpack":3,"minecraft:polished_blackstone_brick_slab":1,"minecraft:gilded_blackstone":3,"chipped:carved_nether_bricks":6,"framedblocks:framing_saw":3,"minecraft:red_tulip":37,"chipped:tiny_netherrack_bricks":105,"minecraft:azalea":1,"sophisticatedbackpacks:copper_backpack":2,"minecraft:spruce_slab":22,"framedblocks:framed_vertical_double_stairs":2,"minecraft:deepslate_redstone_ore":11,"minecraft:gray_terracotta":1,"chipped:rough_nether_bricks":7,"minecraft:polished_blackstone_wall":2,"minecraft:orange_terracotta":2,"minecraft:light_gray_terracotta":1,"minecraft:jungle_stairs":2,"minecraft:nether_quartz_ore":26,"minecraft:oak_planks":215,"minecraft:wall_torch":17,"minecraft:warped_nylium":105,"chipped:large_diamond_red_stained_glass":90,"chipped:loded_netherrack":4,"born_in_chaos_v1:river_mint":17,"minecraft:tnt":9,"minecraft:oak_log":325,"minecraft:dirt":2591,"chipped:layed_netherrack_bricks":5,"minecraft:ancient_debris":3,"framedblocks:framed_slab":187,"mcwwindows:nether_brick_arrow_slit":50,"framedblocks:framed_panel":57,"minecraft:crying_obsidian":2,"chipped:mason_table":2,"minecraft:red_stained_glass":694,"born_in_chaos_v1:infected_diamond_ore":2,"minecraft:glow_lichen":1,"minecraft:decorated_pot":1,"minecraft:spruce_leaves":759,"minecraft:crimson_stem":1,"chipped:netherrack_scales":127,"mcwfences:nether_brick_pillar_wall":28,"minecraft:nether_sprouts":5,"minecraft:orange_stained_glass_pane":1,"minecraft:gold_block":3,"minecraft:bookshelf":8,"minecraft:shroomlight":5,"minecraft:stripped_oak_log":30,"immersiveengineering:craftingtable":2,"minecraft:scaffolding":88,"born_in_chaos_v1:marigolds":42,"minecraft:stripped_dark_oak_log":1,"minecraft:basalt":1,"minecraft:oak_fence":11,"born_in_chaos_v1:black_argillite_stairs":11,"born_in_chaos_v1:black_argillite_brick_n":1,"chipped:massive_netherrack_bricks":9,"chipped:small_red_stained_glass":8,"chipped:curly_nether_bricks_pillar":74,"framedblocks:framed_double_stairs":15,"elevatorid:elevator_white":8,"minecraft:mossy_stone_bricks":1,"minecraft:dark_oak_planks":8,"mcwwindows:orange_mosaic_glass":4,"chipped:nether_bricks_scales":41,"cataclysm:stone_tiles":164,"minecraft:carved_pumpkin":1,"minecraft:obsidian":63,"minecraft:red_sand":1,"minecraft:crimson_fungus":3,"minecraft:hopper":3,"minecraft:oxeye_daisy":3,"immersiveengineering:deepslate_ore_silver":36,"minecraft:pumpkin":5,"chipped:bordered_netherrack":36,"minecraft:water_cauldron":1,"minecraft:dirt_path":147,"minecraft:oak_stairs":193,"minecraft:small_amethyst_bud":1,"chipped:vertical_stiped_orange_stained_glass":6,"immersiveengineering:balloon":9,"minecraft:smooth_sandstone_stairs":2,"minecraft:iron_block":2,"minecraft:brown_mushroom":4,"mcwfences:nether_brick_railing_gate":1,"minecraft:soul_fire":34,"minecraft:amethyst_cluster":1,"minecraft:blast_furnace":7,"minecraft:glass":14,"minecraft:cyan_bed":3,"chipped:smooth_netherrack_column":157,"chipped:bordered_nether_bricks":148,"minecraft:wheat":11,"chipped:checkered_nether_bricks_tiles":29,"minecraft:warped_fungus":6,"mcwfences:spruce_pyramid_gate":14,"framedblocks:framed_tube":1,"mcwfences:modern_nether_brick_wall":133,"framedblocks:framed_slab_edge":4,"minecraft:stonecutter":2,"born_in_chaos_v1:infernal_evil_pumpkin_s":1,"minecraft:yellow_stained_glass":7,"connectedglass:borderless_glass_orange":1,"minecraft:nether_bricks":2225,"minecraft:crimson_roots":13,"minecraft:jungle_planks":12,"born_in_chaos_v1:black_argillite":90,"born_in_chaos_v1:fel_soil":33,"minecraft:moss_block":2,"mcwwindows:oak_four_window":10,"chipped:edged_nether_bricks_bricks":41,"chipped:fine_nether_bricks_pillar":116,"minecraft:potatoes":5,"minecraft:bamboo":7,"minecraft:white_wool":9,"immersiveengineering:ore_aluminum":107,"connectedglass:borderless_glass_red":1,"minecraft:smithing_table":1,"mcwwindows:red_mosaic_glass":3,"framedblocks:framed_double_slab":1,"chipped:magma_block_bricks":4,"mcwwindows:oak_window2":4,"mcwfences:spruce_horse_fence":16,"minecraft:spruce_log":37,"minecraft:spruce_planks":40,"chipped:fancy_red_stained_glass":7,"minecraft:cobblestone_stairs":1,"sophisticatedbackpacks:gold_backpack":2,"minecraft:grass_block":1330,"minecraft:soul_soil":74,"minecraft:mud_brick_wall":2,"minecraft:iron_ore":40,"connectedglass:clear_glass_red":108,"minecraft:azure_bluet":4,"minecraft:dark_oak_stairs":2,"immersiveengineering:ore_lead":52,"framedblocks:framed_trapdoor":253,"chipped:smooth_nether_bricks_column":9,"chipped:spiraled_nether_bricks":13,"minecraft:blackstone":58,"minecraft:clay":4,"minecraft:poppy":25,"chipped:massive_nether_bricks_bricks":591,"minecraft:chest":1,"minecraft:mushroom_stem":22,"minecraft:cobblestone":343,"minecraft:grindstone":4,"cataclysm:stone_tile_slab":2,"minecraft:seagrass":3,"chipped:brick_bordered_nether_bricks":1,"minecraft:nether_wart_block":8,"chipped:spiraled_magma_block":1,"immersiveengineering:deepslate_ore_lead":9,"minecraft:orange_tulip":68,"chipped:cracked_magma_block_bricks":11,"minecraft:sand":2601,"chipped:woven_red_stained_glass":2,"minecraft:netherrack":6084,"minecraft:oak_leaves":10,"minecraft:nether_gold_ore":32,"minecraft:diamond_ore":2,"minecraft:deepslate_diamond_ore":31,"minecraft:candle":8,"minecraft:oak_door":5,"fantasyfurniture:furniture_station":1,"chipped:cut_red_nether_bricks_column":12,"chipped:woven_orange_stained_glass":85,"fantasyfurniture:venthyr/desk_left":1,"chipped:iron_bowl_soul_lantern":3,"minecraft:brick_stairs":2,"connectedglass:clear_glass_orange":64,"mcwfences:railing_nether_brick_wall":5,"minecraft:sandstone":556,"minecraft:rooted_dirt":6,"minecraft:large_fern":3,"storagedrawers:spruce_full_drawers_2":3,"minecraft:oak_trapdoor":10,"minecraft:spruce_sapling":22,"minecraft:furnace":9,"minecraft:carrots":6,"minecraft:chiseled_sandstone":2,"immersiveengineering:turntable":2,"minecraft:stripped_spruce_log":2,"chipped:loded_red_nether_bricks":39,"immersiveengineering:lantern":4,"minecraft:lantern":1,"minecraft:stone":7736,"minecraft:white_tulip":17,"minecraft:podzol":1,"minecraft:flowering_azalea":9,"minecraft:crafting_table":6,"minecraft:blackstone_slab":3,"minecraft:oak_wood":7,"connectedglass:clear_glass_yellow":8,"minecraft:rose_bush":13,"minecraft:lectern":430,"minecraft:lapis_ore":6,"framedblocks:framed_elevated_double_slope_edge":1,"mcwfences:oak_stockade_fence":13,"minecraft:spruce_stairs":8,"minecraft:brick_slab":1,"mcwwindows:spruce_curtain_rod":1,"chipped:cut_nether_bricks_column":55,"chipped:small_magma_block_bricks":13,"minecraft:coal_ore":332,"chipped:vertical_stiped_red_stained_glass":7,"minecraft:terracotta":3},"minecraft:dropped":{"minecraft:porkchop":7,"minecraft:lapis_lazuli":9,"minecraft:glow_ink_sac":1,"minecraft:glass_bottle":1,"minecraft:diamond":3,"minecraft:cooked_porkchop":4,"minecraft:warped_roots":22,"minecraft:emerald":13,"alexsmobs:flying_fish":5,"minecraft:gold_nugget":10,"minecraft:sand":289,"minecraft:white_wool":2,"tombstone:lollipop":1,"minecraft:iron_nugget":21,"minecraft:cooked_chicken":1,"minecraft:cobbled_deepslate":4,"minecraft:wheat":214,"tombstone:gift":2,"minecraft:rotten_flesh":126,"minecraft:oak_planks":3,"alexsmobs:blood_sac":2,"minecraft:glass":331,"born_in_chaos_v1:marigolds":1,"minecraft:wheat_seeds":134,"born_in_chaos_v1:black_argillite_slab":12,"minecraft:book":3,"croptopia:orange":34,"minecraft:golden_apple":4,"minecraft:ink_sac":1,"minecraft:oak_stairs":4,"minecraft:white_banner":1,"minecraft:red_dye":2,"minecraft:chainmail_leggings":1,"minecraft:skull_pottery_sherd":1,"minecraft:pink_stained_glass_pane":1,"alexsmobs:banana_peel":1,"mcwwindows:oak_four_window":1,"minecraft:stone_shovel":1,"minecraft:white_carpet":15,"minecraft:clay_ball":29,"minecraft:shears":4,"mcwfences:spruce_horse_fence":5,"minecraft:spruce_boat":2,"minecraft:spruce_planks":77,"minecraft:spruce_trapdoor":23,"minecraft:bundle":3,"minecraft:diamond_pickaxe":4,"born_in_chaos_v1:bloody_gadfly_eye":1,"minecraft:stone_bricks":1,"minecraft:sandstone":109,"sophisticatedbackpacks:copper_backpack":2,"minecraft:red_sand":1,"minecraft:magma_block":47,"minecraft:soul_sand":2,"minecraft:moss_block":8,"minecraft:orange_dye":1,"minecraft:warped_fungus":8,"minecraft:oak_log":7,"minecraft:ender_pearl":2,"minecraft:dark_oak_sapling":6,"minecraft:leather":2,"mcwwindows:nether_brick_arrow_slit":2,"minecraft:dark_oak_log":613,"mcwfences:spruce_picket_fence":2,"chipped:ornate_nether_bricks_pillar":8,"minecraft:prize_pottery_sherd":1,"mcwfences:nether_brick_railing_gate":17,"minecraft:beetroot":1,"minecraft:cooked_mutton":11,"croptopia:asparagus_seed":2,"minecraft:beetroot_seeds":1,"minecraft:scaffolding":83,"minecraft:bread":35,"elevatorid:elevator_yellow":2,"simplyswords:diamond_warglaive":1,"minecraft:tropical_fish":1,"minecraft:spruce_stairs":24,"minecraft:milk_bucket":2,"tombstone:grave_key":1,"born_in_chaos_v1:staffofthe_summoner":1,"minecraft:nether_wart_block":5,"alexsmobs:dropbear_claw":6,"minecraft:chiseled_sandstone":2,"minecraft:redstone_block":1,"chipped:netherrack_scales":10,"minecraft:oak_trapdoor":1,"mcwwindows:red_mosaic_glass":8,"mcwfences:oak_stockade_fence":1,"minecraft:flint_and_steel":1,"minecraft:gray_terracotta":1,"minecraft:golden_leggings":1,"minecraft:oak_sapling":166,"minecraft:miner_pottery_sherd":1,"minecraft:spruce_log":177,"croptopia:peach":18,"minecraft:brick":1,"minecraft:clay":1,"minecraft:piston":1,"chipped:bordered_netherrack":4,"minecraft:cooked_beef":2,"elevatorid:elevator_white":2,"minecraft:crossbow":6,"born_in_chaos_v1:dark_ritual_dagger":1,"minecraft:rail":16,"minecraft:leather_helmet":1,"sophisticatedbackpacks:gold_backpack":1,"minecraft:dirt":506,"minecraft:yellow_dye":2,"chipped:carpenters_table":1,"born_in_chaos_v1:trident_hayfork":1,"minecraft:bone_meal":10,"minecraft:sugar":2,"minecraft:iron_pickaxe":1,"connectedglass:clear_glass_red":1,"minecraft:bone":16,"minecraft:polished_blackstone_wall":1,"minecraft:birch_sapling":4,"chipped:reinforced_spruce_crate":12,"minecraft:white_bed":1,"minecraft:red_stained_glass_pane":2,"minecraft:yellow_stained_glass_pane":1,"croptopia:broccoli_seed":1,"minecraft:hopper":12,"minecraft:ladder":1,"minecraft:spruce_slab":6,"minecraft:enchanted_book":5,"minecraft:iron_ingot":1,"born_in_chaos_v1:intoxicating_decoction":1,"minecraft:blue_stained_glass_pane":1,"minecraft:mourner_pottery_sherd":1,"minecraft:oak_fence":2,"minecraft:feather":1,"minecraft:cobblestone":853,"minecraft:apple":48,"elevatorid:elevator_purple":1,"born_in_chaos_v1:soul_cutlass":2,"minecraft:coal":12,"minecraft:oxeye_daisy":3,"minecraft:wooden_hoe":2,"minecraft:rabbit":4,"minecraft:paper":12,"minecraft:string":8,"minecraft:spruce_sapling":113,"born_in_chaos_v1:black_argillite_stairs":12,"minecraft:moss_carpet":2,"minecraft:stone_sword":2,"born_in_chaos_v1:rotten_fish":6,"minecraft:stone_slab":5,"minecraft:nether_bricks":1,"minecraft:spruce_fence":38,"minecraft:potato":2417,"minecraft:hay_block":1,"minecraft:stone":1602,"croptopia:pear":17,"minecraft:spider_eye":8,"minecraft:orange_stained_glass_pane":16,"mcwfences:railing_nether_brick_wall":3,"mcwfences:nether_brick_pillar_wall":1,"minecraft:crimson_nylium":34,"minecraft:baked_potato":579,"minecraft:flint":10,"minecraft:spruce_leaves":384,"minecraft:cornflower":1,"minecraft:crimson_roots":13,"minecraft:cut_sandstone":5,"minecraft:seagrass":2,"mcwwindows:orange_mosaic_glass":8,"minecraft:gilded_blackstone":3,"minecraft:pumpkin_pie":6,"immersiveengineering:raw_lead":1,"minecraft:birch_log":19,"minecraft:gravel":37,"minecraft:crimson_fungus":5,"minecraft:blackstone":3,"born_in_chaos_v1:fire_dust":35,"born_in_chaos_v1:ethereal_spirit":5,"minecraft:diamond_shovel":1,"minecraft:carrot":296,"minecraft:chainmail_chestplate":1,"minecraft:poppy":204,"minecraft:rabbit_hide":2,"minecraft:gunpowder":1,"minecraft:melon_seeds":2,"born_in_chaos_v1:corpse_maggot":85,"minecraft:azalea":1,"minecraft:chainmail_boots":1,"minecraft:chest":1,"minecraft:blackstone_slab":2,"minecraft:arrow":36,"minecraft:quartz":2,"immersiveengineering:seed":119,"minecraft:written_book":2,"minecraft:netherrack":338,"minecraft:stripped_spruce_log":2,"minecraft:oak_slab":15,"minecraft:mossy_cobblestone":7,"minecraft:minecart":34,"minecraft:diamond_leggings":2,"minecraft:poisonous_potato":18,"minecraft:lead":2,"minecraft:hopper_minecart":4,"minecraft:copper_ingot":1,"minecraft:stick":145,"minecraft:blue_dye":2,"minecraft:nether_gold_ore":4,"born_in_chaos_v1:river_mint":2,"minecraft:diorite":2,"minecraft:torch":31,"tombstone:grave_dust":7,"immersiveengineering:shader_bag_epic":1,"minecraft:iron_axe":1,"minecraft:bucket":2,"minecraft:dandelion":11,"minecraft:smooth_basalt":1,"alexsmobs:maggot":2,"minecraft:warped_nylium":23,"minecraft:blaze_rod":5,"minecraft:nether_wart":26,"minecraft:coarse_dirt":51,"minecraft:raw_iron":3,"minecraft:iron_hoe":1,"croptopia:cherry":1,"cataclysm:stone_tiles":256,"minecraft:red_terracotta":3,"minecraft:filled_map":1,"minecraft:diamond_chestplate":1,"minecraft:orange_terracotta":1,"minecraft:oak_boat":1,"minecraft:golden_sword":8,"minecraft:raw_gold":2,"minecraft:nether_quartz_ore":14},"minecraft:crafted":{"minecraft:yellow_wool":16,"minecraft:blaze_powder":4,"alexsmobs:banana_peel":2,"minecraft:nether_brick":946,"minecraft:diamond_helmet":4,"connectedglass:scratched_glass_red":48,"minecraft:tipped_arrow":5,"mcwfences:railing_nether_brick_wall":3,"minecraft:sticky_piston":1,"minecraft:red_nether_bricks":406,"minecraft:lectern":2,"naturescompass:naturescompass":1,"minecraft:stone_slab":6,"minecraft:iron_pickaxe":4,"minecraft:netherite_ingot":1,"minecraft:nautilus_shell":5,"minecraft:iron_nugget":126,"minecraft:soul_torch":24,"minecraft:spruce_fence":39,"minecraft:quartz":2,"minecraft:spruce_stairs":28,"connectedglass:clear_glass_yellow":88,"framedblocks:framed_tube":1,"sophisticatedbackpacks:gold_backpack":2,"framedblocks:framed_vertical_double_stairs":1,"connectedglass:scratched_glass_orange":24,"minecraft:enchanted_book":15,"minecraft:orange_dye":133,"mcwfences:spruce_horse_fence":48,"minecraft:red_stained_glass":872,"minecraft:soul_lantern":11,"storagedrawers:iron_storage_upgrade":2,"mcwfences:oak_horse_fence":81,"framedblocks:framed_slab":12,"minecraft:iron_shovel":2,"minecraft:grindstone":1,"minecraft:barrel":9,"mcwwindows:red_mosaic_glass_pane":176,"minecraft:cooked_chicken":3,"minecraft:stone":107,"minecraft:heavy_weighted_pressure_plate":1,"born_in_chaos_v1:dark_ritual_dagger":1,"minecraft:comparator":2,"minecraft:chest":64,"minecraft:rail":16,"minecraft:bricks":1,"minecraft:red_nether_brick_slab":54,"mcwwindows:nether_brick_arrow_slit":3,"minecraft:ender_eye":2,"minecraft:oak_fence":3,"mcwfences:modern_nether_brick_wall":6,"minecraft:arrow":192,"mcwwindows:window_centre_bar_base":48,"tombstone:decorative_grave_simple":1,"mcwfences:spruce_pyramid_gate":16,"sophisticatedbackpacks:upgrade_base":2,"minecraft:yellow_stained_glass":28,"minecraft:dispenser":1,"minecraft:spruce_trapdoor":32,"born_in_chaos_v1:staffofthe_summoner":1,"sophisticatedbackpacks:xp_pump_upgrade":1,"minecraft:purple_dye":16,"minecraft:yellow_dye":95,"sophisticatedbackpacks:diamond_backpack":1,"chipped:botanist_workbench":1,"minecraft:stick":9655,"minecraft:iron_ingot":97,"croptopia:pear_sapling":2,"minecraft:nether_brick_slab":12,"connectedglass:scratched_glass_yellow":4,"minecraft:furnace":8,"minecraft:blast_furnace":1,"minecraft:piston":4,"minecraft:oak_trapdoor":52,"minecraft:flint_and_steel":1,"minecraft:scaffolding":42,"born_in_chaos_v1:bone_handle":2,"chipped:tinkering_table":1,"connectedglass:borderless_glass_orange":852,"minecraft:jungle_planks":8,"immersiveengineering:balloon":9,"sophisticatedbackpacks:pickup_upgrade":1,"tombstone:dark_marble":4,"minecraft:anvil":2,"minecraft:stonecutter":1,"born_in_chaos_v1:black_argillite_slab":12,"minecraft:torch":376,"chipped:glassblower":1,"minecraft:diamond_chestplate":2,"minecraft:smooth_stone":3,"connectedglass:borderless_glass_red":940,"mcwwindows:red_mosaic_glass":64,"minecraft:orange_stained_glass":520,"born_in_chaos_v1:death_totem":1,"connectedglass:clear_glass":4,"sophisticatedbackpacks:crafting_upgrade":1,"croptopia:avocado_sapling":1,"minecraft:bookshelf":3,"framedblocks:framed_vertical_sliced_stairs":4,"connectedglass:borderless_glass":8,"minecraft:cooked_mutton":19,"mcwfences:nether_brick_pillar_wall":10,"connectedglass:clear_glass_orange":852,"minecraft:glass":2520,"minecraft:diamond_leggings":2,"minecraft:flower_pot":3,"mcwwindows:oak_window2":24,"minecraft:emerald":1419,"minecraft:cooked_porkchop":8,"minecraft:diamond_axe":2,"minecraft:spruce_door":3,"minecraft:copper_ingot":1,"minecraft:oak_wood":6,"connectedglass:borderless_glass_yellow":88,"mcwwindows:window_base":72,"minecraft:compass":1,"minecraft:iron_block":3,"minecraft:gold_ingot":108,"storagedrawers:upgrade_template":20,"minecraft:stone_shovel":1,"storagedrawers:spruce_full_drawers_2":20,"minecraft:bone_meal":184,"minecraft:white_carpet":15,"sophisticatedbackpacks:advanced_pump_upgrade":1,"storagedrawers:emerald_storage_upgrade":4,"alexsmobs:acacia_blossom":4,"croptopia:peach_sapling":4,"born_in_chaos_v1:pieceofdarkmetal":9,"minecraft:spruce_slab":96,"minecraft:ender_pearl":15,"minecraft:diamond_boots":2,"minecraft:redstone_block":1,"minecraft:dark_oak_planks":88,"minecraft:wheat":9,"minecraft:bone":6,"minecraft:oak_stairs":224,"connectedglass:clear_glass_red":940,"minecraft:iron_leggings":6,"minecraft:white_bed":4,"elevatorid:elevator_yellow":2,"minecraft:nether_brick_stairs":9,"minecraft:brick":14,"mcwwindows:window_half_bar_base":72,"minecraft:oak_planks":1344,"born_in_chaos_v1:black_argillite_stairs":12,"minecraft:green_dye":9,"minecraft:hopper":25,"framedblocks:framing_saw":1,"minecraft:oak_slab":216,"sophisticatedbackpacks:backpack":2,"minecraft:crafting_table":8,"minecraft:spruce_planks":6204,"minecraft:baked_potato":1161,"minecraft:hopper_minecart":4,"minecraft:birch_planks":52,"minecraft:book":3,"minecraft:iron_chestplate":4,"minecraft:shield":12,"elevatorid:elevator_purple":1,"mcwwindows:oak_four_window":48,"minecraft:redstone_torch":14,"framedblocks:framed_trapdoor":12,"minecraft:shears":9,"sophisticatedbackpacks:advanced_pickup_upgrade":1,"minecraft:nether_wart":384,"croptopia:apple_sapling":8,"minecraft:purple_wool":9,"minecraft:mangrove_propagule":1,"simplyswords:diamond_scythe":1,"sophisticatedbackpacks:advanced_magnet_upgrade":1,"storagedrawers:controller":1,"minecraft:leather":2,"minecraft:iron_axe":3,"mcwfences:oak_stockade_fence":51,"minecraft:iron_hoe":4,"minecraft:netherite_scrap":5,"minecraft:minecart":11,"sophisticatedbackpacks:iron_backpack":3,"minecraft:cooked_beef":3,"minecraft:sugar":2,"minecraft:red_dye":188,"croptopia:orange_sapling":4,"framedblocks:framed_elevated_double_slope_edge":1,"minecraft:nether_bricks":64,"minecraft:bucket":34,"minecraft:air":0,"minecraft:bread":153,"minecraft:blue_dye":8,"minecraft:oak_boat":1,"sophisticatedbackpacks:pump_upgrade":1,"framedblocks:framed_cube":325,"storagedrawers:oak_half_drawers_2":4},"minecraft:custom":{"minecraft:interact_with_crafting_table":210,"minecraft:damage_blocked_by_shield":450,"tombstone:eaten_lollipop":11,"minecraft:play_time":4461627,"minecraft:deaths":51,"minecraft:jump":62382,"minecraft:interact_with_cartography_table":1,"tombstone:sneak_grave":1,"tombstone:undead_killed":319,"minecraft:interact_with_anvil":33,"minecraft:inspect_hopper":4,"tombstone:raider_killed":54,"minecraft:time_since_rest":1421,"minecraft:swim_one_cm":225145,"minecraft:open_chest":881,"minecraft:damage_resisted":68,"minecraft:talked_to_villager":747,"minecraft:interact_with_brewingstand":9,"tombstone:villager_killed":4,"minecraft:damage_dealt_resisted":7401,"minecraft:raid_win":2,"minecraft:boat_one_cm":5563,"minecraft:damage_taken":50299,"minecraft:open_barrel":32,"goblintraders:trade_with_goblin":1698,"minecraft:bell_ring":7,"minecraft:leave_game":60,"minecraft:time_since_death":664930,"minecraft:interact_with_furnace":511,"minecraft:traded_with_villager":398,"minecraft:sleep_in_bed":267,"minecraft:waystone_activated":3,"minecraft:damage_dealt":158705,"minecraft:damage_dealt_absorbed":328,"minecraft:sneak_time":308877,"minecraft:interact_with_blast_furnace":5,"minecraft:total_world_time":4461627,"minecraft:interact_with_stonecutter":23,"minecraft:fly_one_cm":13610223,"minecraft:fall_one_cm":1793455,"minecraft:animals_bred":12,"minecraft:sprint_one_cm":10582670,"minecraft:drop":1281,"minecraft:walk_on_water_one_cm":112026,"minecraft:player_kills":2,"minecraft:crouch_one_cm":1005518,"minecraft:mob_kills":1741,"minecraft:climb_one_cm":477017,"minecraft:walk_one_cm":12474970,"minecraft:walk_under_water_one_cm":128323,"minecraft:pot_flower":1,"minecraft:interact_with_grindstone":4,"minecraft:damage_absorbed":120},"minecraft:picked_up":{"minecraft:smithing_table":1,"minecraft:lead":11,"minecraft:enchanted_book":15,"framedblocks:framed_vertical_double_stairs":2,"chipped:tiny_layered_magma_block_bricks":2,"chipped:edged_nether_bricks_bricks":10,"minecraft:string":63,"minecraft:shroomlight":5,"minecraft:diamond_leggings":2,"minecraft:polished_blackstone_brick_slab":1,"immersiveengineering:shader_bag_epic":1,"born_in_chaos_v1:shattered_skull":2,"chipped:cracked_magma_block_bricks":10,"connectedglass:clear_glass_orange":16,"born_in_chaos_v1:fel_soil":32,"minecraft:cauldron":1,"chipped:netherrack_scales":36,"minecraft:stone_sword":6,"minecraft:red_tulip":37,"minecraft:carved_pumpkin":2,"minecraft:bookshelf":4,"born_in_chaos_v1:cultivated_pumpkin":4,"minecraft:white_terracotta":47,"minecraft:blaze_rod":10,"chipped:bordered_netherrack":36,"minecraft:feather":5,"minecraft:water_bucket":1,"chipped:ornate_nether_bricks_pillar":322,"minecraft:flint":121,"minecraft:lantern":1,"born_in_chaos_v1:marigolds":42,"chipped:carved_nether_bricks":3,"minecraft:stonecutter":2,"minecraft:rabbit":4,"minecraft:diamond_helmet":1,"minecraft:stripped_spruce_log":2,"sophisticatedbackpacks:iron_backpack":4,"chipped:raster_orange_stained_glass":3,"cataclysm:stone_tiles":255,"croptopia:cherry":10,"minecraft:iron_hoe":1,"alexsmobs:tarantula_hawk_wing_fragment":1,"minecraft:rooted_dirt":6,"born_in_chaos_v1:rotten_fish":47,"minecraft:crimson_roots":36,"minecraft:diamond_pickaxe":8,"sophisticatedbackpacks:gold_backpack":2,"minecraft:clay_ball":45,"born_in_chaos_v1:seedof_chaos":6,"framedblocks:framed_tube":1,"minecraft:cornflower":5,"minecraft:white_carpet":1,"minecraft:flint_and_steel":1,"camera:image_frame":1,"born_in_chaos_v1:intoxicating_decoction":4,"minecraft:iron_shovel":1,"minecraft:polished_blackstone_wall":2,"mcwwindows:orange_mosaic_glass":4,"chipped:bordered_nether_bricks":2,"minecraft:poppy":39,"minecraft:spruce_slab":25,"minecraft:minecart":13,"minecraft:birch_sapling":8,"mcwfences:railing_nether_brick_wall":5,"minecraft:copper_ore":26,"minecraft:stone":6213,"born_in_chaos_v1:pieceofdarkmetal":14,"minecraft:diamond_chestplate":1,"minecraft:stone_shovel":1,"minecraft:hay_block":2,"minecraft:totem_of_undying":5,"sophisticatedbackpacks:copper_backpack":7,"minecraft:polished_blackstone":1,"minecraft:mutton":25,"minecraft:oxeye_daisy":6,"minecraft:heartbreak_pottery_sherd":2,"born_in_chaos_v1:monster_flesh":4,"minecraft:yellow_dye":2,"minecraft:blackstone_slab":2,"chipped:smooth_netherrack_column":86,"alexsmobs:mosquito_proboscis":2,"mcwwindows:oak_window2":4,"born_in_chaos_v1:soul_cutlass":3,"minecraft:apple":100,"minecraft:yellow_stained_glass":7,"tombstone:bag_of_seeds":6,"minecraft:smooth_basalt":1,"minecraft:milk_bucket":1,"minecraft:sweet_berries":8,"immersiveengineering:lantern":4,"born_in_chaos_v1:orbofthe_summoner":1,"tombstone:decorative_grave_simple":1,"minecraft:crying_obsidian":2,"minecraft:leather_helmet":1,"chipped:cut_red_nether_bricks_column":12,"minecraft:oak_wood":7,"minecraft:diamond_shovel":3,"minecraft:coal_ore":30,"minecraft:slime_ball":18,"immersiveengineering:seed":344,"minecraft:red_nether_brick_slab":2,"minecraft:baked_potato":20,"immersiveengineering:raw_silver":86,"minecraft:hopper":3,"minecraft:gilded_blackstone":3,"born_in_chaos_v1:holiday_candy":56,"framedblocks:framed_panel":57,"minecraft:red_candle":3,"alexsmobs:dropbear_claw":8,"immersiveengineering:raw_lead":70,"alexsmobs:blood_sac":6,"minecraft:red_sand":1,"minecraft:bucket":2,"minecraft:white_tulip":17,"minecraft:rose_bush":27,"minecraft:azalea":4,"born_in_chaos_v1:stimulating_decoction":2,"chipped:fancy_red_stained_glass":8,"alexsmobs:banana_peel":1,"immersiveengineering:balloon":12,"minecraft:tipped_arrow":1,"minecraft:spruce_stairs":8,"minecraft:diorite":4,"fantasyfurniture:furniture_station":1,"tombstone:lollipop":13,"mcwfences:spruce_picket_fence":2,"minecraft:andesite_wall":1,"minecraft:rotten_flesh":263,"chipped:tiny_nether_bricks_bricks":7,"minecraft:obsidian":63,"minecraft:cobblestone":10211,"minecraft:raiser_armor_trim_smithing_template":3,"minecraft:andesite":25,"croptopia:nectarine":9,"minecraft:golden_leggings":1,"minecraft:potato":3797,"chipped:massive_netherrack_bricks":9,"fantasyfurniture:venthyr/desk_left":1,"minecraft:smooth_sandstone_stairs":2,"minecraft:dirt":4200,"born_in_chaos_v1:black_argillite_stairs":11,"minecraft:name_tag":1,"minecraft:glass":343,"minecraft:bone":73,"minecraft:wheat_seeds":1572,"minecraft:bow":3,"minecraft:orange_tulip":67,"chipped:woven_red_stained_glass":2,"minecraft:grindstone":4,"minecraft:mossy_stone_bricks":1,"minecraft:fletching_table":8,"minecraft:bamboo":70,"camera:image":3,"chipped:smooth_nether_bricks_column":9,"immersiveengineering:raw_aluminum":107,"minecraft:grass_block":4,"minecraft:nether_brick_stairs":45,"minecraft:mossy_cobblestone":41,"minecraft:light_gray_terracotta":1,"chipped:cut_nether_bricks_column":50,"minecraft:sugar":1,"minecraft:yellow_stained_glass_pane":1,"alexsmobs:rattlesnake_rattle":1,"minecraft:crossbow":6,"minecraft:bone_meal":12,"minecraft:spruce_sign":1,"minecraft:emerald":203,"minecraft:netherrack":6566,"born_in_chaos_v1:sea_terror_stomach":2,"born_in_chaos_v1:diamond_termite_shard":3,"minecraft:azure_bluet":4,"croptopia:peach":26,"born_in_chaos_v1:river_mint":22,"minecraft:brown_mushroom":8,"mcwfences:spruce_horse_fence":16,"minecraft:chain":4,"minecraft:brick":1,"minecraft:orange_stained_glass":22,"minecraft:oak_trapdoor":10,"minecraft:moss_carpet":3,"minecraft:blackstone":97,"immersiveengineering:crate":3,"chipped:tiny_netherrack_bricks":102,"minecraft:polished_blackstone_bricks":4,"minecraft:purple_candle":3,"minecraft:pumpkin_pie":3,"minecraft:nether_bricks":1157,"immersiveengineering:shader":1,"minecraft:pink_tulip":9,"minecraft:brick_stairs":2,"born_in_chaos_v1:corpse_maggot":114,"minecraft:basalt":1,"minecraft:leather":18,"chipped:nether_bricks_scales":41,"minecraft:crimson_fungus":7,"minecraft:chainmail_chestplate":1,"minecraft:gunpowder":17,"minecraft:heart_pottery_sherd":1,"minecraft:orange_terracotta":2,"chipped:rough_nether_bricks":1,"minecraft:iron_ingot":64,"framedblocks:framed_elevated_double_slope_edge":1,"minecraft:tropical_fish_bucket":1,"minecraft:nether_quartz_ore":17,"minecraft:warped_fungus":9,"minecraft:black_candle":5,"connectedglass:borderless_glass_red":1,"croptopia:apricot":12,"minecraft:quartz":8,"minecraft:dandelion":98,"minecraft:amethyst_shard":4,"minecraft:nether_brick_slab":137,"minecraft:brick_slab":1,"minecraft:pumpkin_seeds":78,"mcwfences:oak_horse_fence":3,"minecraft:chainmail_leggings":1,"chipped:massive_nether_bricks_bricks":82,"minecraft:terracotta":3,"connectedglass:borderless_glass_orange":1,"simplyswords:iron_chakram":1,"minecraft:sunflower":76,"chipped:vertical_stiped_orange_stained_glass":7,"minecraft:seagrass":2,"minecraft:chainmail_boots":2,"minecraft:diamond_sword":1,"minecraft:oak_stairs":193,"immersiveengineering:turntable":2,"minecraft:brewing_stand":5,"minecraft:golden_sword":21,"minecraft:soul_soil":72,"minecraft:red_nether_bricks":1,"minecraft:blue_stained_glass_pane":1,"minecraft:beetroot":2,"minecraft:gold_nugget":219,"minecraft:cobbled_deepslate":16,"chipped:checkered_nether_bricks_tiles":17,"minecraft:spruce_planks":73,"minecraft:written_book":3,"chipped:small_red_stained_glass":8,"chipped:brick_bordered_nether_bricks":39,"minecraft:sheaf_pottery_sherd":3,"minecraft:composter":1,"minecraft:rabbit_foot":1,"croptopia:persimmon":9,"minecraft:tropical_fish":1,"chipped:spiraled_magma_block":1,"minecraft:iron_block":2,"minecraft:blue_dye":3,"chipped:fine_nether_bricks_pillar":116,"minecraft:host_armor_trim_smithing_template":3,"alexsmobs:flying_fish":5,"minecraft:birch_log":64,"chipped:woven_orange_stained_glass":4,"minecraft:magma_block":3189,"born_in_chaos_v1:spiritual_dust":4,"minecraft:jungle_log":2,"cataclysm:stone_tile_slab":2,"minecraft:brown_candle":1,"minecraft:gray_terracotta":1,"chipped:large_diamond_orange_stained_glass":7,"minecraft:glowstone_dust":2,"minecraft:moss_block":10,"croptopia:lime":6,"croptopia:plum":2,"minecraft:warped_wart_block":3,"framedblocks:framed_double_stairs":15,"minecraft:ink_sac":1,"minecraft:barrel":17,"minecraft:dark_oak_log":638,"minecraft:red_terracotta":3,"minecraft:bundle":8,"mcwfences:oak_stockade_fence":13,"alexsmobs:guster_eye":1,"minecraft:miner_pottery_sherd":1,"chipped:small_magma_block_bricks":10,"minecraft:bread":29,"alexsmobs:maggot":4,"minecraft:spruce_leaves":736,"minecraft:coarse_dirt":272,"minecraft:crafting_table":6,"minecraft:nether_wart":1628,"chipped:loded_red_nether_bricks":39,"minecraft:mourner_pottery_sherd":1,"minecraft:orange_stained_glass_pane":1,"chipped:shroomlight_lodestone_side":1,"minecraft:cartography_table":1,"croptopia:avocado":2,"minecraft:beef":25,"croptopia:coconut":2,"chipped:engraved_nether_bricks":4,"minecraft:chest":2,"chipped:mason_table":2,"minecraft:egg":4,"chipped:loded_netherrack":4,"minecraft:sandstone":159,"chipped:raster_red_stained_glass":2,"minecraft:oak_door":6,"minecraft:spruce_fence":49,"minecraft:skull_pottery_sherd":1,"minecraft:carrot":2453,"minecraft:redstone":167,"minecraft:tnt":9,"minecraft:beetroot_seeds":1,"minecraft:diamond_boots":1,"minecraft:gold_ingot":11,"tombstone:essence_of_undeath":3,"minecraft:glow_berries":1,"framedblocks:framed_slab_edge":4,"minecraft:white_wool":113,"minecraft:stripped_oak_log":30,"born_in_chaos_v1:pumpkin_staff":2,"minecraft:red_mushroom":8,"minecraft:filled_map":1,"minecraft:oak_log":1225,"minecraft:ancient_debris":4,"framedblocks:framed_slab":24,"minecraft:white_banner":9,"tombstone:gift":2,"sophisticatedbackpacks:upgrade_base":1,"minecraft:stone_bricks":3,"minecraft:kelp":5,"minecraft:cobweb":2,"mcwwindows:red_mosaic_glass_pane":1,"minecraft:glass_bottle":7,"minecraft:iron_sword":1,"minecraft:flowering_azalea":11,"elevatorid:elevator_white":9,"born_in_chaos_v1:ethereal_spirit":12,"storagedrawers:spruce_full_drawers_2":3,"minecraft:gravel":1008,"minecraft:prize_pottery_sherd":1,"minecraft:spruce_sapling":145,"minecraft:spruce_log":2266,"minecraft:red_stained_glass":6,"minecraft:stone_axe":1,"croptopia:orange":42,"minecraft:scute":1,"minecraft:diamond_axe":1,"minecraft:gray_wool":1,"minecraft:warped_roots":27,"minecraft:warped_nylium":39,"minecraft:stripped_dark_oak_log":2,"minecraft:crimson_nylium":100,"minecraft:ender_pearl":7,"minecraft:wheat":704,"chipped:cobbled_nether_bricks":19,"immersiveengineering:craftingtable":2,"minecraft:potion":1,"born_in_chaos_v1:bloody_gadfly_eye":3,"born_in_chaos_v1:black_argillite":90,"minecraft:raw_copper":393,"born_in_chaos_v1:dark_upgrade":1,"minecraft:sea_pickle":3,"minecraft:furnace":9,"minecraft:stick":401,"chipped:iron_bowl_soul_lantern":3,"minecraft:oak_fence":12,"born_in_chaos_v1:phantom_powder":5,"minecraft:torch":175,"minecraft:porkchop":16,"tombstone:grave_dust":47,"simplyswords:diamond_warglaive":1,"minecraft:nether_gold_ore":12,"born_in_chaos_v1:sea_terror_eye":4,"mcwfences:spruce_pyramid_gate":14,"mcwfences:nether_brick_pillar_wall":28,"chipped:large_diamond_red_stained_glass":17,"chipped:layed_netherrack_bricks":5,"minecraft:magma_cream":1,"minecraft:wither_skeleton_skull":2,"minecraft:lapis_lazuli":46,"born_in_chaos_v1:staffofthe_summoner":1,"chipped:magma_block_bricks":4,"born_in_chaos_v1:monster_skin":12,"minecraft:green_candle":3,"minecraft:raw_gold":36,"chipped:vertical_stiped_red_stained_glass":8,"minecraft:oak_planks":215,"framedblocks:framing_saw":3,"minecraft:pink_stained_glass_pane":1,"minecraft:poisonous_potato":27,"minecraft:sand":2420,"connectedglass:clear_glass_red":62,"minecraft:dead_bush":1,"minecraft:cyan_bed":3,"minecraft:chiseled_sandstone":2,"chipped:smooth_inlayed_nether_bricks":22,"minecraft:clay":1,"born_in_chaos_v1:fire_dust":382,"minecraft:spruce_boat":4,"minecraft:diamond":76,"sophisticatedbackpacks:feeding_upgrade":1,"minecraft:oak_sapling":373,"minecraft:chicken":3,"minecraft:gold_block":3,"chipped:layed_magma_block_bricks":71,"minecraft:iron_axe":3,"minecraft:item_frame":1,"croptopia:pear":21,"minecraft:candle":16,"minecraft:oak_boat":3,"minecraft:lectern":430,"minecraft:sugar_cane":41,"minecraft:spruce_trapdoor":37,"minecraft:dark_oak_sapling":70,"minecraft:raw_iron":43,"minecraft:orange_dye":1,"mcwwindows:spruce_curtain_rod":1,"minecraft:music_disc_relic":2,"minecraft:red_stained_glass_pane":2,"chipped:reinforced_spruce_crate":8,"mcwwindows:red_mosaic_glass":3,"mcwfences:nether_brick_railing_gate":1,"minecraft:friend_pottery_sherd":1,"connectedglass:clear_glass_yellow":5,"minecraft:howl_pottery_sherd":1,"minecraft:arrow":138,"chipped:fancy_orange_stained_glass":8,"framedblocks:framed_trapdoor":88,"framedblocks:framed_sliced_stairs_panel":2,"chipped:curly_nether_bricks_pillar":81,"minecraft:saddle":4,"born_in_chaos_v1:trident_hayfork":2,"born_in_chaos_v1:fused_bone":4,"minecraft:air":0,"minecraft:burn_pottery_sherd":1,"minecraft:glow_ink_sac":1,"minecraft:salmon":4,"minecraft:cut_sandstone":17,"minecraft:nether_wart_block":5,"minecraft:cobblestone_stairs":1,"mcwwindows:oak_four_window":10,"minecraft:wooden_hoe":2,"mcwwindows:nether_brick_arrow_slit":48,"mcwfences:modern_nether_brick_wall":10,"sophisticatedbackpacks:tank_upgrade":1,"minecraft:soul_sand":227,"minecraft:oak_slab":77,"minecraft:book":18,"minecraft:scaffolding":234,"minecraft:pumpkin":5,"chipped:spiraled_nether_bricks":13,"born_in_chaos_v1:dark_rod":3,"minecraft:mud_brick_wall":2,"minecraft:blast_furnace":7,"minecraft:white_bed":29,"minecraft:spider_eye":11,"tombstone:magic_scroll":8,"minecraft:coal":363},"minecraft:broken":{"minecraft:diamond_helmet":4,"minecraft:shears":2,"minecraft:diamond_shovel":1,"minecraft:diamond_pickaxe":1,"minecraft:iron_hoe":1,"minecraft:diamond_leggings":1,"minecraft:shield":1,"minecraft:iron_pickaxe":3,"minecraft:iron_shovel":3,"minecraft:diamond_boots":2,"minecraft:stone_axe":1,"minecraft:stone_shovel":1,"minecraft:diamond_chestplate":1,"minecraft:diamond_axe":2,"minecraft:chainmail_boots":1,"minecraft:golden_sword":3,"minecraft:iron_axe":5,"minecraft:flint_and_steel":1,"minecraft:golden_axe":1},"minecraft:killed":{"born_in_chaos_v1:mr_pumpkin":14,"born_in_chaos_v1:zombie_lumberjack":2,"born_in_chaos_v1:sir_the_headless":2,"born_in_chaos_v1:pumpkin_spirit":2,"minecraft:zombie_horse":2,"born_in_chaos_v1:bone_imp":12,"minecraft:iron_golem":12,"minecraft:pillager":19,"minecraft:zombie":63,"minecraft:evoker":6,"minecraft:vindicator":13,"born_in_chaos_v1:firelight":22,"goblintraders:goblin_trader":1,"minecraft:rabbit":1,"born_in_chaos_v1:bloody_gadfly":3,"minecraft:zombified_piglin":171,"minecraft:witch":6,"minecraft:spider":25,"minecraft:piglin":10,"minecraft:zombie_villager":1,"born_in_chaos_v1:glutton_fish":2,"alexsmobs:crimson_mosquito":10,"minecraft:sheep":17,"minecraft:trader_llama":11,"minecraft:ghast":5,"born_in_chaos_v1:siamese_skeletonsleft":2,"minecraft:vex":16,"alexsmobs:tasmanian_devil":1,"minecraft:slime":14,"born_in_chaos_v1:zombie_bruiser":1,"alexsmobs:blue_jay":2,"minecraft:drowned":2,"born_in_chaos_v1:corpse_fish":5,"born_in_chaos_v1:baby_skeleton":1,"minecraft:hoglin":3,"alexsmobs:cockroach":1,"tombstone:spectral_wolf":4,"minecraft:wither_skeleton":15,"minecraft:villager":1,"minecraft:cave_spider":2,"born_in_chaos_v1:restless_spirit":10,"born_in_chaos_v1:door_knight_not_despawn":1,"born_in_chaos_v1:siamese_skeletonsright":2,"born_in_chaos_v1:baby_skeleton_minion":1,"minecraft:skeleton":19,"minecraft:chicken":3,"born_in_chaos_v1:skeleton_thrasher":1,"born_in_chaos_v1:supreme_bonescaller_stage_2":1,"minecraft:cat":1,"minecraft:magma_cube":33,"alexsmobs:maned_wolf":1,"minecraft:cow":11,"alexsmobs:seagull":2,"born_in_chaos_v1:pumpkinhead":2,"minecraft:horse":5,"born_in_chaos_v1:barrel_zombie":4,"alexsmobs:guster":2,"born_in_chaos_v1:bone_imp_minion":6,"minecraft:wandering_trader":3,"born_in_chaos_v1:decrepit_skeleton":6,"born_in_chaos_v1:dark_vortex":1,"minecraft:enderman":8,"alexsmobs:hummingbird":1,"minecraft:pig":4,"born_in_chaos_v1:diamond_termite":3,"minecraft:creeper":10,"alexsmobs:warped_toad":1,"minecraft:stray":1,"alexsmobs:fly":1,"minecraft:blaze":99,"alexsmobs:dropbear":14,"alexsmobs:tarantula_hawk":2,"born_in_chaos_v1:zombie_clown_not_despawn":1,"alexsmobs:rattlesnake":2,"born_in_chaos_v1:maggot":165,"alexsmobs:flying_fish":3,"born_in_chaos_v1:mr_pumpkin_controlled":4,"mowziesmobs:baby_foliaath":2,"born_in_chaos_v1:phantom_creeper_copy":2}},"DataVersion":3465}