{"stats":{"minecraft:used":{"minecraft:spruce_slab":219,"minecraft:polished_blackstone":1,"sophisticatedbackpacks:copper_backpack":4,"minecraft:ladder":8,"minecraft:chest":11,"minecraft:stone":141,"minecraft:soul_sand":190,"chipped:magma_block_bricks":4,"minecraft:brick_slab":1,"mcwwindows:oak_four_window":49,"born_in_chaos_v1:soul_cutlass":3,"minecraft:azure_bluet":4,"minecraft:spruce_boat":1,"minecraft:lava_bucket":130,"minecraft:grass_block":2,"minecraft:birch_sapling":1,"chipped:bordered_netherrack":73,"born_in_chaos_v1:mint_candy":1,"chipped:checkered_nether_bricks_tiles":15,"minecraft:bow":193,"minecraft:furnace":16,"minecraft:oak_sapling":18,"minecraft:egg":4,"minecraft:potato":115,"mowziesmobs:foliaath_seed":2,"minecraft:diorite":2,"minecraft:spruce_door":1,"minecraft:red_stained_glass":387,"minecraft:blackstone":2,"storagedrawers:spruce_full_drawers_2":18,"elevatorid:elevator_white":2,"minecraft:golden_apple":3,"minecraft:sand":21,"simplyswords:diamond_warglaive":4,"minecraft:blast_furnace":7,"croptopia:nectarine":2,"minecraft:lectern":145,"chipped:layed_magma_block_bricks":140,"minecraft:fire_charge":1,"minecraft:diamond_sword":1059,"chipped:cut_red_nether_bricks_column":477,"minecraft:oak_boat":3,"chipped:fine_nether_bricks_pillar":42,"born_in_chaos_v1:dark_ritual_dagger":4,"minecraft:oak_trapdoor":33,"camera:image_frame":1,"alexsmobs:banana_peel":2,"minecraft:polished_blackstone_brick_slab":1,"minecraft:stone_sword":8,"minecraft:carved_pumpkin":1,"chipped:ornate_nether_bricks_pillar":77,"born_in_chaos_v1:black_argillite_slab":9,"minecraft:polished_blackstone_wall":2,"minecraft:netherrack":1703,"chipped:tiny_layered_magma_block_bricks":3,"minecraft:orange_stained_glass":404,"minecraft:torch":451,"minecraft:brewing_stand":2,"minecraft:anvil":1,"minecraft:nether_brick_slab":66,"mcwfences:oak_horse_fence":72,"minecraft:nether_brick_stairs":39,"simplyswords:diamond_scythe":211,"minecraft:iron_axe":629,"minecraft:brick_stairs":1,"minecraft:totem_of_undying":2,"minecraft:barrel":19,"minecraft:bamboo":28,"tombstone:gift":19,"minecraft:cobbled_deepslate":1,"chipped:loded_netherrack":4,"minecraft:golden_axe":32,"sophisticatedbackpacks:gold_backpack":1,"minecraft:wheat_seeds":248,"chipped:tiny_netherrack_bricks":259,"minecraft:water_bucket":25,"fantasyfurniture:venthyr/desk_left":1,"minecraft:polished_blackstone_bricks":4,"born_in_chaos_v1:black_argillite_stairs":11,"minecraft:mossy_cobblestone":14,"minecraft:oak_slab":388,"minecraft:crafting_table":7,"croptopia:apple_sapling":8,"mcwwindows:spruce_curtain_rod":1,"minecraft:white_bed":15,"minecraft:spruce_log":198,"minecraft:oak_log":706,"minecraft:oxeye_daisy":1,"minecraft:diamond_pickaxe":15960,"minecraft:cornflower":2,"minecraft:diamond_shovel":5379,"chipped:small_magma_block_bricks":13,"minecraft:iron_pickaxe":750,"born_in_chaos_v1:staffofthe_summoner":15,"minecraft:spruce_trapdoor":41,"chipped:reinforced_spruce_crate":2,"minecraft:spruce_sapling":21,"minecraft:crimson_nylium":36,"fantasyfurniture:furniture_station":1,"minecraft:cobblestone":947,"minecraft:cooked_porkchop":4,"mcwfences:nether_brick_pillar_wall":25,"minecraft:brush":127,"minecraft:stripped_oak_log":7,"croptopia:pear_sapling":2,"minecraft:dandelion":2,"minecraft:iron_shovel":713,"born_in_chaos_v1:intoxicating_decoction":1,"minecraft:shield":1,"minecraft:nether_wart":146,"chipped:edged_nether_bricks_bricks":9,"chipped:cracked_magma_block_bricks":98,"minecraft:spruce_leaves":831,"minecraft:nether_bricks":35,"minecraft:carrot":429,"cataclysm:stone_tiles":3,"minecraft:obsidian":18,"minecraft:milk_bucket":2,"minecraft:glass":13,"tombstone:decorative_grave_simple":1,"minecraft:coal_ore":16,"minecraft:lantern":5,"minecraft:warped_nylium":12,"minecraft:crimson_roots":15,"minecraft:item_frame":1,"chipped:massive_netherrack_bricks":9,"minecraft:golden_sword":7,"minecraft:magma_block":2992,"minecraft:scaffolding":131,"minecraft:written_book":3,"mcwfences:spruce_pyramid_gate":16,"chipped:tiny_nether_bricks_bricks":7,"minecraft:wither_skeleton_skull":2,"chipped:engraved_nether_bricks":5,"minecraft:oak_planks":229,"minecraft:sugar_cane":27,"minecraft:diamond_axe":1334,"mcwfences:modern_nether_brick_wall":6,"minecraft:white_wool":9,"mcwwindows:nether_brick_arrow_slit":75,"simplyswords:iron_chakram":3,"minecraft:light_gray_terracotta":1,"minecraft:shears":706,"minecraft:dark_oak_log":3,"minecraft:heavy_weighted_pressure_plate":1,"minecraft:bread":149,"mcwfences:oak_stockade_fence":63,"born_in_chaos_v1:pumpkin_staff":1,"tombstone:grave_key":15,"born_in_chaos_v1:marigolds":11,"minecraft:gravel":2,"minecraft:grindstone":1,"born_in_chaos_v1:river_mint":3,"minecraft:andesite":3,"minecraft:coarse_dirt":28,"minecraft:bone_meal":112,"minecraft:cobweb":4,"minecraft:oak_fence":11,"minecraft:rose_bush":4,"sophisticatedbackpacks:iron_backpack":5,"minecraft:flint_and_steel":67,"minecraft:stone_shovel":142,"minecraft:spruce_planks":320,"born_in_chaos_v1:black_argillite":1,"minecraft:cooked_chicken":2,"minecraft:oak_door":4,"minecraft:red_nether_brick_slab":61,"minecraft:dirt":1646,"minecraft:hopper":11,"minecraft:spruce_stairs":267,"minecraft:diamond_helmet":1,"minecraft:oak_wood":7,"minecraft:spruce_fence":131,"minecraft:iron_hoe":455,"minecraft:yellow_stained_glass":7,"minecraft:bookshelf":4,"minecraft:oak_stairs":304,"chipped:smooth_nether_bricks_column":9,"chipped:cobbled_nether_bricks":10,"mcwfences:spruce_horse_fence":38,"minecraft:cooked_beef":1,"born_in_chaos_v1:trident_hayfork":263,"minecraft:cooked_mutton":8,"mcwwindows:oak_window2":4,"minecraft:baked_potato":368,"minecraft:red_nether_bricks":1,"croptopia:apricot":8,"minecraft:spruce_sign":1,"minecraft:warped_roots":4,"minecraft:stripped_dark_oak_log":1,"chipped:mason_table":1,"born_in_chaos_v1:cultivated_pumpkin":1,"tombstone:bag_of_seeds":3,"minecraft:apple":21,"croptopia:orange_sapling":4,"minecraft:stone_axe":51,"minecraft:crimson_fungus":2,"croptopia:peach_sapling":4,"minecraft:mud_brick_wall":2,"minecraft:white_banner":3,"minecraft:bucket":179,"chipped:smooth_inlayed_nether_bricks":144,"chipped:nether_bricks_scales":6},"minecraft:killed":{"minecraft:cave_spider":2,"born_in_chaos_v1:mr_pumpkin":14,"born_in_chaos_v1:restless_spirit":1,"born_in_chaos_v1:zombie_lumberjack":2,"born_in_chaos_v1:door_knight_not_despawn":1,"born_in_chaos_v1:sir_the_headless":2,"born_in_chaos_v1:pumpkin_spirit":1,"minecraft:zombie_horse":2,"born_in_chaos_v1:baby_skeleton_minion":1,"minecraft:skeleton":13,"minecraft:chicken":3,"born_in_chaos_v1:supreme_bonescaller_stage_2":1,"minecraft:magma_cube":14,"born_in_chaos_v1:bone_imp":10,"minecraft:iron_golem":10,"minecraft:pillager":17,"minecraft:zombie":36,"alexsmobs:maned_wolf":1,"minecraft:cow":7,"minecraft:evoker":6,"minecraft:vindicator":13,"alexsmobs:seagull":1,"born_in_chaos_v1:firelight":18,"born_in_chaos_v1:pumpkinhead":2,"minecraft:horse":3,"born_in_chaos_v1:barrel_zombie":2,"born_in_chaos_v1:bone_imp_minion":6,"minecraft:wandering_trader":2,"born_in_chaos_v1:bloody_gadfly":2,"born_in_chaos_v1:dark_vortex":1,"minecraft:enderman":4,"minecraft:witch":6,"minecraft:zombified_piglin":168,"minecraft:spider":25,"minecraft:piglin":7,"minecraft:pig":4,"born_in_chaos_v1:glutton_fish":2,"minecraft:creeper":4,"alexsmobs:crimson_mosquito":4,"minecraft:sheep":17,"minecraft:trader_llama":7,"minecraft:stray":1,"minecraft:ghast":2,"alexsmobs:fly":1,"minecraft:blaze":19,"alexsmobs:dropbear":8,"minecraft:vex":16,"born_in_chaos_v1:zombie_clown_not_despawn":1,"alexsmobs:tasmanian_devil":1,"minecraft:slime":14,"born_in_chaos_v1:zombie_bruiser":1,"born_in_chaos_v1:maggot":62,"alexsmobs:blue_jay":2,"born_in_chaos_v1:corpse_fish":4,"born_in_chaos_v1:mr_pumpkin_controlled":4,"mowziesmobs:baby_foliaath":2,"minecraft:hoglin":1,"born_in_chaos_v1:phantom_creeper_copy":2,"tombstone:spectral_wolf":4,"minecraft:wither_skeleton":15},"minecraft:crafted":{"minecraft:smooth_stone":3,"minecraft:yellow_wool":16,"born_in_chaos_v1:death_totem":1,"minecraft:orange_stained_glass":160,"minecraft:blaze_powder":2,"alexsmobs:banana_peel":2,"sophisticatedbackpacks:crafting_upgrade":1,"croptopia:avocado_sapling":1,"minecraft:nether_brick":946,"minecraft:cooked_mutton":19,"mcwfences:nether_brick_pillar_wall":10,"minecraft:glass":1351,"minecraft:diamond_helmet":3,"minecraft:diamond_leggings":2,"minecraft:tipped_arrow":5,"mcwwindows:oak_window2":24,"minecraft:emerald":622,"minecraft:cooked_porkchop":8,"minecraft:diamond_axe":2,"minecraft:spruce_door":3,"minecraft:copper_ingot":1,"minecraft:red_nether_bricks":406,"minecraft:oak_wood":6,"mcwwindows:window_base":72,"naturescompass:naturescompass":1,"minecraft:compass":1,"minecraft:iron_pickaxe":4,"minecraft:gold_ingot":57,"storagedrawers:upgrade_template":20,"minecraft:nautilus_shell":5,"minecraft:stone_shovel":1,"minecraft:iron_nugget":36,"storagedrawers:spruce_full_drawers_2":18,"minecraft:bone_meal":181,"minecraft:spruce_fence":39,"minecraft:white_carpet":15,"alexsmobs:acacia_blossom":4,"storagedrawers:emerald_storage_upgrade":4,"croptopia:peach_sapling":4,"born_in_chaos_v1:pieceofdarkmetal":9,"minecraft:spruce_stairs":28,"minecraft:spruce_slab":84,"minecraft:ender_pearl":9,"minecraft:diamond_boots":2,"minecraft:redstone_block":1,"minecraft:dark_oak_planks":88,"minecraft:wheat":9,"sophisticatedbackpacks:gold_backpack":1,"minecraft:bone":6,"minecraft:enchanted_book":6,"minecraft:orange_dye":54,"minecraft:red_stained_glass":320,"mcwfences:spruce_horse_fence":33,"storagedrawers:iron_storage_upgrade":2,"mcwfences:oak_horse_fence":81,"minecraft:oak_stairs":224,"minecraft:iron_leggings":6,"minecraft:iron_shovel":2,"minecraft:white_bed":3,"elevatorid:elevator_yellow":2,"minecraft:brick":1,"mcwwindows:window_half_bar_base":72,"minecraft:oak_planks":1316,"minecraft:barrel":9,"minecraft:cooked_chicken":3,"born_in_chaos_v1:black_argillite_stairs":12,"minecraft:stone":107,"minecraft:heavy_weighted_pressure_plate":1,"minecraft:green_dye":9,"minecraft:hopper":25,"born_in_chaos_v1:dark_ritual_dagger":1,"minecraft:chest":60,"minecraft:rail":16,"minecraft:red_nether_brick_slab":54,"mcwwindows:nether_brick_arrow_slit":3,"mcwfences:modern_nether_brick_wall":6,"minecraft:oak_slab":216,"sophisticatedbackpacks:backpack":2,"minecraft:arrow":192,"minecraft:crafting_table":4,"mcwwindows:window_centre_bar_base":48,"minecraft:spruce_planks":5172,"minecraft:baked_potato":978,"tombstone:decorative_grave_simple":1,"mcwfences:spruce_pyramid_gate":15,"minecraft:hopper_minecart":4,"minecraft:birch_planks":52,"minecraft:spruce_trapdoor":30,"born_in_chaos_v1:staffofthe_summoner":1,"minecraft:book":1,"minecraft:iron_chestplate":4,"minecraft:yellow_dye":71,"minecraft:shield":12,"minecraft:stick":8887,"minecraft:iron_ingot":40,"mcwwindows:oak_four_window":48,"croptopia:pear_sapling":2,"minecraft:shears":7,"minecraft:nether_wart":384,"croptopia:apple_sapling":8,"minecraft:nether_brick_slab":12,"minecraft:mangrove_propagule":1,"simplyswords:diamond_scythe":1,"minecraft:furnace":8,"minecraft:blast_furnace":1,"minecraft:piston":1,"minecraft:oak_trapdoor":52,"minecraft:flint_and_steel":1,"minecraft:scaffolding":42,"born_in_chaos_v1:bone_handle":2,"minecraft:iron_axe":3,"mcwfences:oak_stockade_fence":51,"minecraft:iron_hoe":3,"minecraft:netherite_scrap":5,"minecraft:minecart":11,"sophisticatedbackpacks:iron_backpack":2,"minecraft:cooked_beef":3,"minecraft:sugar":2,"minecraft:red_dye":52,"croptopia:orange_sapling":4,"minecraft:nether_bricks":64,"minecraft:bucket":13,"minecraft:air":0,"minecraft:bread":153,"minecraft:jungle_planks":8,"minecraft:oak_boat":1,"tombstone:dark_marble":4,"born_in_chaos_v1:black_argillite_slab":12,"minecraft:anvil":1,"minecraft:torch":360,"storagedrawers:oak_half_drawers_2":4,"minecraft:diamond_chestplate":2},"minecraft:broken":{"minecraft:diamond_helmet":3,"minecraft:shears":2,"minecraft:chainmail_boots":1,"minecraft:golden_sword":3,"minecraft:diamond_shovel":1,"minecraft:diamond_pickaxe":1,"minecraft:iron_hoe":1,"minecraft:diamond_leggings":1,"minecraft:shield":1,"minecraft:iron_axe":5,"minecraft:iron_pickaxe":3,"minecraft:iron_shovel":3,"minecraft:diamond_boots":2,"minecraft:stone_axe":1,"minecraft:stone_shovel":1,"minecraft:diamond_chestplate":1,"minecraft:flint_and_steel":1,"minecraft:golden_axe":1,"minecraft:diamond_axe":2},"minecraft:dropped":{"minecraft:clay":1,"minecraft:piston":1,"chipped:bordered_netherrack":4,"minecraft:porkchop":3,"minecraft:lapis_lazuli":9,"minecraft:cooked_beef":2,"minecraft:glass_bottle":1,"minecraft:diamond":3,"elevatorid:elevator_white":2,"minecraft:cooked_porkchop":4,"minecraft:crossbow":6,"minecraft:warped_roots":21,"born_in_chaos_v1:dark_ritual_dagger":1,"minecraft:rail":16,"minecraft:leather_helmet":1,"sophisticatedbackpacks:gold_backpack":1,"minecraft:emerald":13,"minecraft:dirt":454,"minecraft:yellow_dye":2,"chipped:carpenters_table":1,"minecraft:gold_nugget":6,"born_in_chaos_v1:trident_hayfork":1,"minecraft:bone_meal":10,"minecraft:sand":2,"minecraft:sugar":2,"minecraft:iron_pickaxe":1,"minecraft:white_wool":2,"minecraft:bone":13,"minecraft:polished_blackstone_wall":1,"minecraft:iron_nugget":21,"minecraft:cooked_chicken":1,"minecraft:cobbled_deepslate":1,"minecraft:wheat":203,"minecraft:birch_sapling":4,"tombstone:gift":1,"minecraft:rotten_flesh":85,"minecraft:oak_planks":2,"chipped:reinforced_spruce_crate":12,"minecraft:white_bed":1,"minecraft:red_stained_glass_pane":2,"minecraft:yellow_stained_glass_pane":1,"croptopia:broccoli_seed":1,"minecraft:hopper":12,"minecraft:ladder":1,"minecraft:spruce_slab":4,"minecraft:glass":331,"born_in_chaos_v1:marigolds":1,"minecraft:enchanted_book":2,"born_in_chaos_v1:intoxicating_decoction":1,"minecraft:blue_stained_glass_pane":1,"minecraft:wheat_seeds":100,"minecraft:mourner_pottery_sherd":1,"minecraft:book":3,"minecraft:cobblestone":835,"croptopia:orange":34,"minecraft:apple":44,"born_in_chaos_v1:soul_cutlass":2,"minecraft:coal":9,"minecraft:golden_apple":2,"minecraft:oxeye_daisy":3,"minecraft:ink_sac":1,"minecraft:wooden_hoe":2,"minecraft:oak_stairs":4,"minecraft:white_banner":1,"minecraft:chainmail_leggings":1,"minecraft:paper":12,"minecraft:string":6,"minecraft:spruce_sapling":111,"minecraft:skull_pottery_sherd":1,"minecraft:pink_stained_glass_pane":1,"alexsmobs:banana_peel":1,"mcwwindows:oak_four_window":1,"minecraft:stone_sword":2,"born_in_chaos_v1:rotten_fish":3,"minecraft:stone_shovel":1,"minecraft:white_carpet":15,"minecraft:spruce_fence":38,"minecraft:shears":3,"mcwfences:spruce_horse_fence":5,"minecraft:potato":277,"minecraft:stone":1518,"minecraft:spruce_planks":66,"minecraft:spruce_trapdoor":23,"minecraft:bundle":2,"minecraft:diamond_pickaxe":2,"croptopia:pear":17,"minecraft:spider_eye":8,"minecraft:stone_bricks":1,"sophisticatedbackpacks:copper_backpack":2,"minecraft:red_sand":1,"minecraft:magma_block":11,"minecraft:crimson_nylium":12,"minecraft:orange_dye":1,"minecraft:warped_fungus":8,"minecraft:oak_log":7,"minecraft:baked_potato":535,"minecraft:ender_pearl":2,"minecraft:dark_oak_sapling":6,"minecraft:leather":1,"minecraft:flint":9,"minecraft:spruce_leaves":384,"minecraft:dark_oak_log":613,"minecraft:cornflower":1,"minecraft:crimson_roots":9,"minecraft:seagrass":2,"minecraft:gilded_blackstone":3,"immersiveengineering:raw_lead":1,"minecraft:birch_log":19,"minecraft:gravel":37,"minecraft:prize_pottery_sherd":1,"minecraft:crimson_fungus":3,"minecraft:blackstone":1,"born_in_chaos_v1:fire_dust":13,"born_in_chaos_v1:ethereal_spirit":1,"minecraft:diamond_shovel":1,"minecraft:cooked_mutton":11,"croptopia:asparagus_seed":2,"minecraft:carrot":296,"minecraft:chainmail_chestplate":1,"minecraft:poppy":5,"minecraft:gunpowder":1,"born_in_chaos_v1:corpse_maggot":7,"minecraft:beetroot_seeds":1,"minecraft:melon_seeds":2,"minecraft:chest":1,"minecraft:chainmail_boots":1,"minecraft:blackstone_slab":2,"minecraft:arrow":4,"minecraft:scaffolding":83,"immersiveengineering:seed":111,"minecraft:quartz":2,"minecraft:written_book":2,"minecraft:netherrack":244,"minecraft:bread":35,"minecraft:oak_slab":15,"minecraft:stripped_spruce_log":2,"minecraft:minecart":34,"elevatorid:elevator_yellow":2,"minecraft:diamond_leggings":2,"minecraft:poisonous_potato":6,"simplyswords:diamond_warglaive":1,"minecraft:hopper_minecart":4,"minecraft:spruce_stairs":24,"minecraft:stick":138,"minecraft:blue_dye":2,"minecraft:diorite":2,"born_in_chaos_v1:river_mint":2,"minecraft:milk_bucket":2,"minecraft:nether_gold_ore":2,"minecraft:torch":31,"tombstone:grave_key":1,"born_in_chaos_v1:staffofthe_summoner":1,"minecraft:nether_wart_block":2,"alexsmobs:dropbear_claw":1,"tombstone:grave_dust":2,"immersiveengineering:shader_bag_epic":1,"minecraft:iron_axe":1,"minecraft:dandelion":11,"minecraft:redstone_block":1,"minecraft:smooth_basalt":1,"alexsmobs:maggot":2,"minecraft:warped_nylium":8,"minecraft:oak_trapdoor":1,"minecraft:blaze_rod":5,"minecraft:coarse_dirt":50,"minecraft:nether_wart":26,"minecraft:raw_iron":2,"mcwfences:oak_stockade_fence":1,"minecraft:iron_hoe":1,"croptopia:cherry":1,"cataclysm:stone_tiles":256,"minecraft:red_terracotta":3,"minecraft:flint_and_steel":1,"minecraft:gray_terracotta":1,"minecraft:diamond_chestplate":1,"minecraft:golden_leggings":1,"minecraft:oak_boat":1,"minecraft:oak_sapling":166,"minecraft:golden_sword":8,"minecraft:miner_pottery_sherd":1,"minecraft:spruce_log":112,"croptopia:peach":18,"minecraft:raw_gold":1,"minecraft:brick":1},"minecraft:picked_up":{"minecraft:seagrass":2,"minecraft:chainmail_boots":2,"minecraft:lead":7,"minecraft:diamond_sword":1,"minecraft:oak_stairs":192,"minecraft:enchanted_book":15,"chipped:tiny_layered_magma_block_bricks":2,"minecraft:brewing_stand":4,"minecraft:golden_sword":21,"chipped:edged_nether_bricks_bricks":9,"minecraft:string":55,"minecraft:red_nether_bricks":1,"minecraft:blue_stained_glass_pane":1,"minecraft:beetroot":1,"minecraft:diamond_leggings":2,"minecraft:gold_nugget":215,"minecraft:cobbled_deepslate":2,"minecraft:spruce_planks":59,"chipped:checkered_nether_bricks_tiles":15,"minecraft:written_book":3,"minecraft:polished_blackstone_brick_slab":1,"immersiveengineering:shader_bag_epic":1,"minecraft:sheaf_pottery_sherd":3,"born_in_chaos_v1:shattered_skull":1,"minecraft:composter":1,"chipped:cracked_magma_block_bricks":2,"born_in_chaos_v1:fel_soil":32,"minecraft:stone_sword":6,"croptopia:persimmon":9,"minecraft:blue_dye":3,"minecraft:iron_block":2,"minecraft:carved_pumpkin":2,"minecraft:bookshelf":4,"chipped:fine_nether_bricks_pillar":4,"minecraft:white_terracotta":47,"born_in_chaos_v1:cultivated_pumpkin":4,"minecraft:blaze_rod":9,"chipped:bordered_netherrack":36,"minecraft:host_armor_trim_smithing_template":3,"minecraft:birch_log":64,"minecraft:magma_block":3179,"minecraft:feather":4,"born_in_chaos_v1:spiritual_dust":4,"minecraft:jungle_log":2,"chipped:ornate_nether_bricks_pillar":33,"minecraft:flint":120,"minecraft:lantern":1,"minecraft:brown_candle":1,"born_in_chaos_v1:marigolds":42,"minecraft:gray_terracotta":1,"minecraft:diamond_helmet":1,"minecraft:glowstone_dust":2,"croptopia:lime":6,"croptopia:plum":2,"minecraft:stripped_spruce_log":2,"sophisticatedbackpacks:iron_backpack":4,"minecraft:ink_sac":1,"minecraft:dark_oak_log":638,"minecraft:red_terracotta":3,"minecraft:barrel":16,"cataclysm:stone_tiles":255,"mcwfences:oak_stockade_fence":13,"minecraft:bundle":7,"minecraft:iron_hoe":1,"croptopia:cherry":10,"minecraft:miner_pottery_sherd":1,"chipped:small_magma_block_bricks":10,"minecraft:bread":29,"alexsmobs:maggot":4,"minecraft:rooted_dirt":4,"born_in_chaos_v1:rotten_fish":44,"minecraft:crimson_roots":28,"minecraft:diamond_pickaxe":5,"sophisticatedbackpacks:gold_backpack":2,"minecraft:spruce_leaves":736,"minecraft:crafting_table":6,"minecraft:coarse_dirt":249,"minecraft:nether_wart":716,"minecraft:clay_ball":16,"born_in_chaos_v1:seedof_chaos":6,"minecraft:mourner_pottery_sherd":1,"minecraft:cornflower":5,"minecraft:flint_and_steel":1,"camera:image_frame":1,"born_in_chaos_v1:intoxicating_decoction":2,"minecraft:iron_shovel":1,"minecraft:polished_blackstone_wall":2,"minecraft:cartography_table":1,"croptopia:avocado":2,"minecraft:beef":15,"minecraft:poppy":37,"minecraft:spruce_slab":25,"chipped:engraved_nether_bricks":1,"minecraft:chest":2,"minecraft:birch_sapling":8,"minecraft:egg":4,"minecraft:copper_ore":22,"chipped:loded_netherrack":4,"minecraft:stone":5311,"minecraft:oak_door":6,"minecraft:spruce_fence":49,"minecraft:skull_pottery_sherd":1,"born_in_chaos_v1:pieceofdarkmetal":12,"minecraft:carrot":1019,"minecraft:redstone":100,"minecraft:stone_shovel":1,"minecraft:diamond_chestplate":1,"minecraft:beetroot_seeds":1,"minecraft:diamond_boots":1,"minecraft:hay_block":1,"tombstone:essence_of_undeath":3,"minecraft:gold_ingot":11,"minecraft:totem_of_undying":5,"sophisticatedbackpacks:copper_backpack":6,"minecraft:polished_blackstone":1,"minecraft:mutton":25,"minecraft:heartbreak_pottery_sherd":2,"minecraft:white_wool":68,"minecraft:oxeye_daisy":6,"minecraft:stripped_oak_log":30,"born_in_chaos_v1:monster_flesh":4,"born_in_chaos_v1:pumpkin_staff":2,"minecraft:yellow_dye":2,"minecraft:blackstone_slab":2,"minecraft:red_mushroom":8,"minecraft:filled_map":1,"minecraft:oak_log":1218,"minecraft:ancient_debris":4,"alexsmobs:mosquito_proboscis":1,"tombstone:gift":2,"minecraft:white_banner":8,"sophisticatedbackpacks:upgrade_base":1,"born_in_chaos_v1:soul_cutlass":3,"minecraft:apple":88,"mcwwindows:oak_window2":4,"minecraft:stone_bricks":1,"minecraft:kelp":5,"minecraft:yellow_stained_glass":7,"minecraft:cobweb":2,"tombstone:bag_of_seeds":4,"minecraft:glass_bottle":7,"minecraft:iron_sword":1,"minecraft:flowering_azalea":2,"elevatorid:elevator_white":2,"minecraft:smooth_basalt":1,"minecraft:milk_bucket":1,"minecraft:sweet_berries":8,"born_in_chaos_v1:orbofthe_summoner":1,"born_in_chaos_v1:ethereal_spirit":6,"storagedrawers:spruce_full_drawers_2":1,"minecraft:gravel":1007,"minecraft:spruce_sapling":133,"minecraft:prize_pottery_sherd":1,"tombstone:decorative_grave_simple":1,"minecraft:spruce_log":1804,"minecraft:crying_obsidian":2,"minecraft:leather_helmet":1,"chipped:cut_red_nether_bricks_column":9,"minecraft:oak_wood":7,"minecraft:diamond_shovel":3,"minecraft:red_stained_glass":3,"minecraft:coal_ore":29,"minecraft:slime_ball":18,"immersiveengineering:seed":331,"minecraft:stone_axe":1,"croptopia:orange":42,"minecraft:diamond_axe":1,"minecraft:scute":1,"minecraft:gray_wool":1,"minecraft:warped_roots":25,"minecraft:red_nether_brick_slab":1,"minecraft:baked_potato":20,"minecraft:warped_nylium":20,"minecraft:stripped_dark_oak_log":2,"minecraft:crimson_nylium":76,"immersiveengineering:raw_silver":10,"minecraft:hopper":2,"minecraft:ender_pearl":3,"minecraft:wheat":690,"chipped:cobbled_nether_bricks":10,"minecraft:potion":1,"minecraft:gilded_blackstone":3,"born_in_chaos_v1:bloody_gadfly_eye":2,"born_in_chaos_v1:holiday_candy":56,"born_in_chaos_v1:black_argillite":90,"minecraft:raw_copper":173,"born_in_chaos_v1:dark_upgrade":1,"minecraft:red_candle":3,"alexsmobs:dropbear_claw":6,"minecraft:sea_pickle":3,"immersiveengineering:raw_lead":48,"alexsmobs:blood_sac":1,"minecraft:red_sand":1,"minecraft:bucket":1,"minecraft:rose_bush":27,"minecraft:azalea":3,"born_in_chaos_v1:stimulating_decoction":2,"alexsmobs:banana_peel":1,"minecraft:furnace":9,"minecraft:tipped_arrow":1,"minecraft:stick":382,"minecraft:oak_fence":11,"born_in_chaos_v1:phantom_powder":5,"minecraft:torch":160,"minecraft:spruce_stairs":7,"minecraft:porkchop":12,"tombstone:grave_dust":40,"minecraft:diorite":4,"fantasyfurniture:furniture_station":1,"minecraft:andesite_wall":1,"simplyswords:diamond_warglaive":1,"minecraft:nether_gold_ore":8,"minecraft:rotten_flesh":220,"born_in_chaos_v1:sea_terror_eye":4,"mcwfences:spruce_pyramid_gate":14,"mcwfences:nether_brick_pillar_wall":16,"chipped:tiny_nether_bricks_bricks":7,"minecraft:obsidian":48,"minecraft:cobblestone":10145,"minecraft:raiser_armor_trim_smithing_template":3,"croptopia:nectarine":9,"minecraft:andesite":4,"minecraft:golden_leggings":1,"minecraft:potato":1426,"chipped:massive_netherrack_bricks":9,"fantasyfurniture:venthyr/desk_left":1,"minecraft:wither_skeleton_skull":2,"minecraft:lapis_lazuli":46,"minecraft:dirt":3423,"born_in_chaos_v1:black_argillite_stairs":11,"born_in_chaos_v1:staffofthe_summoner":1,"minecraft:name_tag":1,"chipped:magma_block_bricks":4,"born_in_chaos_v1:monster_skin":12,"minecraft:glass":342,"minecraft:bone":55,"minecraft:bow":3,"minecraft:wheat_seeds":1538,"minecraft:green_candle":3,"minecraft:raw_gold":13,"minecraft:grindstone":2,"minecraft:bamboo":70,"camera:image":3,"minecraft:oak_planks":210,"chipped:smooth_nether_bricks_column":9,"minecraft:pink_stained_glass_pane":1,"minecraft:poisonous_potato":12,"minecraft:sand":1338,"immersiveengineering:raw_aluminum":107,"minecraft:nether_brick_stairs":13,"minecraft:dead_bush":1,"minecraft:grass_block":3,"minecraft:mossy_cobblestone":34,"minecraft:light_gray_terracotta":1,"chipped:smooth_inlayed_nether_bricks":20,"minecraft:sugar":1,"minecraft:clay":1,"born_in_chaos_v1:fire_dust":27,"minecraft:diamond":2,"minecraft:spruce_boat":1,"minecraft:yellow_stained_glass_pane":1,"minecraft:crossbow":6,"minecraft:bone_meal":12,"sophisticatedbackpacks:feeding_upgrade":1,"minecraft:spruce_sign":1,"minecraft:emerald":203,"minecraft:oak_sapling":371,"minecraft:netherrack":4376,"born_in_chaos_v1:sea_terror_stomach":2,"minecraft:azure_bluet":4,"minecraft:chicken":3,"born_in_chaos_v1:river_mint":20,"croptopia:peach":26,"minecraft:brown_mushroom":8,"minecraft:gold_block":1,"minecraft:chain":4,"mcwfences:spruce_horse_fence":10,"minecraft:brick":1,"minecraft:orange_stained_glass":20,"chipped:layed_magma_block_bricks":53,"minecraft:oak_trapdoor":9,"minecraft:iron_axe":3,"minecraft:item_frame":1,"minecraft:blackstone":3,"croptopia:pear":21,"minecraft:candle":16,"minecraft:oak_boat":3,"minecraft:lectern":145,"minecraft:sugar_cane":41,"minecraft:spruce_trapdoor":34,"minecraft:dark_oak_sapling":70,"minecraft:raw_iron":39,"minecraft:orange_dye":1,"minecraft:music_disc_relic":2,"mcwwindows:spruce_curtain_rod":1,"chipped:tiny_netherrack_bricks":38,"minecraft:red_stained_glass_pane":2,"chipped:reinforced_spruce_crate":8,"minecraft:polished_blackstone_bricks":4,"minecraft:friend_pottery_sherd":1,"minecraft:howl_pottery_sherd":1,"minecraft:purple_candle":3,"minecraft:arrow":134,"minecraft:nether_bricks":414,"immersiveengineering:shader":1,"minecraft:saddle":4,"minecraft:brick_stairs":2,"born_in_chaos_v1:trident_hayfork":2,"born_in_chaos_v1:corpse_maggot":36,"minecraft:burn_pottery_sherd":1,"minecraft:salmon":4,"minecraft:leather":12,"chipped:nether_bricks_scales":6,"minecraft:crimson_fungus":5,"minecraft:chainmail_chestplate":1,"minecraft:nether_wart_block":2,"minecraft:gunpowder":9,"minecraft:cobblestone_stairs":1,"minecraft:wooden_hoe":2,"mcwwindows:oak_four_window":10,"minecraft:heart_pottery_sherd":1,"mcwwindows:nether_brick_arrow_slit":38,"mcwfences:modern_nether_brick_wall":6,"minecraft:iron_ingot":52,"sophisticatedbackpacks:tank_upgrade":1,"minecraft:soul_sand":217,"minecraft:book":6,"minecraft:tropical_fish_bucket":1,"minecraft:scaffolding":234,"minecraft:oak_slab":77,"minecraft:warped_fungus":9,"minecraft:black_candle":5,"croptopia:apricot":12,"minecraft:pumpkin":5,"minecraft:quartz":8,"minecraft:dandelion":97,"born_in_chaos_v1:dark_rod":3,"minecraft:amethyst_shard":4,"minecraft:mud_brick_wall":2,"minecraft:blast_furnace":6,"minecraft:white_bed":14,"minecraft:nether_brick_slab":42,"minecraft:spider_eye":11,"minecraft:brick_slab":1,"minecraft:pumpkin_seeds":78,"mcwfences:oak_horse_fence":3,"minecraft:chainmail_leggings":1,"minecraft:terracotta":2,"tombstone:magic_scroll":7,"simplyswords:iron_chakram":1,"minecraft:coal":310},"minecraft:killed_by":{"born_in_chaos_v1:nightmare_stalker":1,"minecraft:pillager":1,"minecraft:ravager":2,"minecraft:vindicator":6,"minecraft:zombie":1,"minecraft:vex":6,"born_in_chaos_v1:lifestealer_true_form":1,"minecraft:stray":1,"cataclysm:netherite_monstrosity":2,"minecraft:zombified_piglin":3,"minecraft:wither_skeleton":1,"alexsmobs:dropbear":3,"minecraft:blaze":1,"minecraft:witch":1,"minecraft:player":2,"minecraft:spider":1,"born_in_chaos_v1:bone_imp":1,"minecraft:enderman":1,"minecraft:iron_golem":1,"mowziesmobs:ferrous_wroughtnaut":1},"minecraft:mined":{"minecraft:red_nether_brick_slab":9,"born_in_chaos_v1:cultivated_pumpkin":4,"chipped:cobbled_nether_bricks":10,"minecraft:white_bed":13,"chipped:nether_bricks_scales":6,"minecraft:red_nether_bricks":1,"minecraft:obsidian":48,"cataclysm:stone_tiles":164,"minecraft:carved_pumpkin":1,"chipped:tiny_layered_magma_block_bricks":3,"minecraft:red_sand":1,"born_in_chaos_v1:dark_metal_deposit":9,"minecraft:hopper":2,"minecraft:crimson_fungus":3,"minecraft:oxeye_daisy":3,"minecraft:nether_wart":13,"minecraft:spawner":9,"minecraft:polished_blackstone_bricks":3,"chipped:ornate_nether_bricks_pillar":33,"minecraft:magma_block":3336,"chipped:layed_magma_block_bricks":68,"minecraft:barrel":15,"minecraft:fire":92,"minecraft:pumpkin":5,"minecraft:nether_brick_stairs":20,"chipped:bordered_netherrack":36,"minecraft:dirt_path":132,"minecraft:small_amethyst_bud":1,"minecraft:oak_stairs":192,"minecraft:white_banner":1,"minecraft:iron_block":2,"minecraft:brown_mushroom":4,"minecraft:crimson_nylium":149,"minecraft:soul_fire":34,"minecraft:amethyst_cluster":1,"minecraft:torch":22,"minecraft:blast_furnace":6,"minecraft:nether_brick_slab":46,"minecraft:glass":13,"minecraft:sugar_cane":29,"minecraft:birch_sapling":5,"minecraft:white_terracotta":47,"minecraft:chain":3,"minecraft:wheat":11,"chipped:checkered_nether_bricks_tiles":15,"minecraft:warped_fungus":6,"mcwfences:spruce_pyramid_gate":14,"chipped:engraved_nether_bricks":1,"minecraft:grass":1169,"minecraft:dark_oak_sapling":29,"tombstone:decorative_grave_simple":1,"minecraft:smooth_basalt":1,"mcwfences:modern_nether_brick_wall":6,"minecraft:yellow_stained_glass":7,"born_in_chaos_v1:infernal_evil_pumpkin_s":1,"minecraft:deepslate":2,"minecraft:suspicious_gravel":15,"minecraft:mossy_cobblestone":34,"minecraft:dark_oak_log":3,"minecraft:nether_bricks":423,"minecraft:spruce_fence":49,"born_in_chaos_v1:black_argillite":90,"minecraft:crimson_roots":12,"born_in_chaos_v1:fel_soil":33,"minecraft:red_mushroom":8,"minecraft:cartography_table":1,"immersiveengineering:ore_silver":10,"minecraft:redstone_ore":22,"mcwwindows:oak_four_window":10,"chipped:edged_nether_bricks_bricks":9,"minecraft:andesite":4,"chipped:fine_nether_bricks_pillar":4,"chipped:tiny_nether_bricks_bricks":7,"chipped:reinforced_spruce_crate":2,"born_in_chaos_v1:black_argillite_slab":9,"minecraft:potatoes":5,"minecraft:bamboo":7,"minecraft:white_wool":9,"immersiveengineering:ore_aluminum":107,"minecraft:oak_slab":69,"mcwfences:oak_horse_fence":3,"minecraft:glass_pane":16,"minecraft:soul_sand":232,"chipped:smooth_inlayed_nether_bricks":20,"chipped:magma_block_bricks":4,"minecraft:dandelion":88,"minecraft:cornflower":4,"minecraft:warped_roots":10,"minecraft:copper_ore":69,"minecraft:tall_grass":349,"minecraft:diorite":4,"mcwwindows:oak_window2":4,"minecraft:red_terracotta":3,"minecraft:coarse_dirt":249,"mcwfences:spruce_horse_fence":10,"minecraft:spruce_log":28,"minecraft:gravel":1117,"minecraft:cobweb":4,"minecraft:polished_blackstone":1,"minecraft:stone_bricks":1,"minecraft:gold_ore":12,"minecraft:fern":2,"minecraft:spruce_planks":26,"minecraft:oak_sapling":51,"minecraft:farmland":49,"minecraft:cobblestone_stairs":1,"sophisticatedbackpacks:gold_backpack":2,"minecraft:orange_stained_glass":22,"minecraft:brewing_stand":3,"minecraft:spruce_trapdoor":34,"minecraft:grass_block":1094,"sophisticatedbackpacks:iron_backpack":3,"minecraft:polished_blackstone_brick_slab":1,"minecraft:mud_brick_wall":2,"minecraft:gilded_blackstone":3,"minecraft:iron_ore":38,"minecraft:azure_bluet":4,"immersiveengineering:ore_lead":39,"chipped:tiny_netherrack_bricks":40,"minecraft:azalea":1,"sophisticatedbackpacks:copper_backpack":1,"minecraft:spruce_slab":22,"chipped:smooth_nether_bricks_column":9,"minecraft:gray_terracotta":1,"minecraft:polished_blackstone_wall":2,"minecraft:blackstone":3,"minecraft:clay":4,"minecraft:light_gray_terracotta":1,"minecraft:poppy":25,"minecraft:chest":1,"minecraft:mushroom_stem":22,"minecraft:nether_quartz_ore":9,"minecraft:cobblestone":333,"minecraft:grindstone":2,"minecraft:oak_planks":210,"minecraft:wall_torch":16,"minecraft:warped_nylium":86,"chipped:loded_netherrack":4,"minecraft:nether_wart_block":2,"immersiveengineering:deepslate_ore_lead":9,"born_in_chaos_v1:river_mint":16,"minecraft:oak_log":318,"chipped:cracked_magma_block_bricks":2,"minecraft:sand":1275,"minecraft:dirt":1824,"minecraft:netherrack":3839,"minecraft:ancient_debris":3,"minecraft:oak_leaves":3,"mcwwindows:nether_brick_arrow_slit":39,"minecraft:nether_gold_ore":28,"minecraft:crying_obsidian":2,"minecraft:oak_door":5,"minecraft:candle":8,"minecraft:red_stained_glass":5,"fantasyfurniture:furniture_station":1,"chipped:cut_red_nether_bricks_column":9,"minecraft:glow_lichen":1,"fantasyfurniture:venthyr/desk_left":1,"minecraft:decorated_pot":1,"minecraft:brick_stairs":2,"minecraft:spruce_leaves":758,"minecraft:rooted_dirt":4,"minecraft:large_fern":2,"storagedrawers:spruce_full_drawers_2":1,"mcwfences:nether_brick_pillar_wall":16,"minecraft:oak_trapdoor":9,"minecraft:spruce_sapling":19,"minecraft:furnace":9,"minecraft:carrots":5,"minecraft:nether_sprouts":5,"minecraft:stripped_spruce_log":2,"minecraft:gold_block":1,"minecraft:bookshelf":4,"minecraft:lantern":1,"minecraft:stripped_oak_log":30,"minecraft:stone":6755,"minecraft:scaffolding":87,"born_in_chaos_v1:marigolds":42,"minecraft:stripped_dark_oak_log":1,"minecraft:oak_fence":11,"minecraft:crafting_table":6,"minecraft:blackstone_slab":3,"minecraft:oak_wood":7,"born_in_chaos_v1:black_argillite_stairs":11,"born_in_chaos_v1:black_argillite_brick_n":1,"minecraft:rose_bush":13,"minecraft:lectern":145,"chipped:massive_netherrack_bricks":9,"minecraft:lapis_ore":6,"mcwfences:oak_stockade_fence":13,"minecraft:spruce_stairs":7,"minecraft:brick_slab":1,"mcwwindows:spruce_curtain_rod":1,"chipped:small_magma_block_bricks":13,"elevatorid:elevator_white":1,"minecraft:coal_ore":308,"minecraft:terracotta":2},"minecraft:custom":{"minecraft:interact_with_crafting_table":155,"minecraft:open_barrel":27,"goblintraders:trade_with_goblin":919,"minecraft:leave_game":42,"minecraft:time_since_death":88368,"minecraft:damage_blocked_by_shield":450,"minecraft:play_time":2632802,"minecraft:deaths":50,"minecraft:jump":37119,"minecraft:interact_with_furnace":366,"minecraft:traded_with_villager":356,"minecraft:interact_with_cartography_table":1,"minecraft:sleep_in_bed":149,"minecraft:waystone_activated":2,"tombstone:sneak_grave":1,"minecraft:damage_dealt":110503,"tombstone:undead_killed":264,"minecraft:interact_with_anvil":15,"minecraft:inspect_hopper":1,"minecraft:damage_dealt_absorbed":328,"minecraft:sneak_time":171137,"minecraft:interact_with_blast_furnace":3,"minecraft:total_world_time":2632802,"tombstone:raider_killed":42,"minecraft:interact_with_stonecutter":1,"minecraft:time_since_rest":1284,"minecraft:swim_one_cm":189597,"minecraft:fly_one_cm":7995174,"minecraft:open_chest":618,"minecraft:fall_one_cm":830116,"minecraft:animals_bred":7,"minecraft:sprint_one_cm":6691317,"minecraft:drop":807,"minecraft:talked_to_villager":347,"minecraft:interact_with_brewingstand":9,"minecraft:walk_on_water_one_cm":82884,"minecraft:player_kills":2,"minecraft:crouch_one_cm":561792,"tombstone:villager_killed":2,"minecraft:mob_kills":714,"minecraft:damage_dealt_resisted":5165,"minecraft:climb_one_cm":431683,"minecraft:walk_one_cm":7728200,"minecraft:raid_win":2,"minecraft:walk_under_water_one_cm":86916,"minecraft:interact_with_grindstone":1,"minecraft:damage_absorbed":120,"minecraft:damage_taken":39166}},"DataVersion":3465}