{"stats":{"minecraft:picked_up":{"minecraft:wheat":478,"minecraft:chainmail_boots":1,"minecraft:lead":4,"minecraft:diamond_sword":1,"minecraft:oak_stairs":192,"minecraft:enchanted_book":1,"born_in_chaos_v1:bloody_gadfly_eye":1,"minecraft:brewing_stand":1,"born_in_chaos_v1:black_argillite":89,"minecraft:string":41,"minecraft:raw_copper":115,"immersiveengineering:raw_lead":47,"minecraft:diamond_leggings":1,"minecraft:cobbled_deepslate":2,"minecraft:spruce_planks":28,"minecraft:written_book":2,"born_in_chaos_v1:stimulating_decoction":2,"minecraft:furnace":8,"minecraft:tipped_arrow":1,"minecraft:stick":329,"born_in_chaos_v1:shattered_skull":1,"minecraft:oak_fence":10,"minecraft:torch":94,"minecraft:spruce_stairs":6,"minecraft:porkchop":9,"tombstone:grave_dust":7,"minecraft:diorite":4,"fantasyfurniture:furniture_station":1,"simplyswords:diamond_warglaive":1,"minecraft:rotten_flesh":37,"croptopia:persimmon":9,"born_in_chaos_v1:sea_terror_eye":4,"mcwfences:spruce_pyramid_gate":14,"minecraft:iron_block":2,"minecraft:carved_pumpkin":2,"minecraft:bookshelf":4,"minecraft:white_terracotta":47,"born_in_chaos_v1:cultivated_pumpkin":4,"minecraft:cobblestone":6905,"minecraft:birch_log":39,"minecraft:feather":3,"born_in_chaos_v1:spiritual_dust":4,"croptopia:nectarine":8,"minecraft:golden_leggings":1,"minecraft:potato":578,"minecraft:flint":2,"fantasyfurniture:venthyr/desk_left":1,"minecraft:lapis_lazuli":37,"minecraft:dirt":1207,"minecraft:lantern":1,"born_in_chaos_v1:staffofthe_summoner":1,"born_in_chaos_v1:marigolds":10,"minecraft:glass":11,"minecraft:bone":17,"minecraft:bow":2,"minecraft:wheat_seeds":1115,"minecraft:raw_gold":12,"minecraft:diamond_helmet":1,"minecraft:bamboo":70,"minecraft:glowstone_dust":2,"minecraft:oak_planks":210,"croptopia:lime":6,"croptopia:plum":2,"minecraft:poisonous_potato":5,"minecraft:sand":148,"immersiveengineering:raw_aluminum":62,"minecraft:ink_sac":1,"minecraft:dark_oak_log":613,"minecraft:barrel":13,"minecraft:mossy_cobblestone":34,"croptopia:cherry":10,"minecraft:bundle":1,"mcwfences:oak_stockade_fence":13,"minecraft:iron_hoe":1,"minecraft:sugar":1,"minecraft:diamond":2,"minecraft:miner_pottery_sherd":1,"minecraft:crossbow":4,"minecraft:emerald":14,"minecraft:bread":29,"minecraft:rooted_dirt":3,"alexsmobs:maggot":4,"born_in_chaos_v1:rotten_fish":11,"minecraft:oak_sapling":371,"minecraft:netherrack":4,"born_in_chaos_v1:sea_terror_stomach":2,"minecraft:diamond_pickaxe":2,"minecraft:crafting_table":6,"minecraft:coarse_dirt":107,"minecraft:azure_bluet":4,"croptopia:peach":26,"minecraft:chicken":3,"born_in_chaos_v1:river_mint":17,"minecraft:clay_ball":16,"born_in_chaos_v1:seedof_chaos":3,"minecraft:brown_mushroom":8,"minecraft:mourner_pottery_sherd":1,"minecraft:gold_block":1,"minecraft:chain":3,"mcwfences:spruce_horse_fence":10,"minecraft:cornflower":4,"minecraft:oak_trapdoor":9,"minecraft:iron_axe":2,"minecraft:item_frame":1,"minecraft:iron_shovel":1,"croptopia:pear":21,"croptopia:avocado":2,"minecraft:beef":15,"minecraft:oak_boat":3,"minecraft:poppy":17,"minecraft:spruce_slab":22,"minecraft:sugar_cane":29,"minecraft:chest":1,"minecraft:birch_sapling":4,"minecraft:spruce_trapdoor":24,"minecraft:egg":4,"minecraft:dark_oak_sapling":70,"minecraft:raw_iron":37,"minecraft:oak_door":4,"minecraft:spruce_fence":47,"minecraft:skull_pottery_sherd":1,"born_in_chaos_v1:pieceofdarkmetal":9,"minecraft:carrot":296,"minecraft:redstone":100,"minecraft:arrow":130,"minecraft:stone_shovel":1,"minecraft:diamond_chestplate":1,"minecraft:diamond_boots":1,"minecraft:hay_block":1,"minecraft:saddle":4,"minecraft:totem_of_undying":5,"sophisticatedbackpacks:copper_backpack":1,"born_in_chaos_v1:trident_hayfork":2,"minecraft:mutton":25,"minecraft:white_wool":25,"minecraft:oxeye_daisy":6,"minecraft:stripped_oak_log":30,"born_in_chaos_v1:corpse_maggot":8,"born_in_chaos_v1:monster_flesh":1,"minecraft:salmon":4,"minecraft:leather":9,"minecraft:red_mushroom":8,"minecraft:filled_map":1,"minecraft:oak_log":1180,"minecraft:chainmail_chestplate":1,"minecraft:gunpowder":4,"minecraft:cobblestone_stairs":1,"mcwwindows:oak_four_window":7,"tombstone:gift":1,"minecraft:white_banner":6,"sophisticatedbackpacks:upgrade_base":1,"minecraft:apple":87,"mcwwindows:oak_window2":4,"minecraft:iron_ingot":51,"tombstone:bag_of_seeds":1,"minecraft:glass_bottle":2,"minecraft:tropical_fish_bucket":1,"minecraft:scaffolding":75,"minecraft:oak_slab":76,"croptopia:apricot":12,"minecraft:pumpkin":5,"minecraft:sweet_berries":8,"born_in_chaos_v1:orbofthe_summoner":1,"born_in_chaos_v1:ethereal_spirit":5,"minecraft:dandelion":14,"storagedrawers:spruce_full_drawers_2":1,"minecraft:gravel":22,"born_in_chaos_v1:dark_rod":3,"minecraft:amethyst_shard":4,"minecraft:prize_pottery_sherd":1,"minecraft:spruce_sapling":44,"tombstone:decorative_grave_simple":1,"minecraft:white_bed":9,"minecraft:spruce_log":698,"minecraft:spider_eye":5,"minecraft:oak_wood":7,"minecraft:diamond_shovel":1,"minecraft:pumpkin_seeds":22,"mcwfences:oak_horse_fence":3,"minecraft:slime_ball":18,"immersiveengineering:seed":257,"minecraft:stone_axe":1,"minecraft:chainmail_leggings":1,"croptopia:orange":42,"minecraft:diamond_axe":1,"minecraft:scute":1,"minecraft:gray_wool":1,"minecraft:terracotta":2,"minecraft:baked_potato":1,"simplyswords:iron_chakram":1,"minecraft:stripped_dark_oak_log":1,"minecraft:coal":121,"immersiveengineering:raw_silver":10,"minecraft:ender_pearl":1},"minecraft:custom":{"minecraft:animals_bred":7,"minecraft:interact_with_crafting_table":106,"minecraft:open_barrel":25,"goblintraders:trade_with_goblin":17,"minecraft:leave_game":21,"minecraft:time_since_death":182208,"minecraft:sprint_one_cm":3087969,"minecraft:damage_blocked_by_shield":450,"minecraft:drop":249,"minecraft:talked_to_villager":26,"minecraft:play_time":1029195,"minecraft:deaths":24,"minecraft:jump":14188,"minecraft:walk_on_water_one_cm":20942,"minecraft:interact_with_furnace":83,"minecraft:traded_with_villager":51,"minecraft:sleep_in_bed":65,"minecraft:waystone_activated":2,"minecraft:damage_dealt":38126,"minecraft:player_kills":1,"minecraft:crouch_one_cm":90569,"tombstone:undead_killed":32,"tombstone:villager_killed":2,"minecraft:interact_with_anvil":3,"minecraft:mob_kills":190,"minecraft:damage_dealt_resisted":2525,"minecraft:climb_one_cm":38723,"minecraft:walk_one_cm":3568738,"minecraft:damage_dealt_absorbed":80,"minecraft:raid_win":2,"minecraft:sneak_time":38591,"minecraft:walk_under_water_one_cm":9452,"minecraft:total_world_time":1029195,"tombstone:raider_killed":41,"minecraft:interact_with_grindstone":1,"minecraft:interact_with_stonecutter":1,"minecraft:time_since_rest":9335,"minecraft:damage_absorbed":120,"minecraft:damage_taken":14828,"minecraft:swim_one_cm":21290,"minecraft:fly_one_cm":2957872,"minecraft:open_chest":237,"minecraft:fall_one_cm":319172},"minecraft:killed":{"minecraft:cave_spider":2,"minecraft:witch":6,"born_in_chaos_v1:door_knight_not_despawn":1,"born_in_chaos_v1:pumpkin_spirit":1,"minecraft:spider":16,"minecraft:zombie_horse":2,"born_in_chaos_v1:baby_skeleton_minion":1,"minecraft:skeleton":7,"minecraft:chicken":3,"born_in_chaos_v1:supreme_bonescaller_stage_2":1,"minecraft:pig":4,"born_in_chaos_v1:glutton_fish":2,"minecraft:iron_golem":10,"minecraft:sheep":17,"minecraft:trader_llama":5,"minecraft:pillager":16,"minecraft:zombie":11,"minecraft:stray":1,"alexsmobs:fly":1,"minecraft:cow":7,"minecraft:evoker":6,"minecraft:vex":16,"born_in_chaos_v1:zombie_clown_not_despawn":1,"minecraft:vindicator":13,"minecraft:slime":14,"born_in_chaos_v1:zombie_bruiser":1,"born_in_chaos_v1:maggot":5,"minecraft:horse":3,"mowziesmobs:baby_foliaath":1,"born_in_chaos_v1:bone_imp_minion":6,"minecraft:wandering_trader":2,"born_in_chaos_v1:bloody_gadfly":1,"born_in_chaos_v1:dark_vortex":1},"minecraft:killed_by":{"born_in_chaos_v1:nightmare_stalker":1,"minecraft:pillager":1,"minecraft:ravager":2,"minecraft:vindicator":6,"minecraft:witch":1,"minecraft:zombie":1,"minecraft:vex":6,"minecraft:player":1,"minecraft:stray":1,"minecraft:spider":1,"minecraft:iron_golem":1,"mowziesmobs:ferrous_wroughtnaut":1},"minecraft:mined":{"born_in_chaos_v1:cultivated_pumpkin":4,"minecraft:spruce_planks":25,"minecraft:white_bed":8,"minecraft:oak_sapling":51,"minecraft:farmland":23,"minecraft:cobblestone_stairs":1,"minecraft:carved_pumpkin":1,"minecraft:spruce_trapdoor":24,"minecraft:grass_block":593,"born_in_chaos_v1:dark_metal_deposit":8,"minecraft:oxeye_daisy":3,"minecraft:spawner":9,"minecraft:iron_ore":37,"minecraft:barrel":13,"minecraft:fire":13,"minecraft:pumpkin":5,"minecraft:azure_bluet":4,"minecraft:dirt_path":37,"minecraft:small_amethyst_bud":1,"minecraft:oak_stairs":192,"immersiveengineering:ore_lead":38,"minecraft:iron_block":2,"minecraft:spruce_slab":19,"minecraft:brown_mushroom":4,"minecraft:amethyst_cluster":1,"minecraft:clay":4,"minecraft:torch":3,"minecraft:poppy":5,"minecraft:chest":1,"minecraft:mushroom_stem":22,"minecraft:glass":13,"minecraft:cobblestone":263,"minecraft:oak_planks":210,"minecraft:sugar_cane":23,"minecraft:wall_torch":12,"minecraft:birch_sapling":3,"minecraft:white_terracotta":47,"minecraft:chain":3,"minecraft:wheat":3,"immersiveengineering:deepslate_ore_lead":9,"born_in_chaos_v1:river_mint":15,"mcwfences:spruce_pyramid_gate":14,"minecraft:grass":975,"minecraft:oak_log":288,"minecraft:dark_oak_sapling":29,"minecraft:sand":84,"minecraft:dirt":360,"tombstone:decorative_grave_simple":1,"minecraft:netherrack":4,"minecraft:oak_leaves":3,"minecraft:deepslate":2,"minecraft:mossy_cobblestone":34,"minecraft:oak_door":4,"fantasyfurniture:furniture_station":1,"minecraft:dark_oak_log":3,"minecraft:glow_lichen":1,"fantasyfurniture:venthyr/desk_left":1,"born_in_chaos_v1:black_argillite":89,"minecraft:spruce_fence":47,"minecraft:decorated_pot":1,"minecraft:spruce_leaves":6,"minecraft:rooted_dirt":3,"minecraft:red_mushroom":8,"immersiveengineering:ore_silver":10,"minecraft:large_fern":2,"storagedrawers:spruce_full_drawers_2":1,"minecraft:redstone_ore":22,"minecraft:oak_trapdoor":9,"mcwwindows:oak_four_window":7,"minecraft:spruce_sapling":7,"minecraft:furnace":8,"minecraft:carrots":2,"minecraft:andesite":1,"minecraft:gold_block":1,"minecraft:bookshelf":4,"minecraft:potatoes":5,"minecraft:lantern":1,"minecraft:stripped_oak_log":30,"minecraft:bamboo":7,"minecraft:stone":2067,"minecraft:white_wool":9,"immersiveengineering:ore_aluminum":62,"minecraft:oak_slab":68,"minecraft:scaffolding":30,"mcwfences:oak_horse_fence":3,"minecraft:glass_pane":16,"born_in_chaos_v1:marigolds":10,"minecraft:dandelion":4,"minecraft:oak_fence":10,"minecraft:crafting_table":6,"minecraft:cornflower":4,"minecraft:oak_wood":7,"born_in_chaos_v1:black_argillite_brick_n":1,"minecraft:copper_ore":30,"minecraft:tall_grass":282,"minecraft:lapis_ore":5,"mcwfences:oak_stockade_fence":13,"minecraft:diorite":4,"minecraft:spruce_stairs":6,"mcwwindows:oak_window2":4,"minecraft:coarse_dirt":107,"mcwfences:spruce_horse_fence":10,"minecraft:spruce_log":13,"minecraft:coal_ore":107,"minecraft:gravel":11,"minecraft:terracotta":2,"minecraft:gold_ore":12,"minecraft:fern":2},"minecraft:broken":{"minecraft:iron_shovel":3,"minecraft:diamond_helmet":1,"minecraft:stone_axe":1,"minecraft:stone_shovel":1,"minecraft:iron_hoe":1,"minecraft:shield":1,"minecraft:golden_axe":1,"minecraft:diamond_axe":1,"minecraft:iron_axe":5,"minecraft:iron_pickaxe":3},"minecraft:used":{"minecraft:iron_shovel":713,"minecraft:spruce_slab":218,"sophisticatedbackpacks:copper_backpack":1,"minecraft:ladder":8,"minecraft:shield":1,"minecraft:chest":4,"minecraft:carrot":156,"mcwwindows:oak_four_window":46,"minecraft:azure_bluet":4,"minecraft:milk_bucket":1,"minecraft:glass":13,"tombstone:decorative_grave_simple":1,"minecraft:lantern":5,"born_in_chaos_v1:mint_candy":1,"minecraft:item_frame":1,"minecraft:bow":70,"minecraft:written_book":3,"minecraft:scaffolding":75,"minecraft:oak_sapling":18,"minecraft:furnace":15,"minecraft:egg":4,"minecraft:potato":114,"mowziesmobs:foliaath_seed":2,"mcwfences:spruce_pyramid_gate":16,"minecraft:diorite":2,"minecraft:spruce_door":1,"minecraft:oak_planks":229,"storagedrawers:spruce_full_drawers_2":18,"minecraft:sugar_cane":19,"minecraft:diamond_axe":1088,"minecraft:golden_apple":3,"minecraft:white_wool":9,"minecraft:sand":5,"simplyswords:iron_chakram":3,"simplyswords:diamond_warglaive":4,"minecraft:blast_furnace":1,"croptopia:nectarine":1,"minecraft:dark_oak_log":2,"minecraft:heavy_weighted_pressure_plate":1,"minecraft:bread":120,"mcwfences:oak_stockade_fence":63,"tombstone:grave_key":7,"born_in_chaos_v1:marigolds":10,"minecraft:gravel":1,"minecraft:diamond_sword":124,"born_in_chaos_v1:river_mint":1,"minecraft:oak_boat":3,"minecraft:coarse_dirt":5,"minecraft:bone_meal":55,"minecraft:oak_fence":5,"born_in_chaos_v1:dark_ritual_dagger":4,"minecraft:oak_trapdoor":33,"minecraft:carved_pumpkin":1,"minecraft:stone_shovel":142,"minecraft:spruce_planks":130,"minecraft:dirt":549,"minecraft:oak_door":2,"minecraft:cooked_chicken":2,"minecraft:netherrack":3,"minecraft:torch":209,"minecraft:spruce_stairs":266,"mcwfences:oak_horse_fence":72,"minecraft:oak_wood":7,"minecraft:spruce_fence":129,"minecraft:iron_hoe":455,"minecraft:bookshelf":4,"minecraft:iron_axe":629,"minecraft:oak_stairs":301,"minecraft:totem_of_undying":2,"minecraft:barrel":16,"minecraft:bamboo":28,"tombstone:gift":15,"mcwfences:spruce_horse_fence":38,"minecraft:cooked_beef":1,"minecraft:cobbled_deepslate":1,"minecraft:golden_axe":32,"born_in_chaos_v1:trident_hayfork":263,"minecraft:wheat_seeds":243,"minecraft:cooked_mutton":8,"minecraft:water_bucket":13,"fantasyfurniture:venthyr/desk_left":1,"mcwwindows:oak_window2":4,"minecraft:baked_potato":59,"croptopia:apricot":8,"minecraft:mossy_cobblestone":14,"minecraft:stripped_dark_oak_log":1,"minecraft:oak_slab":386,"minecraft:crafting_table":7,"croptopia:apple_sapling":8,"born_in_chaos_v1:cultivated_pumpkin":1,"minecraft:white_bed":11,"minecraft:spruce_log":100,"tombstone:bag_of_seeds":3,"minecraft:oak_log":702,"minecraft:oxeye_daisy":1,"minecraft:cornflower":2,"minecraft:diamond_pickaxe":2162,"minecraft:apple":21,"minecraft:diamond_shovel":668,"minecraft:iron_pickaxe":750,"born_in_chaos_v1:staffofthe_summoner":15,"minecraft:spruce_trapdoor":40,"croptopia:orange_sapling":4,"minecraft:spruce_sapling":7,"minecraft:stone_axe":51,"fantasyfurniture:furniture_station":1,"minecraft:cobblestone":585,"croptopia:peach_sapling":4,"minecraft:white_banner":1,"minecraft:cooked_porkchop":4,"minecraft:bucket":13,"minecraft:dandelion":1,"minecraft:stripped_oak_log":7,"croptopia:pear_sapling":2},"minecraft:dropped":{"minecraft:cooked_beef":2,"minecraft:oak_log":1,"minecraft:baked_potato":98,"minecraft:diamond":3,"minecraft:dark_oak_sapling":6,"minecraft:cooked_porkchop":4,"minecraft:crossbow":4,"born_in_chaos_v1:dark_ritual_dagger":1,"minecraft:emerald":12,"minecraft:dirt":19,"minecraft:dark_oak_log":611,"chipped:carpenters_table":1,"born_in_chaos_v1:trident_hayfork":1,"minecraft:bone_meal":9,"minecraft:iron_pickaxe":1,"minecraft:birch_log":7,"minecraft:bone":2,"minecraft:prize_pottery_sherd":1,"minecraft:cooked_chicken":1,"minecraft:iron_nugget":4,"minecraft:cobbled_deepslate":1,"minecraft:wheat":4,"minecraft:birch_sapling":1,"born_in_chaos_v1:ethereal_spirit":1,"tombstone:gift":1,"minecraft:rotten_flesh":37,"minecraft:oak_planks":2,"minecraft:cooked_mutton":11,"croptopia:asparagus_seed":2,"minecraft:white_bed":1,"minecraft:carrot":90,"minecraft:chainmail_chestplate":1,"minecraft:poppy":5,"croptopia:broccoli_seed":1,"minecraft:melon_seeds":2,"born_in_chaos_v1:corpse_maggot":6,"minecraft:chainmail_boots":1,"minecraft:ladder":1,"minecraft:spruce_slab":2,"minecraft:arrow":4,"immersiveengineering:seed":85,"minecraft:written_book":2,"minecraft:bread":35,"minecraft:oak_slab":15,"minecraft:wheat_seeds":88,"minecraft:mourner_pottery_sherd":1,"minecraft:poisonous_potato":1,"croptopia:orange":34,"minecraft:cobblestone":1,"minecraft:book":3,"minecraft:apple":40,"simplyswords:diamond_warglaive":1,"minecraft:golden_apple":2,"minecraft:stick":38,"minecraft:oxeye_daisy":3,"minecraft:diorite":2,"born_in_chaos_v1:river_mint":2,"minecraft:torch":6,"tombstone:grave_key":1,"born_in_chaos_v1:staffofthe_summoner":1,"tombstone:grave_dust":2,"minecraft:oak_stairs":4,"minecraft:white_banner":1,"minecraft:iron_axe":1,"minecraft:chainmail_leggings":1,"minecraft:paper":12,"minecraft:string":2,"minecraft:spruce_sapling":37,"minecraft:skull_pottery_sherd":1,"minecraft:dandelion":10,"alexsmobs:maggot":2,"minecraft:oak_trapdoor":1,"mcwwindows:oak_four_window":1,"minecraft:stone_shovel":1,"mcwfences:oak_stockade_fence":1,"minecraft:iron_hoe":1,"croptopia:cherry":1,"minecraft:spruce_fence":38,"minecraft:potato":2,"minecraft:spruce_trapdoor":14,"minecraft:spruce_planks":3,"minecraft:diamond_pickaxe":1,"croptopia:pear":17,"minecraft:golden_leggings":1,"minecraft:oak_sapling":166,"minecraft:miner_pottery_sherd":1,"minecraft:spider_eye":1,"croptopia:peach":18},"minecraft:crafted":{"mcwwindows:window_half_bar_base":72,"minecraft:smooth_stone":3,"minecraft:oak_planks":1120,"minecraft:barrel":9,"minecraft:cooked_chicken":3,"minecraft:stone":7,"sophisticatedbackpacks:crafting_upgrade":1,"croptopia:avocado_sapling":1,"minecraft:heavy_weighted_pressure_plate":1,"minecraft:cooked_mutton":19,"minecraft:glass":64,"born_in_chaos_v1:dark_ritual_dagger":1,"minecraft:chest":23,"minecraft:oak_slab":192,"sophisticatedbackpacks:backpack":1,"mcwwindows:oak_window2":24,"minecraft:emerald":48,"minecraft:cooked_porkchop":8,"minecraft:diamond_axe":1,"minecraft:crafting_table":3,"mcwwindows:window_centre_bar_base":48,"minecraft:spruce_planks":1460,"minecraft:baked_potato":425,"tombstone:decorative_grave_simple":1,"minecraft:spruce_door":3,"mcwfences:spruce_pyramid_gate":15,"minecraft:oak_wood":6,"minecraft:spruce_trapdoor":30,"born_in_chaos_v1:staffofthe_summoner":1,"mcwwindows:window_base":72,"minecraft:stick":1688,"minecraft:iron_ingot":40,"minecraft:iron_pickaxe":4,"minecraft:gold_ingot":27,"mcwwindows:oak_four_window":48,"croptopia:pear_sapling":2,"storagedrawers:upgrade_template":4,"croptopia:apple_sapling":8,"minecraft:stone_shovel":1,"minecraft:iron_nugget":36,"minecraft:furnace":8,"storagedrawers:spruce_full_drawers_2":18,"minecraft:blast_furnace":1,"minecraft:bone_meal":64,"minecraft:spruce_fence":39,"minecraft:oak_trapdoor":52,"croptopia:peach_sapling":4,"minecraft:scaffolding":42,"minecraft:spruce_stairs":28,"born_in_chaos_v1:bone_handle":2,"minecraft:iron_axe":3,"mcwfences:oak_stockade_fence":51,"minecraft:iron_hoe":3,"minecraft:spruce_slab":84,"sophisticatedbackpacks:iron_backpack":1,"minecraft:wheat":9,"minecraft:cooked_beef":3,"croptopia:orange_sapling":4,"sophisticatedbackpacks:gold_backpack":1,"minecraft:bucket":2,"minecraft:enchanted_book":2,"minecraft:bread":153,"minecraft:air":0,"minecraft:oak_boat":1,"mcwfences:spruce_horse_fence":33,"storagedrawers:iron_storage_upgrade":2,"mcwfences:oak_horse_fence":81,"tombstone:dark_marble":4,"minecraft:oak_stairs":224,"minecraft:iron_shovel":2,"minecraft:white_bed":3,"minecraft:torch":136}},"DataVersion":3465}