{"stats":{"minecraft:crafted":{"minecraft:smooth_stone":3,"born_in_chaos_v1:death_totem":1,"minecraft:blaze_powder":2,"alexsmobs:banana_peel":2,"sophisticatedbackpacks:crafting_upgrade":1,"croptopia:avocado_sapling":1,"minecraft:cooked_mutton":19,"minecraft:glass":64,"minecraft:diamond_helmet":1,"minecraft:diamond_leggings":1,"minecraft:tipped_arrow":5,"mcwwindows:oak_window2":24,"minecraft:emerald":302,"minecraft:cooked_porkchop":8,"minecraft:diamond_axe":2,"minecraft:spruce_door":3,"minecraft:oak_wood":6,"mcwwindows:window_base":72,"minecraft:iron_pickaxe":4,"minecraft:gold_ingot":27,"storagedrawers:upgrade_template":4,"minecraft:nautilus_shell":5,"minecraft:stone_shovel":1,"minecraft:iron_nugget":36,"storagedrawers:spruce_full_drawers_2":18,"minecraft:bone_meal":64,"minecraft:spruce_fence":39,"storagedrawers:emerald_storage_upgrade":2,"alexsmobs:acacia_blossom":4,"croptopia:peach_sapling":4,"born_in_chaos_v1:pieceofdarkmetal":9,"minecraft:spruce_stairs":28,"minecraft:spruce_slab":84,"minecraft:diamond_boots":1,"minecraft:dark_oak_planks":88,"minecraft:wheat":9,"sophisticatedbackpacks:gold_backpack":1,"minecraft:enchanted_book":5,"mcwfences:spruce_horse_fence":33,"storagedrawers:iron_storage_upgrade":2,"mcwfences:oak_horse_fence":81,"minecraft:oak_stairs":224,"minecraft:iron_shovel":2,"minecraft:white_bed":3,"mcwwindows:window_half_bar_base":72,"minecraft:oak_planks":1120,"minecraft:barrel":9,"minecraft:cooked_chicken":3,"minecraft:stone":11,"minecraft:heavy_weighted_pressure_plate":1,"minecraft:green_dye":9,"born_in_chaos_v1:dark_ritual_dagger":1,"minecraft:chest":25,"minecraft:oak_slab":192,"minecraft:arrow":192,"sophisticatedbackpacks:backpack":1,"minecraft:crafting_table":3,"mcwwindows:window_centre_bar_base":48,"minecraft:spruce_planks":5156,"minecraft:baked_potato":425,"tombstone:decorative_grave_simple":1,"mcwfences:spruce_pyramid_gate":15,"minecraft:spruce_trapdoor":30,"born_in_chaos_v1:staffofthe_summoner":1,"minecraft:stick":8735,"minecraft:iron_ingot":40,"mcwwindows:oak_four_window":48,"croptopia:pear_sapling":2,"croptopia:apple_sapling":8,"minecraft:mangrove_propagule":1,"minecraft:furnace":8,"minecraft:blast_furnace":1,"minecraft:oak_trapdoor":52,"minecraft:flint_and_steel":1,"minecraft:scaffolding":42,"born_in_chaos_v1:bone_handle":2,"minecraft:iron_axe":3,"mcwfences:oak_stockade_fence":51,"minecraft:iron_hoe":3,"sophisticatedbackpacks:iron_backpack":1,"minecraft:cooked_beef":3,"minecraft:sugar":2,"croptopia:orange_sapling":4,"minecraft:bucket":2,"minecraft:air":0,"minecraft:bread":153,"minecraft:jungle_planks":8,"minecraft:oak_boat":1,"tombstone:dark_marble":4,"minecraft:torch":136,"minecraft:diamond_chestplate":1},"minecraft:dropped":{"minecraft:cooked_beef":2,"minecraft:diamond":3,"minecraft:cooked_porkchop":4,"minecraft:crossbow":4,"minecraft:warped_roots":7,"born_in_chaos_v1:dark_ritual_dagger":1,"minecraft:emerald":12,"minecraft:dirt":20,"chipped:carpenters_table":1,"born_in_chaos_v1:trident_hayfork":1,"minecraft:bone_meal":9,"minecraft:sugar":2,"minecraft:iron_pickaxe":1,"minecraft:bone":2,"minecraft:iron_nugget":4,"minecraft:cooked_chicken":1,"minecraft:cobbled_deepslate":1,"minecraft:birch_sapling":1,"minecraft:wheat":4,"tombstone:gift":1,"minecraft:rotten_flesh":39,"minecraft:oak_planks":2,"chipped:reinforced_spruce_crate":12,"minecraft:white_bed":1,"croptopia:broccoli_seed":1,"minecraft:ladder":1,"minecraft:spruce_slab":4,"minecraft:enchanted_book":1,"minecraft:wheat_seeds":88,"minecraft:mourner_pottery_sherd":1,"minecraft:book":3,"croptopia:orange":34,"minecraft:cobblestone":4,"minecraft:apple":41,"minecraft:coal":1,"minecraft:golden_apple":2,"minecraft:oxeye_daisy":3,"minecraft:oak_stairs":4,"minecraft:white_banner":1,"minecraft:chainmail_leggings":1,"minecraft:paper":12,"minecraft:string":3,"minecraft:skull_pottery_sherd":1,"minecraft:spruce_sapling":108,"alexsmobs:banana_peel":1,"mcwwindows:oak_four_window":1,"minecraft:stone_sword":1,"minecraft:stone_shovel":1,"minecraft:spruce_fence":38,"minecraft:potato":2,"minecraft:spruce_trapdoor":14,"minecraft:spruce_planks":66,"minecraft:diamond_pickaxe":1,"croptopia:pear":17,"minecraft:spider_eye":5,"minecraft:stone_bricks":1,"minecraft:magma_block":10,"minecraft:warped_fungus":2,"minecraft:oak_log":1,"minecraft:baked_potato":162,"minecraft:dark_oak_sapling":6,"minecraft:dark_oak_log":611,"minecraft:seagrass":2,"minecraft:birch_log":7,"minecraft:prize_pottery_sherd":1,"born_in_chaos_v1:ethereal_spirit":1,"minecraft:diamond_shovel":1,"minecraft:cooked_mutton":11,"croptopia:asparagus_seed":2,"minecraft:carrot":109,"minecraft:chainmail_chestplate":1,"minecraft:poppy":5,"minecraft:melon_seeds":2,"born_in_chaos_v1:corpse_maggot":6,"minecraft:chainmail_boots":1,"minecraft:arrow":4,"minecraft:quartz":2,"immersiveengineering:seed":85,"minecraft:written_book":2,"minecraft:netherrack":186,"minecraft:bread":35,"minecraft:oak_slab":15,"minecraft:diamond_leggings":2,"minecraft:poisonous_potato":1,"simplyswords:diamond_warglaive":1,"minecraft:stick":86,"born_in_chaos_v1:river_mint":2,"minecraft:diorite":2,"minecraft:torch":6,"born_in_chaos_v1:staffofthe_summoner":1,"tombstone:grave_key":1,"tombstone:grave_dust":2,"minecraft:iron_axe":1,"minecraft:dandelion":10,"alexsmobs:maggot":2,"minecraft:oak_trapdoor":1,"minecraft:raw_iron":1,"mcwfences:oak_stockade_fence":1,"minecraft:iron_hoe":1,"croptopia:cherry":1,"minecraft:flint_and_steel":1,"minecraft:diamond_chestplate":1,"minecraft:golden_leggings":1,"minecraft:oak_sapling":166,"minecraft:miner_pottery_sherd":1,"minecraft:spruce_log":112,"croptopia:peach":18,"minecraft:raw_gold":1},"minecraft:mined":{"born_in_chaos_v1:cultivated_pumpkin":4,"minecraft:white_bed":8,"minecraft:carved_pumpkin":1,"minecraft:obsidian":18,"born_in_chaos_v1:dark_metal_deposit":8,"minecraft:nether_wart":10,"minecraft:oxeye_daisy":3,"minecraft:spawner":9,"minecraft:magma_block":5,"minecraft:fire":20,"minecraft:barrel":14,"minecraft:pumpkin":5,"minecraft:dirt_path":37,"minecraft:oak_stairs":192,"minecraft:small_amethyst_bud":1,"minecraft:iron_block":2,"minecraft:brown_mushroom":4,"minecraft:amethyst_cluster":1,"minecraft:torch":3,"minecraft:glass":13,"minecraft:sugar_cane":23,"minecraft:birch_sapling":3,"minecraft:white_terracotta":47,"minecraft:chain":3,"minecraft:wheat":3,"minecraft:grass":996,"mcwfences:spruce_pyramid_gate":14,"minecraft:dark_oak_sapling":29,"tombstone:decorative_grave_simple":1,"minecraft:deepslate":2,"minecraft:mossy_cobblestone":34,"minecraft:dark_oak_log":3,"minecraft:nether_bricks":35,"minecraft:spruce_fence":47,"born_in_chaos_v1:black_argillite":89,"minecraft:red_mushroom":8,"immersiveengineering:ore_silver":10,"minecraft:redstone_ore":22,"mcwwindows:oak_four_window":10,"minecraft:andesite":1,"chipped:reinforced_spruce_crate":2,"minecraft:potatoes":5,"minecraft:bamboo":7,"minecraft:white_wool":9,"immersiveengineering:ore_aluminum":62,"minecraft:oak_slab":68,"mcwfences:oak_horse_fence":3,"minecraft:glass_pane":16,"minecraft:soul_sand":69,"minecraft:dandelion":4,"minecraft:cornflower":4,"minecraft:warped_roots":1,"minecraft:tall_grass":284,"minecraft:copper_ore":30,"minecraft:diorite":4,"mcwwindows:oak_window2":4,"minecraft:coarse_dirt":109,"mcwfences:spruce_horse_fence":10,"minecraft:spruce_log":28,"minecraft:gravel":11,"minecraft:stone_bricks":1,"minecraft:gold_ore":12,"minecraft:fern":2,"minecraft:spruce_planks":26,"minecraft:oak_sapling":51,"minecraft:farmland":23,"minecraft:cobblestone_stairs":1,"minecraft:brewing_stand":3,"minecraft:spruce_trapdoor":24,"minecraft:grass_block":598,"minecraft:iron_ore":37,"minecraft:azure_bluet":4,"immersiveengineering:ore_lead":38,"minecraft:spruce_slab":22,"minecraft:clay":4,"minecraft:poppy":5,"minecraft:chest":1,"minecraft:mushroom_stem":22,"minecraft:nether_quartz_ore":2,"minecraft:cobblestone":275,"minecraft:grindstone":1,"minecraft:oak_planks":210,"minecraft:wall_torch":12,"minecraft:warped_nylium":37,"immersiveengineering:deepslate_ore_lead":9,"born_in_chaos_v1:river_mint":15,"minecraft:oak_log":288,"minecraft:sand":185,"minecraft:dirt":393,"minecraft:netherrack":436,"minecraft:oak_leaves":3,"minecraft:nether_gold_ore":9,"minecraft:crying_obsidian":1,"minecraft:oak_door":5,"fantasyfurniture:furniture_station":1,"fantasyfurniture:venthyr/desk_left":1,"minecraft:glow_lichen":1,"minecraft:decorated_pot":1,"minecraft:spruce_leaves":6,"minecraft:rooted_dirt":3,"minecraft:large_fern":2,"storagedrawers:spruce_full_drawers_2":1,"minecraft:oak_trapdoor":9,"minecraft:spruce_sapling":19,"minecraft:furnace":8,"minecraft:carrots":2,"minecraft:gold_block":1,"minecraft:bookshelf":4,"minecraft:lantern":1,"minecraft:stripped_oak_log":30,"minecraft:stone":2094,"minecraft:scaffolding":30,"born_in_chaos_v1:marigolds":10,"minecraft:stripped_dark_oak_log":1,"minecraft:oak_fence":10,"minecraft:crafting_table":6,"minecraft:oak_wood":7,"born_in_chaos_v1:black_argillite_brick_n":1,"minecraft:lectern":145,"minecraft:lapis_ore":5,"mcwfences:oak_stockade_fence":13,"minecraft:spruce_stairs":6,"minecraft:coal_ore":107,"minecraft:terracotta":2},"minecraft:used":{"minecraft:spruce_slab":219,"sophisticatedbackpacks:copper_backpack":1,"minecraft:ladder":8,"minecraft:chest":6,"minecraft:soul_sand":43,"mcwwindows:oak_four_window":49,"minecraft:azure_bluet":4,"born_in_chaos_v1:mint_candy":1,"minecraft:bow":70,"minecraft:furnace":15,"minecraft:oak_sapling":18,"minecraft:egg":4,"minecraft:potato":114,"mowziesmobs:foliaath_seed":2,"minecraft:diorite":2,"minecraft:spruce_door":1,"storagedrawers:spruce_full_drawers_2":18,"minecraft:golden_apple":3,"minecraft:sand":9,"simplyswords:diamond_warglaive":4,"minecraft:blast_furnace":1,"croptopia:nectarine":1,"minecraft:lectern":145,"minecraft:diamond_sword":309,"minecraft:oak_boat":3,"born_in_chaos_v1:dark_ritual_dagger":4,"minecraft:oak_trapdoor":33,"alexsmobs:banana_peel":2,"minecraft:carved_pumpkin":1,"minecraft:netherrack":338,"minecraft:torch":209,"minecraft:brewing_stand":2,"mcwfences:oak_horse_fence":72,"minecraft:iron_axe":629,"minecraft:totem_of_undying":2,"minecraft:barrel":17,"minecraft:bamboo":28,"tombstone:gift":18,"minecraft:cobbled_deepslate":1,"minecraft:golden_axe":32,"minecraft:wheat_seeds":243,"minecraft:water_bucket":18,"fantasyfurniture:venthyr/desk_left":1,"minecraft:mossy_cobblestone":14,"minecraft:oak_slab":386,"minecraft:crafting_table":7,"croptopia:apple_sapling":8,"minecraft:white_bed":11,"minecraft:spruce_log":198,"minecraft:oak_log":702,"minecraft:diamond_pickaxe":2746,"minecraft:cornflower":2,"minecraft:oxeye_daisy":1,"minecraft:diamond_shovel":858,"minecraft:iron_pickaxe":750,"born_in_chaos_v1:staffofthe_summoner":15,"minecraft:spruce_trapdoor":40,"chipped:reinforced_spruce_crate":2,"minecraft:spruce_sapling":21,"fantasyfurniture:furniture_station":1,"minecraft:cobblestone":628,"minecraft:cooked_porkchop":4,"minecraft:stripped_oak_log":7,"croptopia:pear_sapling":2,"minecraft:dandelion":1,"minecraft:iron_shovel":713,"minecraft:shield":1,"minecraft:carrot":158,"minecraft:obsidian":18,"minecraft:milk_bucket":1,"minecraft:glass":13,"tombstone:decorative_grave_simple":1,"minecraft:lantern":5,"minecraft:item_frame":1,"minecraft:written_book":3,"minecraft:scaffolding":75,"mcwfences:spruce_pyramid_gate":16,"minecraft:wither_skeleton_skull":2,"minecraft:oak_planks":229,"minecraft:sugar_cane":19,"minecraft:diamond_axe":1281,"minecraft:white_wool":9,"simplyswords:iron_chakram":3,"minecraft:dark_oak_log":3,"minecraft:heavy_weighted_pressure_plate":1,"mcwfences:oak_stockade_fence":63,"minecraft:bread":149,"tombstone:grave_key":9,"born_in_chaos_v1:marigolds":10,"minecraft:gravel":1,"born_in_chaos_v1:river_mint":1,"minecraft:coarse_dirt":8,"minecraft:bone_meal":55,"minecraft:oak_fence":5,"minecraft:flint_and_steel":3,"minecraft:stone_shovel":142,"minecraft:spruce_planks":320,"minecraft:cooked_chicken":2,"minecraft:oak_door":3,"minecraft:dirt":852,"minecraft:spruce_stairs":266,"minecraft:oak_wood":7,"minecraft:spruce_fence":129,"minecraft:iron_hoe":455,"minecraft:bookshelf":4,"minecraft:oak_stairs":301,"mcwfences:spruce_horse_fence":38,"minecraft:cooked_beef":1,"born_in_chaos_v1:trident_hayfork":263,"minecraft:cooked_mutton":8,"mcwwindows:oak_window2":4,"minecraft:baked_potato":145,"croptopia:apricot":8,"minecraft:warped_roots":1,"minecraft:stripped_dark_oak_log":1,"born_in_chaos_v1:cultivated_pumpkin":1,"tombstone:bag_of_seeds":3,"minecraft:apple":21,"croptopia:orange_sapling":4,"minecraft:stone_axe":51,"croptopia:peach_sapling":4,"minecraft:white_banner":1,"minecraft:bucket":19},"minecraft:picked_up":{"minecraft:seagrass":2,"minecraft:chainmail_boots":2,"minecraft:diamond_sword":1,"minecraft:lead":6,"minecraft:oak_stairs":192,"minecraft:enchanted_book":1,"minecraft:brewing_stand":4,"minecraft:string":45,"minecraft:diamond_leggings":2,"minecraft:gold_nugget":39,"minecraft:cobbled_deepslate":2,"minecraft:spruce_planks":59,"minecraft:written_book":2,"born_in_chaos_v1:shattered_skull":1,"minecraft:stone_sword":5,"croptopia:persimmon":9,"minecraft:iron_block":2,"minecraft:carved_pumpkin":2,"minecraft:bookshelf":4,"minecraft:white_terracotta":47,"born_in_chaos_v1:cultivated_pumpkin":4,"minecraft:blaze_rod":2,"minecraft:birch_log":39,"minecraft:magma_block":10,"minecraft:feather":3,"born_in_chaos_v1:spiritual_dust":4,"minecraft:jungle_log":2,"minecraft:flint":2,"minecraft:lantern":1,"born_in_chaos_v1:marigolds":10,"minecraft:diamond_helmet":1,"minecraft:glowstone_dust":2,"croptopia:lime":6,"croptopia:plum":2,"minecraft:ink_sac":1,"minecraft:dark_oak_log":636,"minecraft:barrel":14,"mcwfences:oak_stockade_fence":13,"minecraft:bundle":2,"minecraft:iron_hoe":1,"croptopia:cherry":10,"minecraft:miner_pottery_sherd":1,"minecraft:bread":29,"alexsmobs:maggot":4,"minecraft:rooted_dirt":3,"born_in_chaos_v1:rotten_fish":13,"minecraft:crimson_roots":2,"minecraft:diamond_pickaxe":2,"minecraft:crafting_table":6,"minecraft:coarse_dirt":110,"minecraft:nether_wart":11,"minecraft:clay_ball":16,"born_in_chaos_v1:seedof_chaos":3,"minecraft:mourner_pottery_sherd":1,"minecraft:cornflower":4,"minecraft:flint_and_steel":1,"minecraft:iron_shovel":1,"croptopia:avocado":2,"minecraft:beef":15,"minecraft:poppy":17,"minecraft:spruce_slab":25,"minecraft:chest":1,"minecraft:birch_sapling":4,"minecraft:egg":4,"minecraft:oak_door":5,"minecraft:spruce_fence":47,"minecraft:skull_pottery_sherd":1,"born_in_chaos_v1:pieceofdarkmetal":11,"minecraft:carrot":298,"minecraft:redstone":100,"minecraft:stone_shovel":1,"minecraft:diamond_chestplate":1,"minecraft:diamond_boots":1,"minecraft:hay_block":1,"minecraft:totem_of_undying":5,"sophisticatedbackpacks:copper_backpack":1,"minecraft:mutton":25,"minecraft:white_wool":25,"minecraft:oxeye_daisy":6,"minecraft:stripped_oak_log":30,"born_in_chaos_v1:monster_flesh":1,"minecraft:red_mushroom":8,"minecraft:filled_map":1,"minecraft:oak_log":1180,"tombstone:gift":1,"minecraft:white_banner":6,"sophisticatedbackpacks:upgrade_base":1,"minecraft:apple":88,"mcwwindows:oak_window2":4,"minecraft:stone_bricks":1,"minecraft:kelp":5,"tombstone:bag_of_seeds":1,"minecraft:glass_bottle":2,"minecraft:sweet_berries":8,"born_in_chaos_v1:orbofthe_summoner":1,"born_in_chaos_v1:ethereal_spirit":5,"storagedrawers:spruce_full_drawers_2":1,"minecraft:gravel":22,"minecraft:spruce_sapling":129,"minecraft:prize_pottery_sherd":1,"tombstone:decorative_grave_simple":1,"minecraft:spruce_log":1804,"minecraft:crying_obsidian":1,"minecraft:oak_wood":7,"minecraft:diamond_shovel":2,"minecraft:slime_ball":18,"immersiveengineering:seed":261,"minecraft:stone_axe":1,"croptopia:orange":42,"minecraft:diamond_axe":1,"minecraft:scute":1,"minecraft:gray_wool":1,"minecraft:warped_roots":8,"minecraft:baked_potato":1,"minecraft:stripped_dark_oak_log":2,"immersiveengineering:raw_silver":10,"minecraft:ender_pearl":1,"minecraft:wheat":478,"born_in_chaos_v1:bloody_gadfly_eye":2,"born_in_chaos_v1:black_argillite":89,"minecraft:raw_copper":115,"minecraft:sea_pickle":1,"alexsmobs:dropbear_claw":2,"immersiveengineering:raw_lead":47,"born_in_chaos_v1:stimulating_decoction":2,"alexsmobs:banana_peel":1,"minecraft:furnace":8,"minecraft:tipped_arrow":1,"minecraft:stick":377,"minecraft:oak_fence":10,"born_in_chaos_v1:phantom_powder":2,"minecraft:torch":94,"minecraft:spruce_stairs":6,"minecraft:porkchop":9,"tombstone:grave_dust":16,"minecraft:diorite":4,"fantasyfurniture:furniture_station":1,"simplyswords:diamond_warglaive":1,"minecraft:rotten_flesh":71,"born_in_chaos_v1:sea_terror_eye":4,"mcwfences:spruce_pyramid_gate":14,"minecraft:obsidian":18,"minecraft:cobblestone":6963,"croptopia:nectarine":8,"minecraft:golden_leggings":1,"minecraft:potato":578,"fantasyfurniture:venthyr/desk_left":1,"minecraft:wither_skeleton_skull":2,"minecraft:lapis_lazuli":37,"minecraft:dirt":1321,"born_in_chaos_v1:staffofthe_summoner":1,"minecraft:glass":11,"minecraft:bone":38,"minecraft:bow":2,"minecraft:wheat_seeds":1117,"minecraft:raw_gold":13,"minecraft:grindstone":1,"minecraft:bamboo":70,"camera:image":1,"minecraft:oak_planks":210,"minecraft:poisonous_potato":5,"immersiveengineering:raw_aluminum":62,"minecraft:sand":248,"minecraft:mossy_cobblestone":34,"minecraft:sugar":1,"born_in_chaos_v1:fire_dust":10,"minecraft:diamond":2,"minecraft:crossbow":4,"minecraft:emerald":71,"minecraft:oak_sapling":371,"minecraft:netherrack":1031,"born_in_chaos_v1:sea_terror_stomach":2,"minecraft:azure_bluet":4,"minecraft:chicken":3,"born_in_chaos_v1:river_mint":17,"croptopia:peach":26,"minecraft:brown_mushroom":8,"minecraft:gold_block":1,"minecraft:chain":3,"mcwfences:spruce_horse_fence":10,"minecraft:oak_trapdoor":9,"minecraft:iron_axe":2,"minecraft:item_frame":1,"croptopia:pear":21,"minecraft:oak_boat":3,"minecraft:lectern":145,"minecraft:sugar_cane":29,"minecraft:spruce_trapdoor":24,"minecraft:dark_oak_sapling":70,"minecraft:raw_iron":38,"chipped:reinforced_spruce_crate":8,"minecraft:arrow":130,"minecraft:nether_bricks":33,"minecraft:saddle":4,"born_in_chaos_v1:trident_hayfork":2,"born_in_chaos_v1:corpse_maggot":13,"minecraft:salmon":4,"minecraft:leather":11,"minecraft:chainmail_chestplate":1,"minecraft:gunpowder":6,"minecraft:cobblestone_stairs":1,"mcwwindows:oak_four_window":10,"minecraft:iron_ingot":52,"minecraft:soul_sand":67,"minecraft:book":6,"minecraft:scaffolding":75,"minecraft:tropical_fish_bucket":1,"minecraft:oak_slab":76,"minecraft:warped_fungus":3,"minecraft:pumpkin":5,"croptopia:apricot":12,"minecraft:quartz":2,"minecraft:dandelion":14,"born_in_chaos_v1:dark_rod":3,"minecraft:amethyst_shard":4,"minecraft:white_bed":9,"minecraft:spider_eye":8,"minecraft:pumpkin_seeds":22,"mcwfences:oak_horse_fence":3,"minecraft:chainmail_leggings":1,"minecraft:terracotta":2,"tombstone:magic_scroll":1,"simplyswords:iron_chakram":1,"minecraft:coal":125},"minecraft:broken":{"minecraft:diamond_helmet":1,"minecraft:chainmail_boots":1,"minecraft:iron_hoe":1,"minecraft:shield":1,"minecraft:iron_axe":5,"minecraft:iron_pickaxe":3,"minecraft:iron_shovel":3,"minecraft:diamond_boots":1,"minecraft:stone_axe":1,"minecraft:stone_shovel":1,"minecraft:golden_axe":1,"minecraft:diamond_axe":2},"minecraft:killed":{"minecraft:cave_spider":2,"born_in_chaos_v1:zombie_lumberjack":1,"born_in_chaos_v1:door_knight_not_despawn":1,"born_in_chaos_v1:pumpkin_spirit":1,"minecraft:zombie_horse":2,"born_in_chaos_v1:baby_skeleton_minion":1,"minecraft:skeleton":8,"minecraft:chicken":3,"born_in_chaos_v1:supreme_bonescaller_stage_2":1,"minecraft:magma_cube":1,"born_in_chaos_v1:bone_imp":1,"minecraft:iron_golem":10,"minecraft:pillager":16,"minecraft:zombie":24,"minecraft:cow":7,"minecraft:evoker":6,"minecraft:vindicator":13,"born_in_chaos_v1:firelight":8,"minecraft:horse":3,"born_in_chaos_v1:barrel_zombie":1,"born_in_chaos_v1:bone_imp_minion":6,"minecraft:wandering_trader":2,"born_in_chaos_v1:bloody_gadfly":2,"born_in_chaos_v1:dark_vortex":1,"minecraft:enderman":1,"minecraft:witch":6,"minecraft:spider":19,"minecraft:piglin":1,"minecraft:pig":4,"born_in_chaos_v1:glutton_fish":2,"minecraft:creeper":2,"minecraft:sheep":17,"minecraft:trader_llama":7,"minecraft:stray":1,"alexsmobs:fly":1,"minecraft:blaze":6,"minecraft:vex":16,"born_in_chaos_v1:zombie_clown_not_despawn":1,"minecraft:slime":14,"born_in_chaos_v1:zombie_bruiser":1,"born_in_chaos_v1:maggot":11,"mowziesmobs:baby_foliaath":2,"minecraft:wither_skeleton":15},"minecraft:killed_by":{"born_in_chaos_v1:nightmare_stalker":1,"minecraft:pillager":1,"minecraft:ravager":2,"minecraft:vindicator":6,"minecraft:zombie":1,"minecraft:vex":6,"born_in_chaos_v1:lifestealer_true_form":1,"minecraft:stray":1,"minecraft:wither_skeleton":1,"minecraft:blaze":1,"minecraft:witch":1,"minecraft:player":2,"minecraft:spider":1,"minecraft:iron_golem":1,"mowziesmobs:ferrous_wroughtnaut":1},"minecraft:custom":{"minecraft:interact_with_crafting_table":110,"minecraft:open_barrel":25,"goblintraders:trade_with_goblin":48,"minecraft:leave_game":31,"minecraft:time_since_death":31872,"minecraft:damage_blocked_by_shield":450,"minecraft:play_time":1316087,"minecraft:deaths":31,"minecraft:jump":18750,"minecraft:interact_with_furnace":87,"minecraft:traded_with_villager":307,"minecraft:sleep_in_bed":79,"minecraft:waystone_activated":2,"minecraft:damage_dealt":50981,"tombstone:undead_killed":64,"minecraft:interact_with_anvil":5,"minecraft:damage_dealt_absorbed":80,"minecraft:sneak_time":54108,"minecraft:total_world_time":1316087,"tombstone:raider_killed":41,"minecraft:interact_with_stonecutter":1,"minecraft:time_since_rest":2249,"minecraft:swim_one_cm":36462,"minecraft:fly_one_cm":3993216,"minecraft:open_chest":314,"minecraft:fall_one_cm":408578,"minecraft:animals_bred":7,"minecraft:sprint_one_cm":3859661,"minecraft:drop":328,"minecraft:talked_to_villager":317,"minecraft:interact_with_brewingstand":9,"minecraft:walk_on_water_one_cm":23422,"minecraft:player_kills":2,"minecraft:crouch_one_cm":157488,"tombstone:villager_killed":2,"minecraft:mob_kills":255,"minecraft:damage_dealt_resisted":2525,"minecraft:climb_one_cm":41496,"minecraft:walk_one_cm":4240869,"minecraft:raid_win":2,"minecraft:walk_under_water_one_cm":10293,"minecraft:interact_with_grindstone":1,"minecraft:damage_taken":20797,"minecraft:damage_absorbed":120}},"DataVersion":3465}